frame_id,x,y,z
0,-0.0377229395245057,-0.0559459857354745,-0.002174523351024
1,0.3468586280291429,-0.1489659950519624,-0.0018002606954692
2,0.724845733806068,-0.2386197314816416,-0.0016964718519726
3,1.0968150873791622,-0.3251791963771274,-0.0018378045306987
4,1.4633433983213189,-0.4089163910910346,-0.0021989064418121
5,1.8250073762054304,-0.4901033169759783,-0.0027544252954773
6,2.1823837306043905,-0.5690119753845736,-0.0034790088018589
7,2.536049171091092,-0.6459143676694354,-0.0043473046711215
8,2.886580407238426,-0.7210824951831789,-0.0053339606134296
9,3.234554148619288,-0.794788359278419,-0.0064136243389478
10,3.580547104806569,-0.8673039613077705,-0.0075609435578406
11,3.925135985373164,-0.9389013026238489,-0.0087505659802726
12,4.268897499891962,-1.0098523845792686,-0.0099571393164084
13,4.617224589452837,-1.079759823845227,-0.0111405332614062
14,4.962611051096619,-1.1492833560905835,-0.0122771503043292
15,5.306264704146111,-1.2214628501955151,-0.0133231786748383
16,5.651519938089747,-1.2950644339488775,-0.0141349881888556
17,6.013965441267332,-1.374076890308231,-0.0148713468920589
18,6.3825100460689095,-1.454898830486472,-0.0154980644033209
19,6.742882075630143,-1.5324242493259714,-0.0159729044178311
20,7.097174227762179,-1.6069665713156305,-0.01619473486206
21,7.442373570843806,-1.6779757366714292,-0.0162052582722626
22,7.790274666869074,-1.7485342682239209,-0.0160108324166747
23,8.150084838103828,-1.821038535086848,-0.015600583893589
24,8.511598348780216,-1.893029615629972,-0.0150778535705955
25,8.866657075879848,-1.9626280005786227,-0.014511276775366
26,9.21632524663485,-2.030571158522831,-0.0139612543051769
27,9.5610099115536,-2.0973068534365584,-0.0134874701627776
28,9.900558902728326,-2.1630363278344302,-0.0131315638366076
29,10.234820051916069,-2.2279608241321944,-0.0127931934468556
30,10.562311622742204,-2.2932676757525403,-0.0125807232162452
31,10.88533072518266,-2.3605634663419743,-0.012715606185616
32,11.214270130561392,-2.4268978768167933,-0.0130942700854549
33,11.541540443921328,-2.4914810458107413,-0.0137468119569406
34,11.858162782418322,-2.553180585332013,-0.0146642128357536
35,12.172654770612226,-2.6142428439307315,-0.0157477169223192
36,12.49102864145656,-2.6756031701962333,-0.0169871927981504
37,12.823052648883293,-2.739192010848237,-0.0182140380328192
38,13.154258759918084,-2.8034474486730057,-0.0191827811759543
39,13.481950740690664,-2.868077062508925,-0.019936367051474
40,13.81022286739713,-2.93428516395251,-0.0205757065387273
41,14.141956831481346,-3.003008773476445,-0.0208502412153073
42,14.473188328741458,-3.0708284523307894,-0.0209133086884932
43,14.798559130365732,-3.13534942619032,-0.0207603445030979
44,15.127650453028004,-3.200761716252068,-0.0202250079753856
45,15.464651208371713,-3.268361436425198,-0.0194556852988497
46,15.80708343072753,-3.337754281481338,-0.0184987410838536
47,16.150290925807823,-3.408084355416729,-0.0173232175730565
48,16.48663626457915,-3.476392364780354,-0.0159165772602926
49,16.810553250030043,-3.539929688504115,-0.0142699957266815
50,17.13104012344116,-3.606809303194438,-0.0125135469466267
51,17.448657370769915,-3.6772106498866894,-0.0105361904867857
52,17.76294848718019,-3.75106664912704,-0.008408816490725
53,18.07355841346849,-3.828310221484726,-0.0062660764832979
54,18.380233535510182,-3.908874287600799,-0.0041646588900269
55,18.682821682170346,-3.991705680139922,-0.0022771624668292
56,18.989941903560148,-4.070770467584597,-0.0003400925174308
57,19.292818223885646,-4.150366448560766,0.0015416652787201
58,19.584911213781098,-4.231577829932265,0.0033463284127911
59,19.87864129616316,-4.316382210209144,0.0052939589046306
60,20.1761665607526,-4.402667795756084,0.0073472129747165
61,20.4745639483295,-4.489744080753155,0.0094763197776037
62,20.76506491875485,-4.577946495002805,0.0116906234199787
63,21.049208437249693,-4.667964286660147,0.0138142282410704
64,21.325332060437496,-4.758108282828071,0.0157609084768449
65,21.60251072049466,-4.84800993937318,0.0177603843315304
66,21.880502228606744,-4.941028325406789,0.0197042233544454
67,22.15827754772376,-5.037065336831723,0.0214914251693153
68,22.435529169134835,-5.13531600345942,0.0231746604430762
69,22.7120510167042,-5.232222532385166,0.0251464035124395
70,22.987313831830296,-5.328076098095608,0.0273178341008259
71,23.255442182360564,-5.424568199219711,0.0295248582349388
72,23.51833292919784,-5.517770202586756,0.0315134290724162
73,23.77848084439659,-5.608693134415022,0.0331100727191978
74,24.042197774579485,-5.707528222669665,0.0340832297135724
75,24.3067351597338,-5.808198797141396,0.0343761832934055
76,24.56977242591939,-5.908136510413792,0.0339064300883736
77,24.83095451650157,-6.007810929556256,0.0324340768970074
78,25.09002782999792,-6.11031028640534,0.0299057990981738
79,25.346094568313475,-6.214439708656605,0.0264326468439139
80,25.597482133136783,-6.316645599577447,0.0222096297599501
81,25.847489421302267,-6.42088403480055,0.0171110699148239
82,26.09702374210915,-6.528752371842834,0.011168751212598
83,26.346186532806417,-6.637564864517447,0.0045452652966504
84,26.59518069534901,-6.750007258359342,-0.0027031120863811
85,26.843176432494825,-6.865082149205671,-0.0105081393353869
86,27.086329107711364,-6.981081924867942,-0.0187816171531424
87,27.32541208573561,-7.098677390745956,-0.027221523863937
88,27.564968067268182,-7.217872305198279,-0.0357022447831517
89,27.80007313324717,-7.336954867651535,-0.0442662207606265
90,28.032856381841555,-7.459277431539602,-0.0524590247788991
91,28.26541774376432,-7.586819710078198,-0.0601254665381142
92,28.50008919819344,-7.718437128586185,-0.0672914096731844
93,28.73154419425404,-7.8491632156106785,-0.0733919571956592
94,28.958732767064813,-7.978394248538164,-0.0783878388987246
95,29.18475092499725,-8.109889255143065,-0.0829589103288489
96,29.410714559322606,-8.24083251642605,-0.0870845650186093
97,29.6376793324276,-8.369646791539783,-0.0908160580617039
98,29.86518557364061,-8.497744969130588,-0.0941805397969711
99,30.089985129104395,-8.626405790730463,-0.0972396249899378
100,30.31132286520652,-8.755835533230917,-0.1001092422024922
101,30.529350962812867,-8.889189507385357,-0.1029234256833478
102,30.746303129822696,-9.02687018770351,-0.1057214166930927
103,30.96127585870613,-9.167094068681774,-0.108543495352059
104,31.171683527983472,-9.303621812762737,-0.1113176776018016
105,31.382801973130995,-9.443095231808927,-0.1142347209497124
106,31.5958333341896,-9.587700315603248,-0.1174150272165873
107,31.80803667783681,-9.737437075253755,-0.1208439919310372
108,32.01885403929464,-9.889552686536693,-0.1243893441327542
109,32.2278289145394,-10.044243362952145,-0.1280190801701393
110,32.434606242727746,-10.200632863910874,-0.1317779209102491
111,32.636850864999744,-10.357710796782168,-0.1356417750960847
112,32.835466290442696,-10.517456878521422,-0.139630522013716
113,33.03313957704069,-10.68308929628315,-0.1439182103654058
114,33.22976926131048,-10.85125149668165,-0.1481908880882641
115,33.42535534658936,-11.022735871420377,-0.1523554825333429
116,33.61999929434263,-11.200559377950372,-0.1566579873872028
117,33.811014028659685,-11.377342305192569,-0.1608140360024387
118,33.99749604033007,-11.551092358525604,-0.1647500670691586
119,34.18178049588204,-11.725031920690828,-0.1687434960542907
120,34.36422245624023,-11.89949639398639,-0.172695382711221
121,34.54602405830988,-12.075673102218344,-0.1765408689370854
122,34.729365127622565,-12.2557740229481,-0.1803373714300032
123,34.9087669590573,-12.439258343506106,-0.1839736792001854
124,35.08377304904256,-12.626523519613908,-0.1875032722881575
125,35.25894907542291,-12.81488378435771,-0.1910970135585357
126,35.43201060673118,-13.00427206875882,-0.1946437853557813
127,35.60310600647545,-13.19448712975667,-0.1981164061343069
128,35.77177559931823,-13.385193564639636,-0.2015716472751872
129,35.937661168385134,-13.579743737629672,-0.2049219166927683
130,36.10196104462731,-13.779131276676672,-0.2080725038793229
131,36.26451987506619,-13.980066708134672,-0.21089182916925
132,36.42239381481089,-14.179126413278196,-0.2134591427718593
133,36.57587770000208,-14.378101447098407,-0.2158248358554043
134,36.72704993608532,-14.58417027900177,-0.2181048656399525
135,36.87520038760435,-14.794114713025603,-0.2202520840236886
136,37.02062768032695,-15.006941114433827,-0.2223058356314339
137,37.16622493267416,-15.225804781214917,-0.2243415176115656
138,37.31011665067476,-15.447286280406871,-0.2262533765841683
139,37.45140502896032,-15.66920465332242,-0.2280556928281839
140,37.59003934773438,-15.892369062367994,-0.229848122232905
141,37.72815187469994,-16.117454496308927,-0.2316083134891677
142,37.864839101626266,-16.343077419600966,-0.2333666498603742
143,37.99761687676299,-16.56964452323799,-0.2352282242677521
144,38.12699245000458,-16.80125024639272,-0.2371205318517114
145,38.25432012024398,-17.03770591719566,-0.2389702000057542
146,38.38193185689551,-17.276464131100372,-0.2406401111483451
147,38.50450112705793,-17.517596189590645,-0.2421871542418985
148,38.620977957404975,-17.75911483089759,-0.2436719308871592
149,38.73445834261747,-18.0008229902448,-0.2452955934962483
150,38.84524980889864,-18.24621137922128,-0.2467149864487169
151,38.95305181835983,-18.494487607554014,-0.2478191940813239
152,39.059996615076514,-18.7425005459625,-0.248625768775111
153,39.16344789625671,-18.993539681109525,-0.249117855138495
154,39.26190869696187,-19.246611387457666,-0.2492793837876788
155,39.3563459014677,-19.49836329984344,-0.2491297123596315
156,39.44782788085067,-19.751883643057432,-0.2489194429269027
157,39.5368149454609,-20.00717744583237,-0.2487189485823322
158,39.62620020323644,-20.26518801602673,-0.2484025698999409
159,39.71410816729685,-20.524105860283097,-0.2480386514756388
160,39.79964103897816,-20.783146138655823,-0.2476709610705013
161,39.882748096086274,-21.04237593254299,-0.2473895571028259
162,39.96556161805317,-21.30448097627941,-0.247208435819606
163,40.04717809390144,-21.56786391445932,-0.2471368046553813
164,40.1251133473688,-21.82856867347969,-0.2472876978219853
165,40.19987464162288,-22.092901680831726,-0.2476768928810909
166,40.27190897082564,-22.360661691488705,-0.2482414878400182
167,40.340147948655954,-22.6251397958466,-0.2488903358490024
168,40.4036246857454,-22.88988960271121,-0.2495026746040155
169,40.4638361527002,-23.15709206712385,-0.2500276813392737
170,40.52341866862469,-23.42580385146609,-0.250503369730275
171,40.57943156788749,-23.695081648640056,-0.2509490481824171
172,40.63081917943919,-23.964920433409425,-0.2513565924747295
173,40.67986591735192,-24.232231962737472,-0.2516431346133436
174,40.72697758123012,-24.500368594726293,-0.2515937144775365
175,40.77185554407698,-24.77032396429828,-0.2510763001518769
176,40.81191101851551,-25.03880861294549,-0.2501677641806336
177,40.84673825310535,-25.311726488110622,-0.248794335501173
178,40.87677853379213,-25.58847386052443,-0.2469591176916983
179,40.90345079558936,-25.861939323242183,-0.2446916584533278
180,40.92837691869638,-26.135273985694603,-0.2418831456415419
181,40.95095394273165,-26.41025633014383,-0.2385741426163806
182,40.96676833221238,-26.685540573787485,-0.2348726321556671
183,40.97856101987414,-26.959780893164915,-0.2306926620012886
184,40.98678281552536,-27.234755764670936,-0.2261035557289129
185,40.99118012209567,-27.513616308899056,-0.221213283174091
186,40.99170221177908,-27.79582587904309,-0.2158307823972296
187,40.98833956517555,-28.079782083548047,-0.2099818142465553
188,40.97966874516206,-28.36071968102312,-0.2037043769051199
189,40.96446923845655,-28.64044818176031,-0.1970280610540267
190,40.94334020090611,-28.91756643329436,-0.190016382581808
191,40.91724533069605,-29.18536551585733,-0.1826928234110128
192,40.886542895593486,-29.4501518578784,-0.1751376337187316
193,40.85108454213654,-29.71391021241407,-0.1674306039366604
194,40.813256148963774,-29.97657348545248,-0.1596321510433641
195,40.76869488723616,-30.23438685584072,-0.1518239514248629
196,40.71725429251924,-30.486940293528647,-0.1440732794761194
197,40.66141855022492,-30.73926568073489,-0.1364676638238151
198,40.60098474620091,-30.98733565760731,-0.1290126540806739
199,40.53669850412606,-31.2305540395624,-0.1216619742804524
200,40.4703845861298,-31.46965870454885,-0.1143286391387479
201,40.39920062266308,-31.7082745444396,-0.1070700740320508
202,40.32300014165124,-31.94481174570861,-0.0998829357920197
203,40.24274684073123,-32.172293065354374,-0.0927739874588181
204,40.158798985734826,-32.39689077021517,-0.08572756028658
205,40.07010091107493,-32.61960353104014,-0.0787709287990883
206,39.9756381471782,-32.8383535273953,-0.0720467118251557
207,39.87540752341418,-33.0539499185431,-0.0652934612589179
208,39.77106387027303,-33.26541163871144,-0.0584108753074409
209,39.66300981052383,-33.47381617169844,-0.0515228860753559
210,39.55104245639799,-33.680375163806794,-0.0444973651409118
211,39.43516180725203,-33.88528230979347,-0.0372319069649593
212,39.31557076178036,-34.08981046612562,-0.0298475322340892
213,39.1897851369166,-34.288926074143404,-0.0223630473623724
214,39.05720575434558,-34.48004065832791,-0.0148000795666491
215,38.92057354405658,-34.66074097350645,-0.0072208465546079
216,38.78283239637501,-34.841763278594854,0.0005348526070894
217,38.6430845209841,-35.02430748492685,0.0084613785396472
218,38.49645984559916,-35.20213426949563,0.0164439126573462
219,38.34316126524559,-35.37571319691443,0.0243912824881989
220,38.185146056580656,-35.54564798386194,0.0322600590335777
221,38.02784221630689,-35.7126764897498,0.0400907781745027
222,37.869120631484215,-35.87384884958829,0.0478495490321562
223,37.70718570921103,-36.02956000968886,0.0555966374120554
224,37.54031416445227,-36.185646841237485,0.0635162457029268
225,37.36896566184613,-36.33888695286665,0.0713533779771717
226,37.19299183687159,-36.48927531452216,0.079062936063111
227,37.014677118885416,-36.63600275118102,0.0867530654446205
228,36.83234575893767,-36.7811470975994,0.0942419371661162
229,36.64675479866422,-36.92469577263242,0.1014865639381607
230,36.4580532167092,-37.06262141563786,0.1085418954596737
231,36.2656830744627,-37.19760558221486,0.1154393368570412
232,36.07084079960629,-37.329253328278334,0.1221914629929789
233,35.8781935142947,-37.45199608923674,0.1287746893070518
234,35.68276976719393,-37.57341485221984,0.1352410235542553
235,35.4838144351764,-37.69668924870796,0.1416013749023986
236,35.28320299509159,-37.82094302731705,0.1479168529374567
237,35.078042294087986,-37.93792442912113,0.1541941289710932
238,34.86803368822642,-38.04503742986271,0.1604085200161914
239,34.65388731457866,-38.14516901402396,0.1665528510937355
240,34.438496307126314,-38.24240941725614,0.1727008354317281
241,34.22081070787459,-38.33854466893186,0.1788850046900425
242,33.99570683630287,-38.42920783602836,0.1850242634468766
243,33.76592247341827,-38.51567176206745,0.1911711531324037
244,33.53416622617512,-38.597332707110574,0.1973952665130641
245,33.303378750751264,-38.67171034663228,0.2037925809825582
246,33.07092373755492,-38.74303329614566,0.2103438401280669
247,32.834396922053806,-38.8125014731669,0.2170444862210894
248,32.591364869376584,-38.88038321022253,0.2239675421970065
249,32.347255550836,-38.94064037881604,0.230773610459696
250,32.10342327401162,-38.99387670034412,0.2372857559273576
251,31.857279295695985,-39.047337746480494,0.2435572602336057
252,31.61049936499592,-39.098140716226325,0.249428683579792
253,31.36263076847854,-39.1437097097315,0.2548503365375901
254,31.114133172556784,-39.18143024923384,0.25994360773233
255,30.86358761710237,-39.21526262191972,0.2645956011705827
256,30.61204407253817,-39.24600424747854,0.2686692672885765
257,30.36315205946921,-39.27338678997148,0.2720160778066408
258,30.110114077215297,-39.30109804065397,0.2747079922391491
259,29.851256270737373,-39.329749279676456,0.2767173275343811
260,29.59002842072568,-39.35477816292156,0.2779576230397397
261,29.322323232048657,-39.37712803049465,0.2783901559710254
262,29.0460198448617,-39.39581783415692,0.2779875722980645
263,28.76243896657364,-39.41179089005539,0.2766803788364703
264,28.47112410645031,-39.429812447541615,0.2745392441030053
265,28.17250704686596,-39.4504988090226,0.2716203472023202
266,27.86658334519782,-39.47224171568274,0.2679653822612178
267,27.55086439461628,-39.49343291031492,0.2637961354584034
268,27.2248841761735,-39.51447487574803,0.2591963500389808
269,26.88874414220989,-39.53778083982546,0.2541999137897618
270,26.54214312703304,-39.563011207490206,0.2489779539984027
271,26.18282332782545,-39.59175076793444,0.243515705205409
272,25.80789479576236,-39.62365993309093,0.2376724671272252
273,25.422633344039426,-39.65457715704501,0.2320764949999731
274,25.02854544646896,-39.68470367289744,0.2269527643345126
275,24.62349885051424,-39.71860349160452,0.2226952420050398
276,24.209930160547053,-39.75701868410496,0.2195778785119966
277,23.78663723332626,-39.79756704798088,0.2173163477628641
278,23.34864856900879,-39.83649375198423,0.2159073633413661
279,22.90124001212824,-39.877553628913056,0.2144465094605759
280,22.447570982494067,-39.92312887994005,0.2116303658079583
281,21.99053141956804,-39.97247742007224,0.2065502669557379
282,21.52286855912233,-40.02103527317421,0.1974640754770975
283,21.042786805947063,-40.06740130590877,0.1823637606720058
284,20.553686506372763,-40.111240112450346,0.1593903740161714
285,20.056483866231897,-40.15865689392236,0.1263725732555982
286,19.549392803117776,-40.20924917925062,0.0814238786428639
287,19.02911883842701,-40.25610682451099,0.022964886918352
288,18.502513395453928,-40.30258217725028,-0.0491945081650976
289,17.971847599059963,-40.34966887008208,-0.1360144945864775
290,17.437983728179518,-40.39407743353352,-0.2386568653231308
291,16.89432842914586,-40.43895899932319,-0.3567444483319592
292,16.340288245270962,-40.48729195428967,-0.4900840623648249
293,15.781139006768823,-40.54222740389212,-0.6385294470867576
294,15.21748936915984,-40.59665393727034,-0.800923955046845
295,14.650090656571482,-40.64898172898862,-0.9758608118523762
296,14.078381750739476,-40.70296981086226,-1.16174621336859
297,13.50418739704416,-40.75855527727067,-1.3567406823426706
298,12.927208948327792,-40.81375082824968,-1.5564836071310126
299,12.3434386469953,-40.86849353652537,-1.7544408265651477
300,11.754043121162072,-40.92378959548037,-1.948335880135936
301,11.159484580703856,-40.97944532315409,-2.140460891272578
302,10.55793508724469,-41.03197004018468,-2.335525499181615
303,9.954721203283286,-41.08431364227618,-2.537750095602937
304,9.35119723528086,-41.13925328797131,-2.7498115702550816
305,8.744875853291237,-41.19973887923216,-2.974575469833819
306,8.130582663464448,-41.25845778316256,-3.213218499131949
307,7.508911122068038,-41.31361895265145,-3.467140294377392
308,6.88635315288711,-41.36878019070692,-3.738274686157483
309,6.259762020154832,-41.42474646526989,-4.02662792623739
310,5.628525237736175,-41.481122836338166,-4.331876158686817
311,4.991523719816101,-41.5342173468086,-4.653371221015836
312,4.350731222734576,-41.586778608443154,-4.989214376331916
313,3.7073517813466985,-41.64039642274134,-5.338095816990908
314,3.05732374712796,-41.69567452032938,-5.699532590948958
315,2.4029315547708823,-41.75596945368079,-6.07236731592616
316,1.74358554324822,-41.82048880946984,-6.454078712612911
317,1.07873219248297,-41.886215595749135,-6.841572881466658
318,0.4108093742301243,-41.95013285343085,-7.233949532245231
319,-0.258514759701744,-42.011448172718886,-7.628117231632208
320,-0.9267560425716884,-42.07351808227023,-8.019845497235487
321,-1.5990888694154617,-42.13694629678342,-8.407437538412449
322,-2.275827091212504,-42.20113661380239,-8.787171238619607
323,-2.9538791363538857,-42.26219580390674,-9.154048267289536
324,-3.634922034784217,-42.32267127545553,-9.511606051511873
325,-4.319558756649544,-42.38395161706727,-9.863112237810755
326,-5.008903941812346,-42.4464393504841,-10.21485485041733
327,-5.698999283222065,-42.510536963825125,-10.566577895319226
328,-6.389083933784158,-42.57664694373483,-10.918488486870526
329,-7.0815945047342055,-42.64517177320552,-11.270280477047717
330,-7.776784612603924,-42.71269199964586,-11.62095933092658
331,-8.474644748446655,-42.77801274107111,-11.970265477317948
332,-9.173447159281364,-42.8440880696416,-12.31898196661031
333,-9.874252588431316,-42.91111923059,-12.666443369338555
334,-10.577955026926784,-42.9793074581125,-13.011267638093011
335,-11.282371475065132,-43.04885398267827,-13.351797058511671
336,-11.990189002432627,-43.1227128884404,-13.689333359021962
337,-12.702311107083949,-43.19870320361153,-14.023722053738693
338,-13.416402604914714,-43.271260561398535,-14.354640244653469
339,-14.132108453763395,-43.34783597612032,-14.68186778436051
340,-14.849133824854231,-43.42723457602849,-15.00614648873954
341,-15.5686992303371,-43.50153998223551,-15.32802871855443
342,-16.289033801885317,-43.57309834356496,-15.64780737571622
343,-17.00833053176215,-43.64309699692754,-15.966364442281588
344,-17.72765651007797,-43.711737182178624,-16.28331579282089
345,-18.448785776087185,-43.7792201429556,-16.59911230597795
346,-19.17170882078261,-43.84574712733255,-16.914510781408094
347,-19.89317746240797,-43.91151937863843,-17.228911360187393
348,-20.615621971380403,-43.97673814484144,-17.542790830171263
349,-21.34205150369629,-44.04160466834343,-17.85714032528946
350,-22.07327446991282,-44.10632019392146,-18.173475784080587
351,-22.806400917254727,-44.171085966212125,-18.4912417063534
352,-23.539477370922096,-44.23610323533751,-18.81063504409316
353,-24.272811341549048,-44.3015732542239,-19.132503007436643
354,-25.009498844288373,-44.36769724458603,-19.455816941109592
355,-25.750142852185235,-44.434676445595805,-19.78046911419312
356,-26.494439027743653,-44.50271210184481,-20.10657425908128
357,-27.23919308868205,-44.572005475481866,-20.435646823617542
358,-27.98214721450121,-44.64275781038011,-20.76666382536446
359,-28.72330455867772,-44.71517033253856,-21.0964769227932
360,-29.465456815882064,-44.78944428955667,-21.42784952755221
361,-30.20815698460725,-44.86458101620079,-21.760825658841245
362,-30.94917448527611,-44.93628480763643,-22.09250313432904
363,-31.691148858142743,-45.01052251209379,-22.424701151475603
364,-32.43422657616211,-45.08966376411614,-22.757483702248763
365,-33.17764677671829,-45.16880494981298,-23.09050871716665
366,-33.921456994725155,-45.24579528637834,-23.423690215194988
367,-34.667159904327065,-45.32062218712688,-23.75691008876928
368,-35.41480306889723,-45.39348689766559,-24.09149032945484
369,-36.16362563424712,-45.46459065551541,-24.426110759165294
370,-36.91212111907986,-45.5341347101708,-24.76047484490976
371,-37.65790680365685,-45.602320327167966,-25.09578554296564
372,-38.40347004848272,-45.66934874773735,-25.434057910729216
373,-39.14971245970726,-45.7354212093317,-25.77516151940413
374,-39.89912137281552,-45.80073894135071,-26.11849813266626
375,-40.64931407958944,-45.86550320930301,-26.46563089216386
376,-41.39878409614457,-45.9309013434166,-26.81491919395864
377,-42.14677056976636,-45.99927948971533,-27.16379663296901
378,-42.897484123773744,-46.06654314835457,-27.51025240782685
379,-43.6510616873792,-46.131894878059526,-27.852175469578768
380,-44.40369710107388,-46.19573717397216,-28.18804829569736
381,-45.15376719502199,-46.2557196882919,-28.517291219904628
382,-45.900495911670816,-46.3136410338567,-28.83942888958278
383,-46.644084896296825,-46.3735243839366,-29.152725596623416
384,-47.384938684792985,-46.43557100517192,-29.460069342942816
385,-48.12198255759414,-46.49800996590696,-29.761398068617783
386,-48.851207419586245,-46.55675267759061,-30.05402490128351
387,-49.575860261142175,-46.61783895613728,-30.34076030188909
388,-50.295317203087485,-46.68387742749836,-30.62186798053861
389,-51.005214133516205,-46.75614264734183,-30.895393224578186
390,-51.70565438211014,-46.82920022787402,-31.163815313994697
391,-52.395561346518825,-46.90286906706962,-31.42767400362601
392,-53.07584996335483,-46.9820485879437,-31.68545909177076
393,-53.74297088234859,-47.06861708938109,-31.937365661300525
394,-54.3961480477574,-47.16319843982756,-32.18438014745156
395,-55.03750930636476,-47.26498933643485,-32.42786734046008
396,-55.664819692808486,-47.376605984597134,-32.66986024506393
397,-56.2685874738697,-47.49237335359957,-32.903688935012624
398,-56.83926508960708,-47.60507854968559,-33.11996696866399
399,-57.41576339532509,-47.74616875251391,-33.35551409634063
400,-57.99148196667692,-47.91395858643983,-33.60714871983725
401,-58.55966339053522,-48.10494515495875,-33.86633516086103
402,-59.1179744190579,-48.31879729505893,-34.13553159845888
403,-59.66398601790432,-48.55272278621607,-34.41502628715313
404,-60.19358766472857,-48.80531714085667,-34.70344915363503
405,-60.707542138601966,-49.07570833040746,-35.00416802154
406,-61.20493072218038,-49.36368759264642,-35.31867306383342
407,-61.68473897379306,-49.67180654856862,-35.64809365531267
408,-62.14595556074637,-49.995639530838666,-35.991986755345074
409,-62.58601827847982,-50.33138306413998,-36.349587828062575
410,-63.00213856414572,-50.67568311360722,-36.71942208409189
411,-63.39512802384366,-51.03229287212056,-37.10227391026255
412,-63.76560100279772,-51.40117960767519,-37.49455681303578
413,-64.11238885105175,-51.7767730314704,-37.88970169786919
414,-64.43701320212553,-52.15585320948419,-38.28399208652748
415,-64.74144268125198,-52.53599761690609,-38.67219778241588
416,-65.02663780727984,-52.91767827939874,-39.04837908294025
417,-65.29127776776993,-53.29559324603817,-39.40807038470726
418,-65.53704205878606,-53.66733508351301,-39.745874287872105
419,-65.76702474112636,-54.03129377767377,-40.05703871487918
420,-65.97904721849528,-54.38927882455945,-40.33762574953776
421,-66.17389501927984,-54.74068644985803,-40.583704972282575
422,-66.3566423214788,-55.08249960545956,-40.79225273554758
423,-66.56392275561544,-55.44569628772104,-40.99405434260525
424,-66.77834780726198,-55.82112372334445,-41.17425701109216
425,-66.9877297278935,-56.2008646672579,-41.32094560484475
426,-67.19313030326606,-56.58947856935356,-41.43876336682534
427,-67.39775466347544,-56.98860807109118,-41.53062376761715
428,-67.60565939825499,-57.39509780860113,-41.59724783777994
429,-67.81394950283514,-57.809211974556426,-41.64274713521164
430,-68.02445298154798,-58.23295043869594,-41.6708915134517
431,-68.23909420442757,-58.66812439346654,-41.684142171455896
432,-68.45888766093657,-59.113389716088975,-41.68564893720408
433,-68.68309348646277,-59.5711487902312,-41.67924508308255
434,-68.90750108264571,-60.045626126879135,-41.66886575932735
435,-69.13545694815456,-60.53682170815141,-41.65601595951113
436,-69.36922842802103,-61.04334694504061,-41.642276294313184
437,-69.61013429751918,-61.56225192156264,-41.626762196577616
438,-69.861372098661,-62.09662487593184,-41.61165164822273
439,-70.12279917737888,-62.6448684544224,-41.598725835435246
440,-70.39238782252008,-63.202624080272734,-41.58830099556703
441,-70.66998902561784,-63.768818448075386,-41.57986517034209
442,-70.95379576073285,-64.34304154056903,-41.57338925008168
443,-71.24325325227721,-64.92764371666581,-41.56821547653331
444,-71.53841221173384,-65.52181999452547,-41.56372067587767
445,-71.8391204569146,-66.12436291025932,-41.55959377418407
446,-72.14502290538732,-66.73366251381611,-41.55538148960789
447,-72.45556161593653,-67.35152832381007,-41.5509562939543
448,-72.76997574137859,-67.9783427092745,-41.54627121188085
449,-73.08730152831475,-68.61323362361243,-41.54132205497642
450,-73.40637232644718,-69.2550606974077,-41.536125025781466
451,-73.72672589623426,-69.90142913720136,-41.53076226182938
452,-74.05019014873582,-70.54851697602345,-41.525337615717945
453,-74.37352007467537,-71.19867460163407,-41.51986703533359
454,-74.69595861892321,-71.85090083634059,-41.51454535588084
455,-75.02227759233425,-72.50486442289981,-41.50955250796016
456,-75.35019571218321,-73.16103495321433,-41.504990693368114
457,-75.67746086829752,-73.82081360890247,-41.50089396391651
458,-76.00158891662517,-74.48863029037814,-41.4972708554216
459,-76.3277542790504,-75.16220586150686,-41.49425541814847
460,-76.6577620698447,-75.84015172394872,-41.49192254770521
461,-76.99176445394511,-76.5217970642249,-41.49026441800823
462,-77.32783206204245,-77.21002472124613,-41.48956043112765
463,-77.66626544048302,-77.90522460234168,-41.489981134852215
464,-78.00655414783787,-78.60336932070751,-41.49133014063993
465,-78.34808632082363,-79.30398512837925,-41.49383371264682
466,-78.69160383052015,-80.01044033074962,-41.497424138233285
467,-79.03629199932637,-80.7283663981373,-41.50204057922615
468,-79.38331611479234,-81.45024519437247,-41.50759816465291
469,-79.73296529873853,-82.17587044192466,-41.51403077494885
470,-80.08478307716227,-82.90832620616486,-41.521536577398855
471,-80.43831292595553,-83.64674043440934,-41.52993493445885
472,-80.79384395929976,-84.39010690370411,-41.53910503519613
473,-81.15254154346754,-85.13728521979121,-41.54903299240431
474,-81.51070089763361,-85.88424803701697,-41.559583703536745
475,-81.867110356628,-86.63098278725516,-41.57044322133202
476,-82.22146559919696,-87.37956730826701,-41.58123543245996
477,-82.57346230447365,-88.1319452823467,-41.59200172315229
478,-82.92279611255714,-88.88671555332692,-41.60263679350192
479,-83.26916260717341,-89.6370350067397,-41.61330877705938
480,-83.61225751329444,-90.38894178922564,-41.6238389152782
481,-83.95252212992091,-91.14303207448756,-41.63390263537424
482,-84.29127396936292,-91.8965571885289,-41.64308616588176
483,-84.62785045393225,-92.6504562753729,-41.65116952222624
484,-84.96239996919878,-93.40652040095888,-41.65808956959028
485,-85.29284097952993,-94.16756532215072,-41.663931846220336
486,-85.6191734465494,-94.92983198531697,-41.66921410641144
487,-85.94230468344148,-95.6927241964942,-41.67396832973879
488,-86.26563508842733,-96.4567114902629,-41.67848273787131
489,-86.58769495999792,-97.22212930317916,-41.68361527864568
490,-86.90879816866344,-97.99136486910038,-41.68854233448226
491,-87.2324973348483,-98.77112708267688,-41.69186900294769
492,-87.5574747928803,-99.55128753854628,-41.69364460566472
493,-87.88328920574111,-100.3304500819184,-41.69205265768159
494,-88.2102449892653,-101.11787522427748,-41.68460203379028
495,-88.53864638947721,-101.9070552275436,-41.67006389735645
496,-88.86879771324143,-102.69679014483296,-41.64691328712775
497,-89.20100331251562,-103.48909070894614,-41.61400694918892
498,-89.53267761023598,-104.28214586376282,-41.57726305822045
499,-89.86366274193028,-105.07534435589989,-41.53801402379705
500,-90.1978144290734,-105.87137196318884,-41.49959784395955
501,-90.53203640296668,-106.66647365182058,-41.45066367526421
502,-90.86647114563918,-107.45903927172728,-41.38052062862164
503,-91.20304473753178,-108.24960356375368,-41.27806408503012
504,-91.54089478868966,-109.03883556100142,-41.1373627820913
505,-91.87926035824177,-109.82531390864628,-40.95441703131506
506,-92.21748191720708,-110.60360245613025,-40.72598309155854
507,-92.5541930651186,-111.3749740251101,-40.44941158771476
508,-92.88667376251831,-112.14079711246762,-40.1257547943775
509,-93.2137605835848,-112.90288128424191,-39.75756614358821
510,-93.53728147551392,-113.65579468362624,-39.34888562833235
511,-93.85751989050192,-114.3967325591384,-38.90476448790362
512,-94.174931164365,-115.12744161705288,-38.43017214499481
513,-94.48530340715104,-115.85007110177172,-37.929692549573765
514,-94.7878663351938,-116.56400986471384,-37.40993344523767
515,-95.08383612950765,-117.26798346902105,-36.87734835953046
516,-95.37184326741922,-117.95743219205144,-36.33751488177136
517,-95.65082260866984,-118.63055754374368,-35.7963611060215
518,-95.9200133967701,-119.2902466281395,-35.2584418943486
519,-96.17895917426868,-119.93334843816552,-34.730490641094434
520,-96.42825353490105,-120.56045929910005,-34.2204898891934
521,-96.669670748941,-121.17801997008618,-33.736505886087286
522,-96.90458229574328,-121.7827452325094,-33.283725104574465
523,-97.13162818075084,-122.37304536558192,-32.866204386670844
524,-97.34817197131709,-122.94885326249111,-32.4797995563354
525,-97.5561460380218,-123.51063820469967,-32.11001259038197
526,-97.75404188468028,-124.06039237946766,-31.748630563638184
527,-97.94140616021711,-124.6018035134958,-31.392044629462145
528,-98.11829273517156,-125.13158633719704,-31.04158296817917
529,-98.28364590657569,-125.64815106209016,-30.697816833664056
530,-98.43675555370592,-126.15143064330869,-30.36171445676434
531,-98.57741884097872,-126.64740030549856,-30.031991593247536
532,-98.7050327518964,-127.13526009029134,-29.70707648436367
533,-98.81700842005644,-127.61145641855826,-29.38713649961777
534,-98.91821600698724,-128.0786120949944,-29.07230509441821
535,-99.00911200242008,-128.5347197218393,-28.762790261474287
536,-99.08573927534007,-128.97716319565805,-28.458603641064165
537,-99.14662812063342,-129.40688419756998,-28.160155977486
538,-99.19314235220386,-129.82126656963587,-27.86823251249087
539,-99.23106505956945,-130.21413628910773,-27.584093131380605
540,-99.2567433608169,-130.5828771234426,-27.30164148681042
541,-99.270943809602,-130.92567789952636,-27.02177808210896
542,-99.27726656140996,-131.24153241520523,-26.74729383612229
543,-99.27474611062176,-131.53299243745232,-26.48565693886904
544,-99.26595996722628,-131.80025176983767,-26.243408812660167
545,-99.2555735730078,-132.04324342721975,-26.027994232029776
546,-99.24079643152405,-132.25626476251344,-25.841173308832893
547,-99.22224864162123,-132.4397257962089,-25.682559630868862
548,-99.20078940376814,-132.598052195443,-25.552470572561777
549,-99.17748070526036,-132.73265256658436,-25.446886520162145
550,-99.15338965286708,-132.8457405368127,-25.364102074942508
551,-99.12496183095789,-132.94033482522556,-25.30526862727011
552,-99.09777750705724,-133.01643704523545,-25.270929123060096
553,-99.07259754197702,-133.07587847030982,-25.259667626233625
554,-99.04536340900444,-133.12214732797702,-25.269494026097608
555,-99.01698811724624,-133.15940252728865,-25.29545806117765
556,-98.98838463084996,-133.19007393454794,-25.33121644304214
557,-98.96046583281972,-133.2106681588327,-25.370373395428253
558,-98.93414477234816,-133.22742195784522,-25.408735217922658
559,-98.90942710892855,-133.24355006723172,-25.44045638848408
560,-98.88382532081496,-133.25522373803648,-25.45918531445144
561,-98.85972214028196,-133.26438822300682,-25.46185138433488
562,-98.83936966069167,-133.272057172781,-25.44459778427806
563,-98.8251505531489,-133.27621553500958,-25.40389031323468
564,-98.8116874510918,-133.27773541460942,-25.338732803819795
565,-98.7985238681285,-133.277623052692,-25.250073032545625
566,-98.79012428611745,-133.27701894490414,-25.1464720968705
567,-98.78319299238773,-133.27444496054477,-25.033741074997334
568,-98.7762178703259,-133.27150612295807,-24.916183587586808
569,-98.7709254787082,-133.26886907433143,-24.796141813644777
570,-98.7641721751198,-133.2661313365744,-24.6719676415573
571,-98.75534357007044,-133.2640903336601,-24.54318402053269
572,-98.7479402760354,-133.26684044450394,-24.408287537800817
573,-98.73572258775488,-133.27203558724082,-24.266926084621183
574,-98.71747313040808,-133.27848846292,-24.11998649713121
575,-98.69699686664464,-133.28599783375924,-23.97016681139209
576,-98.67124847708618,-133.29436251879775,-23.81848408883178
577,-98.64036115755133,-133.30338133964776,-23.66810214063869
578,-98.604736316114,-133.3128531303683,-23.522931820324896
579,-98.56208810150568,-133.3225765319985,-23.37599617974709
580,-98.51269610911268,-133.33235027313182,-23.22612583767883
581,-98.45808076959976,-133.34197307155927,-23.072416700264675
582,-98.39925847955809,-133.35124369834975,-22.916179227637656
583,-98.33441269474942,-133.3589748694115,-22.758617485758588
584,-98.26034905679307,-133.3628204779774,-22.60011667712186
585,-98.17914925517884,-133.36687502681033,-22.444291881071948
586,-98.09155327198324,-133.37193598151765,-22.29356439252352
587,-97.9986757736437,-133.37760086204813,-22.148924629191225
588,-97.89427712105648,-133.38346730985867,-22.012512440435067
589,-97.7774443183557,-133.39011897630542,-21.886010877974112
590,-97.65259101037282,-133.39929824873914,-21.77030141261964
591,-97.5188579706254,-133.403554128895,-21.665795208828143
592,-97.37353087296452,-133.40506762883024,-21.572812947670087
593,-97.21336479013796,-133.41390009532836,-21.49120917736248
594,-97.0404919284332,-133.42340963162272,-21.42034748620796
595,-96.85580435679216,-133.43141021345377,-21.35973874394021
596,-96.66067034610674,-133.43790181640253,-21.30909799275191
597,-96.45128689225582,-133.44563729931903,-21.267197321496013
598,-96.22614175532443,-133.4532205336502,-21.23288866816806
599,-95.98746862879874,-133.4570307760988,-21.20539033327608
600,-95.73313841286694,-133.4600221269702,-21.184472797804577
601,-95.46405840742936,-133.460999682693,-21.16963683026926
602,-95.18575809895118,-133.45654391277608,-21.160677701876736
603,-94.893725537691,-133.4498100546769,-21.15082801957962
604,-94.58661586175076,-133.44079051398816,-21.13706979404629
605,-94.26757590716898,-133.42841204600978,-21.123918713226377
606,-93.93747113946525,-133.41173550892717,-21.111491359428243
607,-93.5952515528427,-133.3889698510956,-21.09972132654567
608,-93.23782105745262,-133.3572993872295,-21.088599385501286
609,-92.86548092548536,-133.32430510063236,-21.07832993210892
610,-92.48049473547664,-133.2921805059217,-21.06883030048038
611,-92.08417809285292,-133.2579044215671,-21.05979189916913
612,-91.67465545411062,-133.21858987809287,-21.05145321901973
613,-91.25298633107296,-133.17563298379594,-21.043845403458423
614,-90.82475102358694,-133.13278852258088,-21.036911566959432
615,-90.3861952859584,-133.08630167991532,-21.03063062172121
616,-89.93643270548606,-133.03499016120148,-21.02493988290526
617,-89.47414263189684,-132.98409300561428,-21.019799461672548
618,-89.00536181300171,-132.9324085489107,-21.01516100665617
619,-88.5323575780769,-132.87796960871125,-21.01091043309808
620,-88.05375849761604,-132.82171952613007,-21.00699536337549
621,-87.56570898004732,-132.76842360766406,-21.00333492382337
622,-87.0686712483892,-132.71848432982557,-20.9997830028285
623,-86.56583958470759,-132.66794136003836,-20.99623223873232
624,-86.05782267927573,-132.6166563354239,-20.99270921528211
625,-85.5455335811063,-132.5664152720312,-20.98913593962758
626,-85.03018965339156,-132.5170797964459,-20.985385017448912
627,-84.5104226258084,-132.4685115719939,-20.981530235009
628,-83.98594339238336,-132.42249663060215,-20.97750820427864
629,-83.45741135485474,-132.3788966072673,-20.973245960997016
630,-82.92568880596092,-132.33650403588922,-20.968861376104485
631,-82.39093359978736,-132.2931253658044,-20.964341988820863
632,-81.85101339807561,-132.24540825121016,-20.959689875886085
633,-81.30597900338151,-132.20026287246426,-20.95506257063289
634,-80.75688992606862,-132.15907779313548,-20.95050206840205
635,-80.20740013626951,-132.1178926749448,-20.94593169146724
636,-79.65639493839673,-132.0727472402778,-20.941433645187992
637,-79.10373739373641,-132.02503006801575,-20.93707515194921
638,-78.5501377113667,-131.9816513278603,-20.93285180038291
639,-77.99143583947829,-131.9365058587678,-20.92882662310984
640,-77.42839262472226,-131.88879622943023,-20.92503598299616
641,-76.86668979199726,-131.84093561731976,-20.921506941145747
642,-76.3071389515485,-131.79533725197558,-20.918284156569364
643,-75.74974581286736,-131.7521897981318,-20.91535500864737
644,-75.19212440870113,-131.70753298829734,-20.912630775092456
645,-74.63397040171884,-131.66122847257822,-20.9101766123851
646,-74.0758867897536,-131.6150622749868,-20.907999452036744
647,-73.52096961911226,-131.56889600398102,-20.905977194152
648,-72.96744481506158,-131.5215222280618,-20.90441326035909
649,-72.41441456077574,-131.4719473258446,-20.903579919454856
650,-71.86172670651811,-131.42131587656553,-20.903904867118783
651,-71.30714751560075,-131.3707724861158,-20.90622219517396
652,-70.75158050395737,-131.3205234153719,-20.910279585777907
653,-70.19761134966613,-131.27385811761803,-20.915747499506683
654,-69.64493564396518,-131.22487261361556,-20.92171222433782
655,-69.09250337876442,-131.17297069510235,-20.92645358586087
656,-68.53838831869697,-131.1207668177508,-20.927959499244217
657,-67.9855343642529,-131.0708754158482,-20.925171375626224
658,-67.43364666624309,-131.02270027922262,-20.91658106454446
659,-66.88064674551674,-130.97033742798405,-20.900528345384604
660,-66.32932634046374,-130.91707632248776,-20.87703939952645
661,-65.77923844132467,-130.86312321798349,-20.844993997920312
662,-65.228152472575,-130.80962267224584,-20.802915599742068
663,-64.67662639940683,-130.75771924497292,-20.75059616181497
664,-64.12602404929378,-130.70663309941722,-20.68760260753632
665,-63.580100901338085,-130.65750876293492,-20.61358507947828
666,-63.03764085777409,-130.61149081713774,-20.52856547283535
667,-62.4982026125908,-130.5675856292737,-20.43247237468706
668,-61.96198905223045,-130.52458573942792,-20.325226327696253
669,-61.42910160891274,-130.47853088698835,-20.20832356579752
670,-60.89879466480137,-130.4308096709133,-20.08257776681925
671,-60.36934494648055,-130.38833229458686,-19.94861611180555
672,-59.84379774847075,-130.34499356020092,-19.80784583735129
673,-59.321858248423865,-130.29999608118618,-19.661996878275016
674,-58.801346625832856,-130.25575314569085,-19.512766449695228
675,-58.282770101244246,-130.21192509977638,-19.357424708104176
676,-57.767340360340185,-130.1700967365972,-19.19667158152502
677,-57.25855923743776,-130.12992842126167,-19.030183721993268
678,-56.75485555003833,-130.08725867969187,-18.860133504543715
679,-56.25533157822596,-130.0422889954426,-18.697868418136384
680,-55.75963244730562,-129.99958379323127,-18.563035092805805
681,-55.26800844702383,-129.9598847356704,-18.435305429971088
682,-54.78121657377381,-129.92080951022302,-18.310003421139943
683,-54.29747956466543,-129.87860327933203,-18.1871556335752
684,-53.81968745578107,-129.83702092270502,-18.068987323348107
685,-53.34948943406396,-129.79844467947464,-17.95734562948248
686,-52.88596928924178,-129.76213248559594,-17.85265305956672
687,-52.42800794082995,-129.7273422985763,-17.75656909824083
688,-51.97590023738796,-129.6952564432076,-17.67033537796489
689,-51.52989978827842,-129.66513284380784,-17.594400779835166
690,-51.09005731623926,-129.63622942283814,-17.528952632128227
691,-50.65622064794159,-129.60874239071023,-17.47380705627198
692,-50.22803468589328,-129.57978474055844,-17.428291083952086
693,-49.80494148066492,-129.55184098642147,-17.392367689600476
694,-49.38618016227064,-129.5243124179148,-17.36507449278452
695,-48.97078696585435,-129.4975385943041,-17.344156683506625
696,-48.55840364195527,-129.4718590872274,-17.3283841405337
697,-48.149924172306186,-129.4456890722309,-17.31615957257537
698,-47.7445845214775,-129.41936812011866,-17.30570374324367
699,-47.34349931076444,-129.39048294727593,-17.295111485157356
700,-46.94605985451202,-129.3598309725728,-17.283944203100003
701,-46.54993420221714,-129.3335175002282,-17.276447502699437
702,-46.15755899197176,-129.30463244102066,-17.277443453285258
703,-45.76803073721143,-129.27277340433352,-17.291287253912
704,-45.37856097997426,-129.24404572224407,-17.32347587413174
705,-44.989048067327694,-129.2153606694847,-17.350023648101743
706,-44.60084053348239,-129.18572691745402,-17.361073898006605
707,-44.21845351219462,-129.15205647209055,-17.36997864493508
708,-43.839348941249774,-129.1177017327928,-17.377522686426396
709,-43.46338037836741,-129.0858423447149,-17.384102230784233
710,-43.09120725370004,-129.05983068012412,-17.390024378051265
711,-42.720497501683056,-129.03275658224928,-17.395364796093393
712,-42.35124541321965,-129.0042175691646,-17.4002104281501
713,-41.98735739078579,-128.98031882545465,-17.404769668081357
714,-41.62360504142298,-128.95415020212212,-17.408947388703243
715,-41.26103453987589,-128.9253092098645,-17.412791498830067
716,-40.90405635428005,-128.89990103325425,-17.416467855530232
717,-40.54713777426859,-128.87483746100116,-17.41991666544856
718,-40.190274994846014,-128.8501134628143,-17.423138790352354
719,-39.83595220251375,-128.8247856987084,-17.426005460137173
720,-39.48574373448868,-128.79791083437377,-17.428419945234456
721,-39.13889253968957,-128.76948384378915,-17.430455184595907
722,-38.7953510467253,-128.73641648923365,-17.43227676060684
723,-38.452990144878825,-128.70206115433265,-17.433942575402128
724,-38.110455527117736,-128.66959748668577,-17.435611513179488
725,-37.76703707791701,-128.6423778641313,-17.437493006083855
726,-37.42273159066237,-128.61349210643698,-17.439420550692898
727,-37.07888957785336,-128.58155163027394,-17.441312603048015
728,-36.73530499640324,-128.55051673134116,-17.443212139181483
729,-36.3937519086241,-128.52052575978405,-17.445401378765233
730,-36.05512811840429,-128.48979268832824,-17.448254335675102
731,-35.7195858064398,-128.45845588781205,-17.452625068304165
732,-35.38438716945556,-128.43047564505798,-17.45759313826041
733,-35.04847651573949,-128.40566328950922,-17.46260434168081
734,-34.713935410933246,-128.38160556696434,-17.46734846906075
735,-34.38076385216874,-128.358642071538,-17.47166831905936
736,-34.048216196848706,-128.33617411021262,-17.47562617374122
737,-33.714670567267035,-128.31668620280433,-17.479385534940388
738,-33.38048517045439,-128.29346942503855,-17.48323546272125
739,-33.04611461579052,-128.26632253015214,-17.48705289896195
740,-32.716736559817754,-128.24155193071633,-17.490502578303467
741,-32.38560534420336,-128.21244872160418,-17.493335266584733
742,-32.05257830616793,-128.1788116610143,-17.495506552377357
743,-31.725570919196382,-128.14694716280093,-17.497239706959554
744,-31.40265692793352,-128.11289913135715,-17.49817642103246
745,-31.08113337921158,-128.0740841250572,-17.49834620613422
746,-30.75567365116271,-128.03104301456577,-17.498104835217948
747,-30.42860978537417,-127.98813856356516,-17.497356102470494
748,-30.10204175107308,-127.9465706742264,-17.496114900994616
749,-29.778098679939664,-127.90647350307884,-17.494485185611882
750,-29.456019689445505,-127.86154060457685,-17.49233720812164
751,-29.135205605387466,-127.81197322369532,-17.489703424605192
752,-28.816674101739665,-127.7644802878302,-17.48670939564598
753,-28.499361250934363,-127.71933013497568,-17.48378575481072
754,-28.18372356156522,-127.67473925552736,-17.481180402564217
755,-27.871737967833816,-127.62460243940536,-17.478870358181332
756,-27.560409889504896,-127.57582986241884,-17.476414873350265
757,-27.24913635218365,-127.5298100979024,-17.473599376720866
758,-26.938120234959484,-127.48258285767342,-17.47055698938539
759,-26.62746298915649,-127.43400979074778,-17.467457781542105
760,-26.31716461970981,-127.3848908443152,-17.464630374755167
761,-26.007123670809847,-127.33294276256902,-17.462605790642503
762,-25.70210881841061,-127.28125376378908,-17.46122091717693
763,-25.40196789426599,-127.2308149663982,-17.460363976533465
764,-25.101627899427992,-127.18471462011136,-17.459697637757277
765,-24.80088591872414,-127.1368475256604,-17.459367425644412
766,-24.50034493192609,-127.0876161691164,-17.45949697945356
767,-24.202999567406795,-127.04393071540996,-17.46018160496516
768,-23.90895442136194,-126.99968595805082,-17.461150337076724
769,-23.61595164795123,-126.95408447857592,-17.46231586034947
770,-23.320695478138752,-126.90953952793424,-17.463908501957913
771,-23.02556866932882,-126.86846433082556,-17.46576770175229
772,-22.7320777179724,-126.83104754463388,-17.46777134063189
773,-22.440983466457272,-126.79332887636978,-17.469917750977366
774,-22.15015678097625,-126.75410087678628,-17.472185191137296
775,-21.858243337371228,-126.71335600356856,-17.474535523393982
776,-21.5645330151096,-126.67438374074692,-17.476988149129966
777,-21.27110421033,-126.63403295822934,-17.479733410541638
778,-20.979159072201668,-126.5912974393272,-17.482833770957782
779,-20.689154116464163,-126.547315880813,-17.486250474055257
780,-20.39865587007009,-126.500608317261,-17.48995636204893
781,-20.106912987187908,-126.45076723393652,-17.49391835332779
782,-19.816311375577868,-126.39443605978346,-17.498083299732738
783,-19.52715538183241,-126.33376389791889,-17.50237749086647
784,-19.23974934933841,-126.26893689528056,-17.506707193872007
785,-18.954397629734565,-126.2023724800227,-17.51106409186392
786,-18.67348614154636,-126.13400356423712,-17.515355924405696
787,-18.39535621588092,-126.06283148284172,-17.51949279302295
788,-18.11417397583953,-125.98482887976678,-17.523491171328462
789,-17.831865653647853,-125.89885537237612,-17.527293089720516
790,-17.550226871598973,-125.8051046522336,-17.530888799162312
791,-17.271183875282833,-125.7072016029812,-17.534359160965906
792,-16.9938743537537,-125.60246466433811,-17.537613605328612
793,-16.71663013153948,-125.49169126506186,-17.540668973001505
794,-16.435391422382285,-125.38125494535272,-17.543660366430302
795,-16.148988397702652,-125.26478217637826,-17.546491192510885
796,-15.859359336751416,-125.14147552895412,-17.54914053299935
797,-15.570356712223528,-125.01401655662062,-17.551598543123756
798,-15.278174340763387,-124.88153321080446,-17.553726300519685
799,-14.982346197868806,-124.74342176075469,-17.55536931754331
800,-14.684291279932587,-124.59934679558292,-17.55632777424061
801,-14.38065992415003,-124.45199407961404,-17.556952692604884
802,-14.074052357579568,-124.30164786715484,-17.557382253236764
803,-13.768106104176836,-124.1468952610942,-17.557619240549563
804,-13.449411383090773,-123.97932180894612,-17.557402082451407
805,-13.121806713921885,-123.79972492760534,-17.556632498527403
806,-12.791565682569663,-123.61447813466584,-17.555242263639812
807,-12.455237173562931,-123.4210298417246,-17.553189223110067
808,-12.11281167883232,-123.22017998796332,-17.550472204697524
809,-11.766266153236064,-123.01205854097049,-17.547159314475905
810,-11.412910341244284,-122.79874752661992,-17.543243168475538
811,-11.052588267461138,-122.57844833682502,-17.53870305140726
812,-10.684637349472489,-122.3474061176762,-17.533438686980563
813,-10.319005781491157,-122.11146193451262,-17.52765523138007
814,-9.943013904181724,-121.86420557302306,-17.520852975166925
815,-9.55466701224067,-121.6044800946625,-17.513005123178132
816,-9.160870506945454,-121.33750418883228,-17.504382835860866
817,-8.761485535988822,-121.06477774541273,-17.495099500470555
818,-8.353825015193454,-120.78670325262568,-17.485260244695727
819,-7.938294731099394,-120.50026374217111,-17.47476315137482
820,-7.516410691259922,-120.2050693029594,-17.463616603366447
821,-7.0923848769842905,-119.9052814637758,-17.451966123209143
822,-6.664953628727081,-119.59888947535832,-17.439629908367035
823,-6.23247730376225,-119.28530973551597,-17.426670213575036
824,-5.7957199336754766,-118.96521305247516,-17.41331470998412
825,-5.353566867206733,-118.63953856910562,-17.399989173726514
826,-4.906788472276751,-118.30927992342616,-17.386840519093894
827,-4.45949526867604,-117.97356086081842,-17.3736439746332
828,-4.012362815124595,-117.63292266145352,-17.36061254033628
829,-3.556162911794486,-117.27935269763292,-17.347408519080794
830,-3.0942062436062625,-116.91425777345232,-17.33410393693861
831,-2.628985551073569,-116.54453780485927,-17.321012369055357
832,-2.161324459411928,-116.17131535609434,-17.3083884739238
833,-1.694775537632751,-115.79640580533405,-17.296452537975917
834,-1.2259396622959409,-115.42189284742398,-17.28482275166764
835,-0.7563385427809922,-115.04580430192034,-17.27341384902163
836,-0.2924147195831704,-114.66176664196124,-17.262312929185967
837,0.1692309264722126,-114.27655587996324,-17.251525947872228
838,0.6316132860331004,-113.88937459302974,-17.240925026475647
839,1.099847848640251,-113.4924546030218,-17.230288962650167
840,1.5611427246917084,-113.09739231064783,-17.219966442888854
841,2.015322917368088,-112.70410910795364,-17.210061247716588
842,2.4686838720453874,-112.30634823633454,-17.20062137931577
843,2.91858922923482,-111.90786874047583,-17.191475082415284
844,3.363380325596266,-111.50926680247444,-17.182611520057396
845,3.802245582374751,-111.11007285725744,-17.174070550617856
846,4.234474864593405,-110.70719866629064,-17.16579359104807
847,4.660366809679419,-110.30183910987232,-17.15779183394046
848,5.08281457383518,-109.89754780385093,-17.15019826270348
849,5.499942649141632,-109.494190586531,-17.143007488611214
850,5.910853225091054,-109.09078136900598,-17.13623930139844
851,6.315495574883213,-108.68530940048814,-17.129885133757913
852,6.716001997242424,-108.2785167616197,-17.123979872021224
853,7.116459236179723,-107.86720746516696,-17.118464513507643
854,7.526280336419158,-107.44752582232071,-17.113134669178965
855,7.930362644224347,-107.03190801512918,-17.108317666527082
856,8.328536868064594,-106.61908306950406,-17.10394469756216
857,8.724712527729547,-106.19950473758756,-17.09986505612943
858,9.116757340473654,-105.78008319555228,-17.09590901808735
859,9.504971845129273,-105.36220701703888,-17.09200987633801
860,9.889048524045966,-104.94191591223586,-17.088347232379366
861,10.2729444541199,-104.5218243540386,-17.084803826057843
862,10.655898782950509,-104.10232225152184,-17.081268597501605
863,11.032432724860588,-103.67965056241276,-17.077570736716964
864,11.40503047243484,-103.2566250073358,-17.07372046155909
865,11.775341177524318,-102.83383673674706,-17.06981651573417
866,12.142854428408626,-102.40772795007328,-17.066200377417186
867,12.50437274529651,-101.9813156330262,-17.063782790778745
868,12.860038790150195,-101.55539218256686,-17.062798560666245
869,13.211880235098777,-101.1266010413811,-17.063839613070318
870,13.557156107011611,-100.69433848694403,-17.066867271104663
871,13.896465577143038,-100.25920068803948,-17.071075186153173
872,14.232292835153483,-99.82508084136671,-17.075983427359663
873,14.562353415210769,-99.38943153771405,-17.080455680355897
874,14.887702998977062,-98.95086419394944,-17.08407804954661
875,15.21128228788369,-98.50897633946728,-17.088349639019025
876,15.533344902898698,-98.06718740277032,-17.09187438582083
877,15.853440021944868,-97.62570609684914,-17.08926736249107
878,16.168826639609527,-97.17943334280254,-17.073981702697115
879,16.481836783693545,-96.73246358034469,-17.045506784775185
880,16.793221780046462,-96.28460806910792,-16.998520972695665
881,17.10069713625797,-95.83331931892036,-16.926164333529766
882,17.40416140234785,-95.38631238654943,-16.822178075130136
883,17.705267519504382,-94.94479467968604,-16.683038198510058
884,18.009139175375896,-94.50346592082349,-16.5059194370915
885,18.313342850716168,-94.0634662570413,-16.27372903473662
886,18.61487130110498,-93.62580202304945,-15.994122131657518
887,18.90829654017022,-93.19134555787316,-15.68621887743372
888,19.198133634158257,-92.7635877108111,-15.359612067172211
889,19.486476847919995,-92.34173618390967,-15.0210478845544
890,19.77484662541929,-91.92263993591882,-14.676425694616627
891,20.057206226996072,-91.50683560260885,-14.32316891688669
892,20.33189700370773,-91.09472572095322,-13.964183190189482
893,20.601507758935764,-90.68657861956714,-13.599833187097872
894,20.865940288521045,-90.27977595286478,-13.253886992586402
895,21.124589763364124,-89.87571400944192,-12.938399315035
896,21.37938561649667,-89.47787939884067,-12.659516781947126
897,21.6275902068771,-89.08305032399635,-12.461913715654056
898,21.869197788586405,-88.69103294439556,-12.334790668594684
899,22.1085203458962,-88.30256460139168,-12.237958879254332
900,22.340332734697206,-87.92086765777036,-12.168212378703842
901,22.56372763166593,-87.54474719514064,-12.122943087936928
902,22.780529786210256,-87.17051535184862,-12.096559855511927
903,22.98789679519983,-86.80185989087906,-12.087872452067195
904,23.1864278225026,-86.43997562334792,-12.0924826408904
905,23.37870845393718,-86.08163998799961,-12.099736946096613
906,23.566820244714123,-85.72993694902057,-12.104464698038464
907,23.75001184061204,-85.38545758056344,-12.1010777261436
908,23.92615410414216,-85.0443757103061,-12.085658641167347
909,24.091340709870057,-84.71467727169502,-12.053971413920197
910,24.247217621189733,-84.39122389585592,-12.00824407344316
911,24.39572570754918,-84.07096538896026,-11.970939730677282
912,24.54208659578932,-83.75195795524863,-11.934136237773291
913,24.685625018649503,-83.43461155930714,-11.89278380961941
914,24.821762845589824,-83.11577083142322,-11.841932005012364
915,24.951010486045224,-82.80120551717329,-11.778161907605448
916,25.07262611676613,-82.4920954108793,-11.701930345200651
917,25.187525967253706,-82.1873002810582,-11.623864117912966
918,25.29867839038012,-81.89105148635703,-11.562002367791065
919,25.407151425572472,-81.59199717974082,-11.525755874623838
920,25.511320009477963,-81.29167743779443,-11.510545332895395
921,25.611792887375355,-80.99964571547953,-11.523515764895388
922,25.710371616328903,-80.70732577329491,-11.553069510093364
923,25.808559612247496,-80.41258873586108,-11.544390239095582
924,25.902473824165284,-80.12706007811107,-11.523586477757116
925,25.99091496766121,-79.84279399438985,-11.50010738161425
926,26.077334117707046,-79.55347712486193,-11.47469513549174
927,26.161403826197883,-79.26831905377921,-11.448044442944902
928,26.243435097780623,-78.98861465758438,-11.420703945334688
929,26.326625399539925,-78.7114140466199,-11.392868619242542
930,26.40732202928709,-78.44020795901419,-11.364877359131592
931,26.4847070780528,-78.17568314794512,-11.337566510062029
932,26.558119867435813,-77.91568716853918,-11.3118497182368
933,26.631032699701866,-77.65361630067197,-11.286454266401766
934,26.70472190874824,-77.3905572517998,-11.261539837612148
935,26.78121167390036,-77.12519565238576,-11.237413467098117
936,26.85783618865364,-76.86273658253621,-11.215288064608012
937,26.93325712625653,-76.59892606251947,-11.194362277766746
938,27.00581535975036,-76.33506902828427,-11.174400960660472
939,27.076154657061217,-76.08440662298456,-11.15633393768334
940,27.146397744530912,-75.83669557074957,-11.13848167623446
941,27.21417978058789,-75.586159167246,-11.120676792145543
942,27.27989121167497,-75.34023228850108,-11.103905519194448
943,27.34607419256664,-75.09040486603014,-11.08712400427789
944,27.412216232293268,-74.8305561817634,-11.06952289765543
945,27.47980247603324,-74.57669634431298,-11.05167166150337
946,27.54785474999552,-74.32764053430664,-11.032956032699053
947,27.613536626197902,-74.07264051000249,-11.01247631979008
948,27.675705919951227,-73.82075976569072,-10.992376063449326
949,27.732732198179097,-73.5770695850074,-10.969656103998748
950,27.787499351579733,-73.32828479847896,-10.944123835930409
951,27.84264696559369,-73.09076959064062,-10.91803345257221
952,27.896458819080333,-72.85762762838463,-10.890686138182618
953,27.94701072677961,-72.62181123376473,-10.861935066899592
954,27.993604794760977,-72.38944175780615,-10.832626631490191
955,28.037073688601545,-72.1627951287599,-10.80303646066996
956,28.080969938786595,-71.94012303871075,-10.773196869346904
957,28.127502532282406,-71.7180735300161,-10.743042853573057
958,28.173249052352084,-71.49256641937977,-10.712197216077042
959,28.21677958976824,-71.26659771716231,-10.681103680244274
960,28.26018761911375,-71.0460139428493,-10.65083240073307
961,28.30195125415933,-70.82413635383546,-10.620481444396288
962,28.343486452533675,-70.59827477849039,-10.588840387822616
963,28.38513293573561,-70.37613242134852,-10.557343336481606
964,28.425096982249013,-70.1527549463919,-10.525832847628068
965,28.464643937625706,-69.91779658131207,-10.493361929286223
966,28.503926037259884,-69.68606000220619,-10.462242257191669
967,28.543543405993628,-69.45843193300664,-10.432609571352316
968,28.58393541490444,-69.23054036472627,-10.40344922498613
969,28.621386430394093,-69.00415436314208,-10.374926117127336
970,28.658007648275326,-68.77978267727877,-10.346183678863442
971,28.691064273335595,-68.55408279674613,-10.316569169153258
972,28.72070815087781,-68.32403860486397,-10.286693179793952
973,28.748966964952167,-68.09364476874353,-10.257488954349476
974,28.77780531696301,-67.86843294309239,-10.229662905627404
975,28.80712178007517,-67.6523311408924,-10.204069596246995
976,28.834447837223365,-67.43652934359699,-10.180198613679812
977,28.85739756444796,-67.21548960454751,-10.15701045564822
978,28.879702022756724,-66.99968408246491,-10.13563347224633
979,28.90040301202304,-66.78805436594561,-10.115582973539103
980,28.92035489268473,-66.57864210297387,-10.096241749020097
981,28.942158676614817,-66.37472482107107,-10.078517841077222
982,28.963658117503687,-66.1686584507253,-10.062003795255006
983,28.9834426155094,-65.9578477935367,-10.045467311268888
984,29.00573508563093,-65.75256375979689,-10.029667439890108
985,29.02970285773852,-65.54935566630887,-10.014116895279829
986,29.05362684934147,-65.33925501022014,-9.998072882438692
987,29.0767199316904,-65.12916002098382,-9.982239577598431
988,29.10003461180021,-64.91936689782683,-9.96660162351889
989,29.1238015204246,-64.70943227892681,-9.95133357387553
990,29.14950574642432,-64.5005164507407,-9.936723982098794
991,29.176466813406872,-64.29442116701236,-9.922905062025237
992,29.2014649029179,-64.09134453550419,-9.909614355467143
993,29.22196508923365,-63.88494992666428,-9.895480719839084
994,29.243192503389963,-63.676170576944415,-9.879957449523792
995,29.26619711992843,-63.46568064565066,-9.863109562120169
996,29.28798436357071,-63.25267518208163,-9.845665914233066
997,29.30980871167729,-63.04208212516841,-9.829277192436953
998,29.33159790230049,-62.83729242218345,-9.81490023531807
999,29.34975278885868,-62.634686235509285,-9.802453773511504
1000,29.366201463558248,-62.42851745020947,-9.791693965278206
1001,29.38161868552833,-62.214645492748986,-9.78215350595979
1002,29.39764176724493,-62.007269284986734,-9.7745464387403
1003,29.413742367402666,-61.80018363592556,-9.768444184942034
1004,29.428278939913643,-61.59032903138132,-9.76336636286618
1005,29.440959378312897,-61.38384714734374,-9.759595788043857
1006,29.45246321635161,-61.1812222187252,-9.75691959000416
1007,29.46426568053021,-60.97677982028428,-9.75460564436365
1008,29.47900627169733,-60.76851379949738,-9.75208467357336
1009,29.494454432049345,-60.55602167800715,-9.749128841970064
1010,29.5085102207953,-60.33980090926988,-9.74558071007105
1011,29.51894309627419,-60.12282171717452,-9.741458522698666
1012,29.529753535043227,-59.90519036417013,-9.736487493962011
1013,29.54482756696193,-59.6856270581033,-9.730702025527291
1014,29.56043418758002,-59.4660754815509,-9.724057005122836
1015,29.57596471140212,-59.2449051528132,-9.71654821964352
1016,29.590810463798984,-59.02301412035568,-9.708293218781986
1017,29.604362758027367,-58.79899494122844,-9.698774015822112
1018,29.61682131596466,-58.57230928981889,-9.687864157222531
1019,29.629840984964822,-58.34315840479939,-9.675856913120963
1020,29.64362149021945,-58.11174353520076,-9.663531875485884
1021,29.657554157904467,-57.87826593436581,-9.651764436946998
1022,29.671030317601083,-57.64391294266348,-9.641287335955475
1023,29.68344130099679,-57.41103071656935,-9.632255688799226
1024,29.69706837060405,-57.17552480164557,-9.624989550051405
1025,29.71176506286392,-56.93749770375567,-9.619176476757907
1026,29.72337145190015,-56.70072461839544,-9.614087685936736
1027,29.73467922303201,-56.467069753264205,-9.609766518616889
1028,29.74598697860039,-56.229630482414976,-9.60571996202398
1029,29.756686057100584,-55.99269054987934,-9.60191433800201
1030,29.767075097788013,-55.757362451202255,-9.598678161363727
1031,29.779945779510086,-55.52337261121981,-9.596051720292628
1032,29.79321970489293,-55.28793801696402,-9.593563762037231
1033,29.80569472540274,-55.04910494279985,-9.591158774472422
1034,29.816914336276728,-54.80795758430573,-9.588764267277668
1035,29.826422031509253,-54.56530091275438,-9.586276345175026
1036,29.836651258478103,-54.32193988439389,-9.58320436338508
1037,29.848353361113027,-54.07966555296981,-9.579305081821586
1038,29.859142458070217,-53.84142780857158,-9.574534017049691
1039,29.86871418298616,-53.59991400517562,-9.569440410187964
1040,29.876764190233857,-53.35333308666695,-9.564195901301142
1041,29.882988155370104,-53.10524285578805,-9.55885245107729
1042,29.887081753201706,-52.85920111349349,-9.553278455620571
1043,29.889647953489963,-52.6146167073216,-9.54747554722694
1044,29.893782763630863,-52.368673908235,-9.54172652550463
1045,29.89771214356493,-52.122378936098464,-9.53599876602538
1046,29.900538297243504,-51.87673800835208,-9.53039854118806
1047,29.9021090607496,-51.63275734124532,-9.525249663618965
1048,29.902272262508905,-51.39037404372348,-9.52016035834846
1049,29.90087572285502,-51.14760084239836,-9.514694731938528
1050,29.897767268095155,-50.90437484273095,-9.508023733752726
1051,29.89568469930766,-50.664455079891184,-9.500471195445416
1052,29.89568368787049,-50.42625173594549,-9.492352669671028
1053,29.895682652616628,-50.182653411639,-9.48385526377846
1054,29.8977631688628,-49.93956405321317,-9.475064941194487
1055,29.9008695645382,-49.69757984764372,-9.46616365294216
1056,29.902264047195743,-49.45408632921334,-9.457090757201444
1057,29.902098787607223,-49.209221852468325,-9.448006523269768
1058,29.900525951638045,-48.96218647703098,-9.438839585276083
1059,29.89769771703761,-48.71526346541452,-9.429368883614368
1060,29.89376625133707,-48.4681174117425,-9.419469411204496
1061,29.889629349109143,-48.21956098126397,-9.409143414065118
1062,29.887061043899024,-47.96738217765878,-9.398644796744602
1063,29.882965326572936,-47.7121218553267,-9.388284527482604
1064,29.87673922519145,-47.45338256391507,-9.3782237941268
1065,29.86868708862163,-47.19385005027918,-9.368255161903676
1066,29.85911325647076,-46.933591394715485,-9.358474666853224
1067,29.849067693724727,-46.67160792743637,-9.348981679381229
1068,29.84047659412046,-46.40373811266039,-9.339863147944335
1069,29.83039613571794,-46.13514802593152,-9.33103148907041
1070,29.8183755167811,-45.8658301220904,-9.32242817384153
1071,29.80487123284712,-45.59270035680395,-9.31401283402586
1072,29.79242135596533,-45.31938360124025,-9.305768588706767
1073,29.78117234268364,-45.04429003827107,-9.29766693053065
1074,29.77046476425401,-44.76044242288789,-9.289681939062255
1075,29.75974069233623,-44.47401303543067,-9.28195191563957
1076,29.747797989653822,-44.184800638974494,-9.27458914449802
1077,29.732659698529663,-43.88623048115016,-9.267860730313398
1078,29.717320408680813,-43.58487730941609,-9.261394027214246
1079,29.701475785336022,-43.28192845525407,-9.255059715504352
1080,29.681522568709784,-42.973356568355605,-9.249089986268292
1081,29.656747467663788,-42.65909037777994,-9.24346864340303
1082,29.62879962521449,-42.34111714624241,-9.238076342056152
1083,29.600366096166635,-42.01963391083009,-9.232615088629762
1084,29.571345421435904,-41.69114995290848,-9.227226349344852
1085,29.540991974972084,-41.35645766712173,-9.221769439756422
1086,29.50778534471705,-41.01870818098107,-9.215996150221535
1087,29.47228665396344,-40.67843394605101,-9.209759641761469
1088,29.43360191280141,-40.33699335207233,-9.20284952965963
1089,29.39229223933945,-39.99250603473866,-9.194977898185831
1090,29.35084561723751,-39.64898509719319,-9.18631397210998
1091,29.31194595037644,-39.31104527331755,-9.17705846506333
1092,29.27277998758048,-38.97265265104453,-9.167110921950629
1093,29.231979491197244,-38.63817000904688,-9.156860702843884
1094,29.19060393581386,-38.30661125616005,-9.146588789099953
1095,29.153726240254496,-37.97146869377602,-9.13684011717971
1096,29.11946776805896,-37.63649718301149,-9.128176692398888
1097,29.088281226136388,-37.30309284051455,-9.120241825796349
1098,29.059909812230384,-36.968368672796025,-9.11258569069247
1099,29.031206811085063,-36.63587830209329,-9.105553435893444
1100,29.00141708297663,-36.30681660372444,-9.098092214031546
1101,28.970591332578845,-35.9780953361599,-9.088979496007356
1102,28.943650339611523,-35.65306684022403,-9.077246451245292
1103,28.92059410320631,-35.331738660819745,-9.06250808704606
1104,28.89650183773111,-35.00867643797162,-9.046303563642503
1105,28.87340436524048,-34.68750502832346,-9.025472285177315
1106,28.851001138326147,-34.36961801664732,-8.995655936653032
1107,28.82970110876655,-34.05837193798527,-8.952464309334413
1108,28.807831649914007,-33.74779575653623,-8.893887998155364
1109,28.78524056692193,-33.43730584817006,-8.815135936902362
1110,28.763296101740483,-33.13153327243116,-8.709868093328007
1111,28.74128495428213,-32.82840020029306,-8.577372440697365
1112,28.71920331675064,-32.527919206710976,-8.41665464309156
1113,28.694716038577432,-32.23411766637387,-8.22706897405404
1114,28.672439553559027,-31.946338600556384,-8.010338632068772
1115,28.652976835759567,-31.66571148221164,-7.765951139507214
1116,28.63016816751349,-31.38432623953786,-7.49183709917097
1117,28.60624095631001,-31.1076751197795,-7.190273897855387
1118,28.583226688320035,-30.83954903629804,-6.864277318798937
1119,28.562038382398008,-30.57806721886136,-6.516553373968302
1120,28.54069913369865,-30.324634205041377,-6.151786821304491
1121,28.51891414706774,-30.08225607816405,-5.77477943354402
1122,28.49952584355348,-29.85361607775578,-5.389662454306966
1123,28.480405155284537,-29.64086082196664,-5.001800430305965
1124,28.461105111628463,-29.4456002717309,-4.615779622325298
1125,28.44431595238001,-29.2689077204701,-4.234491382317759
1126,28.43064637261073,-29.111319828070528,-3.861791603366062
1127,28.42054338356353,-28.972836607335253,-3.501360979865603
1128,28.41283719035613,-28.85292142453104,-3.1555182519507112
1129,28.40635799142081,-28.751570084055743,-2.822688439495657
1130,28.40064548362029,-28.67115220974768,-2.502442215663664
1131,28.3929080003835,-28.612735224450752,-2.1942998210840923
1132,28.385223885696764,-28.56934019843896,-1.8973551200070031
1133,28.37879524942073,-28.537208913806328,-1.6092530770144622
1134,28.374078569940345,-28.51567430889542,-1.3242399457702416
1135,28.36752199544301,-28.50441946445508,-1.048078199847549
1136,28.35780549013128,-28.50447954761404,-0.7865302478012323
1137,28.35311949886701,-28.514779515840058,-0.5310980779464733
1138,28.34828643830879,-28.52740133272768,-0.2793028026109831
1139,28.342851676154403,-28.53852138301228,-0.0283513540486539
1140,28.336456960372505,-28.54841048842156,0.2260284595779036
1141,28.32864262052649,-28.55814026626414,0.4839487991947468
1142,28.32120995308796,-28.567489342184984,0.7456167886687753
1143,28.31689672301385,-28.575116091375275,1.0107570863155335
1144,28.313469205455924,-28.579544736218224,1.2814794100648026
1145,28.31108527183797,-28.58036524296337,1.5582326477845148
1146,28.310708666127017,-28.580330433581384,1.841440562966095
1147,28.313201663938088,-28.579440291096795,2.1341408348738664
1148,28.318579486970226,-28.57769482038443,2.435235296002912
1149,28.325879676803893,-28.5750940337857,2.742822894812056
1150,28.336826836617792,-28.571637949380342,3.051383702664777
1151,28.352942659463743,-28.567326567794705,3.3594431516560177
1152,28.37554593781307,-28.562159881436017,3.667531573051992
1153,28.400781094988574,-28.556137905488825,3.975645514212911
1154,28.42940898958912,-28.55046055594459,4.281035952576262
1155,28.46680691418914,-28.549624750742822,4.580674642247328
1156,28.51109620650832,-28.547864916140025,4.872537576775707
1157,28.5618412876948,-28.54279886209722,5.153642139162371
1158,28.61833333508289,-28.53717943671586,5.419767842716052
1159,28.684429240198064,-28.53662591894232,5.664658156618158
1160,28.76044286604716,-28.54184015428052,5.885268781314704
1161,28.84893502668739,-28.5477939751045,6.090594227694465
1162,28.94656370411529,-28.55032839332065,6.279533924493299
1163,29.05236641222445,-28.54824852503685,6.454632790302193
1164,29.17172356329101,-28.544508387042235,6.622475360871529
1165,29.30265823301865,-28.542062040328982,6.785440471981877
1166,29.44382561679661,-28.53971460758642,6.945319727426671
1167,29.595837544795845,-28.53404664849785,7.102486418350045
1168,29.758900037700045,-28.525460607281108,7.265230658311029
1169,29.93210387002954,-28.51534503523896,7.438206734931233
1170,30.116465406648327,-28.50624731043684,7.622601539239137
1171,30.31061509659556,-28.494274231684216,7.821417539694591
1172,30.513624706278865,-28.47882962248194,8.034704018149782
1173,30.72513792935727,-28.460517230166925,8.257734958475368
1174,30.944595566380897,-28.439940798531968,8.487109996392434
1175,31.171951972649016,-28.418690137962283,8.722936072752203
1176,31.4080668909032,-28.399513853035003,8.969566546907568
1177,31.648121637600568,-28.378720020518603,9.225695928056975
1178,31.88905192835971,-28.35591372882478,9.488688397479429
1179,32.13126421226632,-28.33189997137264,9.752628167094596
1180,32.365526312586816,-28.30748376935055,10.01471326546096
1181,32.58772969454675,-28.283470121046925,10.272209117356653
1182,32.79888946632053,-28.26066400242596,10.522481205077046
1183,32.9961619914755,-28.242623211325665,10.766734553107968
1184,33.178463067284625,-28.22755670405213,11.004094268808878
1185,33.343557683692936,-28.208151858429844,11.234996279687191
1186,33.48951523051847,-28.187358566941327,11.457213031849369
1187,33.616326206213635,-28.166967882719128,11.671082206734589
1188,33.724447100733386,-28.147784752751143,11.88085452900112
1189,33.81672031118571,-28.130614143134352,12.084027528910756
1190,33.893155358102085,-28.11506112542775,12.278669427410158
1191,33.952383982318395,-28.09743375690257,12.464232833968603
1192,34.00120368490205,-28.080480630037624,12.642218630073328
1193,34.0426426122274,-28.06579152931842,12.81570067880283
1194,34.07609018281465,-28.05397017684714,12.986090653907892
1195,34.103423128314574,-28.04179837015514,13.153373457841449
1196,34.12692397150499,-28.02828246550228,13.317853476187588
1197,34.14928104252514,-28.016577760781257,13.478545520320528
1198,34.17069849888856,-28.0070867354007,13.63616916418412
1199,34.1918154446587,-28.00021186476536,13.791938370195782
1200,34.21344469785966,-27.99635561331205,13.949363152165244
1201,34.23579356680422,-27.992098541807074,14.109037009345034
1202,34.25843026794171,-27.986245778813824,14.270844506975957
1203,34.281608434102104,-27.981751390540985,14.433878858983894
1204,34.30279320244391,-27.98156944725597,14.598738070059827
1205,34.32123322867907,-27.98450507400689,14.76670458356408
1206,34.339415808706434,-27.987138819100664,14.939500497874857
1207,34.354958249010295,-27.989873184954213,15.115358068551837
1208,34.36726138711841,-27.991910757150524,15.293430995634754
1209,34.378964707917575,-27.9891571021327,15.471007050581033
1210,34.38991923901632,-27.98671118688114,15.647414205048245
1211,34.39862231709736,-27.984364231496684,15.822528823304443
1212,34.40512781458078,-27.97869679843224,15.997574315879277
1213,34.41039946026131,-27.970111361344006,16.173793775580464
1214,34.41459513391976,-27.95999648602521,16.351469525991426
1215,34.41548114529287,-27.95089957070291,16.52982648643827
1216,34.41787676882607,-27.93892739872914,16.71029449821214
1217,34.42252762967435,-27.924469870574985,16.893303429465195
1218,34.42623628864931,-27.91027561658654,17.081253366960297
1219,34.425906751791814,-27.89265271745017,17.27138306808184
1220,34.42168168484806,-27.87219232423587,17.46272832406417
1221,34.415487295412,-27.85184429244965,17.655954427818433
1222,34.40646127381892,-27.82811791722552,17.852231759940185
1223,34.39384278028081,-27.80180558968863,18.0519343034004
1224,34.376972432199906,-27.7760584208392,18.25531434277464
1225,34.36026373976284,-27.74758693482436,18.46085402754032
1226,34.343412389562204,-27.717384778097788,18.66526193824415
1227,34.32139623048534,-27.688804343172787,18.864235277280763
1228,34.29634753054592,-27.66151022659869,19.055725204761416
1229,34.26736279099287,-27.633115212357307,19.23760468136749
1230,34.23195784166482,-27.596910423435933,19.408292504317856
1231,34.19272149117531,-27.559202271918547,19.56481299580296
1232,34.149952385091055,-27.52098942695799,19.70524820231376
1233,34.10324472846906,-27.48005990704697,19.830151246956063
1234,34.05031411382848,-27.44077647259828,19.93968575679122
1235,33.99130890020233,-27.40215303825143,20.03389517217668
1236,33.92576937879993,-27.357681951714223,20.113199033850297
1237,33.85541888161907,-27.31387085316195,20.17845779876957
1238,33.78130737112237,-27.271919636996763,20.230593877257785
1239,33.70394206315345,-27.229817558751897,20.270180225086875
1240,33.62403306654386,-27.18555387452324,20.29726639683061
1241,33.54158608659714,-27.13934240177449,20.31213523114588
1242,33.45431671887215,-27.09554590494736,20.31426938807832
1243,33.36212350230329,-27.05195239889684,20.30457633757044
1244,33.26591373238363,-27.008574450331785,20.284495188572027
1245,33.16918918765545,-26.96957354106013,20.256665388304995
1246,33.068601510668884,-26.93253645615858,20.222697394919923
1247,32.964171612721536,-26.89727452297601,20.18454432095888
1248,32.857573356415976,-26.86774799611488,20.143537124490805
1249,32.7483990488372,-26.84134241604024,20.098946368579966
1250,32.638470903440634,-26.816681788542084,20.04993991973524
1251,32.52880022338791,-26.795380243208324,19.99463120821392
1252,32.42029685054849,-26.77891773849251,19.933539675738498
1253,32.31447865805283,-26.766501877729315,19.86694354350925
1254,32.21043072938987,-26.75699229690802,19.79470674694101
1255,32.11200672137241,-26.75018353929505,19.717900510800494
1256,32.02117531625493,-26.747660372756584,19.636946401421213
1257,31.93656509405881,-26.748949048455685,19.551880884128416
1258,31.858683292931723,-26.75619446508377,19.462618585358427
1259,31.78874155058908,-26.769182796712773,19.36949750200891
1260,31.73024161745133,-26.783417113488014,19.27303019261815
1261,31.68161236432811,-26.800841080907173,19.173338517234377
1262,31.64195599822161,-26.82103964358285,19.07011292662173
1263,31.610917439860152,-26.83931465024874,18.96315872492718
1264,31.58793874895201,-26.85740852228625,18.85205668477134
1265,31.57225908308104,-26.87491877968261,18.73670537121584
1266,31.56291469652724,-26.889298039887453,18.61755041090825
1267,31.55873899142373,-26.90443950496924,18.49278844421625
1268,31.55836246056852,-26.92093936398835,18.361424744401564
1269,31.56021270010522,-26.93819390271525,18.22252033683657
1270,31.56251440002338,-26.95559939484137,18.078177145206435
1271,31.56419667581432,-26.973538203274234,17.928731458837856
1272,31.56647878277193,-26.99355149971849,17.774163946881274
1273,31.56839696344172,-27.00798707670242,17.612798656417247
1274,31.569793345335977,-27.01663866490283,17.444025787160246
1275,31.572901649982104,-27.02272444942309,17.26713958725427
1276,31.57498412438511,-27.029462627431563,17.08316106884504
1277,31.57498510147981,-27.037846831077804,16.89281620426583
1278,31.57498610075729,-27.044721747143345,16.696669661681675
1279,31.574987115785795,-27.04968488817761,16.495666239952573
1280,31.5749881428083,-27.0535336681153,16.291261468053975
1281,31.574989193471406,-27.060362511579104,16.084674749184323
1282,31.57499025478247,-27.06782527339984,15.876488374260726
1283,31.574991321803,-27.075720709202983,15.667527389455946
1284,31.57499239783824,-27.08599247576005,15.458815389815369
1285,31.574993461004247,-27.0941436539118,15.2508577659279
1286,31.57499450500862,-27.098974338132667,15.043879976472564
1287,31.57499553058747,-27.10048452911271,14.837726683809384
1288,31.574996534196,-27.09867422375472,14.633121853014403
1289,31.57499752098596,-27.0935434264746,14.429023489952923
1290,31.574998500380456,-27.085092145405177,14.223520913379575
1291,31.57499950497115,-27.077142310547345,14.013360241739884
1292,31.575000546149766,-27.07129128218721,13.797631744353088
1293,31.57500160599422,-27.064987476961665,13.57772851853294
1294,31.575002691107294,-27.058432141599653,13.352492464138178
1295,31.57500380597999,-27.05182652105356,13.121191289119723
1296,31.5750049633058,-27.045371867358146,12.88143427961514
1297,31.57500615129966,-27.03544750870989,12.632438858160745
1298,31.57500737031646,-27.021857235468627,12.373962979915325
1299,31.57500864613752,-27.01185077839096,12.107129343580947
1300,31.57500996120552,-27.00073165642472,11.831384855149032
1301,31.57501131447878,-26.989111140007594,11.54747297687469
1302,31.57501271609974,-26.98081114485061,11.256683523923767
1303,31.57501415642241,-26.975831662636327,10.96096472466612
1304,31.57576125816234,-26.974172687039964,10.661049124873175
1305,31.57887587998188,-26.975834206396293,10.358040660917135
1306,31.58110986747315,-26.98081624495465,10.049535796830508
1307,31.58245370867065,-26.98813271871423,9.734986950839676
1308,31.584681424382893,-26.9956387119108,9.41498714468819
1309,31.584697016131862,-27.00380799800164,9.08996550284152
1310,31.582643135455523,-27.01105579668772,8.759872278583533
1311,31.58044599007149,-27.01758753493616,8.423710993082112
1312,31.57932483019877,-27.024543573734448,8.082866550614034
1313,31.577463149266443,-27.03293013457165,7.736696259341178
1314,31.571463799705707,-27.0436192946202,7.382113052748187
1315,31.563002547064755,-27.057348938876583,7.018224252905326
1316,31.55071938391807,-27.075708882261523,6.646152852728434
1317,31.5316736485131,-27.101313599623246,6.268213548865193
1318,31.50799759056914,-27.130202805364345,5.883960450380522
1319,31.47953332160814,-27.161579070263308,5.495301750385
1320,31.445418532824803,-27.19571070418583,5.10626178025912
1321,31.402912259612968,-27.22997904286648,4.71947178681542
1322,31.352613659932423,-27.26578019248464,4.33727276094201
1323,31.2970068937728,-27.306600657341484,3.9615083656195904
1324,31.23588905752714,-27.35197086580612,3.594016329319788
1325,31.170005764334466,-27.40150089710056,3.2371413276564613
1326,31.101181761720245,-27.45680485491806,2.8942877036295127
1327,31.02657466458525,-27.5193627212604,2.56600505236422
1328,30.946037998746093,-27.58739601747701,2.252840377224523
1329,30.86053548976633,-27.657619463248448,1.953908084091661
1330,30.768343850166403,-27.73305422644853,1.6670318967632856
1331,30.670370384416724,-27.812304189131165,1.3914380474541392
1332,30.57173872021333,-27.891480319263845,1.1279567850940566
1333,30.467933917726512,-27.97682199191015,0.8745632159925896
1334,30.35956465840948,-28.067926726617763,0.6295991837372708
1335,30.2523632448748,-28.15775019068074,0.3913718416493411
1336,30.142423403763043,-28.25212926775936,0.1590649848994159
1337,30.02914788436017,-28.35145890572113,-0.0692179654560851
1338,29.91207702025453,-28.452789246423784,-0.2973487861454028
1339,29.79293414068082,-28.55961100512654,-0.5266379837318943
1340,29.671861905445187,-28.67113179496809,-0.7583579338462881
1341,29.54596719272482,-28.7842005078405,-0.9924234988240248
1342,29.41534825558547,-28.895531858260057,-1.2277180706863016
1343,29.28165992992128,-29.004917054417568,-1.4646824898247266
1344,29.14520340616315,-29.117320913300123,-1.703546485366645
1345,29.005572882583085,-29.22838066771513,-1.9440609234193893
1346,28.86411695657977,-29.338096312883003,-2.186461544975763
1347,28.72565496193264,-29.45083059606721,-2.4311590537116525
1348,28.585367585802448,-29.567124382623128,-2.679136622282676
1349,28.441906216766093,-29.68439422557561,-2.929576446822768
1350,28.29567661608621,-29.798684024402032,-3.1807752214247627
1351,28.144296100341982,-29.91630022562283,-3.4334651146664843
1352,27.987165500895863,-30.03704158491072,-3.6869028067749534
1353,27.82692427928277,-30.1541991651885,-3.9393202208329567
1354,27.664231864369853,-30.27407940570579,-4.19236679857239
1355,27.50059472653406,-30.39648105535809,-4.445583181241368
1356,27.338496989598056,-30.51469517562025,-4.696670674698348
1357,27.172764305071404,-30.63502822929744,-4.947542020173312
1358,27.00249887753587,-30.75727897908204,-5.198754607759369
1359,26.830948852196386,-30.874738492026275,-5.45006476497307
1360,26.658573928995423,-30.9937131988016,-5.700667270629743
1361,26.48448011249544,-31.11400185677864,-5.9501001484541485
1362,26.309329941691367,-31.228895539595527,-6.197893434594256
1363,26.13388746061572,-31.34470068630248,-6.444938177250234
1364,25.956655709467626,-31.46220214762644,-6.69124935070715
1365,25.775201232189048,-31.57683592038723,-6.936658978900848
1366,25.59206209123208,-31.69061274362604,-7.181310731034789
1367,25.408292054281585,-31.80353260661889,-7.424225600428154
1368,25.22663205910732,-31.91358474889354,-7.665454556760896
1369,25.045054454018008,-32.02426408184764,-7.902735514345847
1370,24.861763632167573,-32.13397827075886,-8.134332887978346
1371,24.67493482861468,-32.24199361591035,-8.359320129723153
1372,24.48482483094506,-32.34877967883993,-8.576852492847522
1373,24.290980932354305,-32.45374027607673,-8.786154472285714
1374,24.095281763846323,-32.55311634879313,-8.985207323498837
1375,23.897625902638648,-32.6524764513603,-9.175222967298332
1376,23.69801335116625,-32.75200170218002,-9.356482836056006
1377,23.496545534712283,-32.84665851749547,-9.528063083051835
1378,23.293425348733813,-32.93536941180668,-9.690872515277691
1379,23.088957137848656,-33.01911544380262,-9.845561786716708
1380,22.8835466798996,-33.09708744847124,-9.991653923177616
1381,22.674811275479552,-33.171363269136016,-10.13062325696023
1382,22.46215176422104,-33.24094424932045,-10.264286258349486
1383,22.24820762994917,-33.29965810768487,-10.393698570971283
1384,22.033638294145824,-33.35448209111496,-10.519045702071052
1385,21.818297301869983,-33.40700601871571,-10.64087764518162
1386,21.599646593189348,-33.45360502396207,-10.76052985322117
1387,21.38011962342084,-33.49736315054489,-10.87993918166079
1388,21.160467734865204,-33.53927403465434,-10.99991594674006
1389,20.9383050307983,-33.576316525805055,-11.119678962339448
1390,20.716217120142986,-33.60835645678953,-11.239798991409824
1391,20.495853137819825,-33.63539382466114,-11.36065809843918
1392,20.27660123423392,-33.65756278850406,-11.481129835934471
1393,20.05506107481732,-33.678953613930325,-11.601557438892902
1394,19.831070981760355,-33.70036623924661,-11.721693808695232
1395,19.606252804128346,-33.71528878366915,-11.841128070977328
1396,19.38024832605901,-33.72928980167797,-11.960657978331303
1397,19.15425588255544,-33.74276422743687,-12.080267171069076
1398,18.928120130651187,-33.75303050410575,-12.200029567058175
1399,18.700978780453127,-33.761363167642,-12.319448200802317
1400,18.472070985408024,-33.76797100680399,-12.438134842255256
1401,18.24073733514442,-33.76989994662434,-12.555609852536666
1402,18.006419875515633,-33.76694874703932,-12.672163410403146
1403,17.768662099800064,-33.76011607140458,-12.787059073438144
1404,17.527108957551903,-33.753697609399794,-12.899828481276902
1405,17.28358837761104,-33.74830127194584,-13.00915297085186
1406,17.036892508485465,-33.74154484406414,-13.113734022535118
1407,16.78423284164828,-33.72980763664501,-13.213089664699318
1408,16.527893824063813,-33.717112811498815,-13.305375125473155
1409,16.26712412172885,-33.705258968103955,-13.38916232309731
1410,15.999591731804657,-33.69189575738919,-13.463232817014628
1411,15.728037603630312,-33.677425657543246,-13.527185276443577
1412,15.452912541006514,-33.663237239856265,-13.580656603775022
1413,15.173962931327033,-33.65187789757815,-13.622925168484173
1414,14.891138050051056,-33.63945442938531,-13.655320299445606
1415,14.603844440567324,-33.62537065988008,-13.679021550685228
1416,14.310815298426066,-33.61023032342434,-13.695048505224529
1417,14.012966817260104,-33.59738998624186,-13.70440171963192
1418,13.71060714202216,-33.58605725950285,-13.708006223943174
1419,13.406477218483598,-33.573215174890315,-13.706288520944147
1420,13.09854939631168,-33.55966871404262,-13.700480394634296
1421,12.78668101964394,-33.546009032494226,-13.691564604725878
1422,12.474069539156885,-33.530689070512224,-13.679725949348535
1423,12.157062262921082,-33.51216178732041,-13.666305688597872
1424,11.836121411182004,-33.49200442859694,-13.652488959627709
1425,11.51423838387082,-33.47316687911113,-13.639416749906554
1426,11.191616071821311,-33.45215842031242,-13.627945947872549
1427,10.8678131865471,-33.4297714476469,-13.618570625915863
1428,10.541613643385544,-33.409157081854715,-13.61034304562567
1429,10.21677284880789,-33.38702583751592,-13.602952672449574
1430,9.893001679718015,-33.36317143980321,-13.596157169365537
1431,9.56583586474145,-33.336449324566566,-13.589457180445034
1432,9.238571139877791,-33.30846775028112,-13.58269430314216
1433,8.91346531737135,-33.278824228390086,-13.575735147287055
1434,8.590413779060604,-33.24510552524475,-13.568373812113965
1435,8.26931191238128,-33.21147317015664,-13.560714745239066
1436,7.950764591479947,-33.17892582917684,-13.55281721663424
1437,7.633045330063078,-33.147396425633644,-13.544791282263496
1438,7.316407737998718,-33.11313010547358,-13.536501519098724
1439,7.001003982971613,-33.07473074839247,-13.528063996311284
1440,6.686884793415958,-33.03508535056943,-13.519772288170836
1441,6.376889394668863,-32.99446223305982,-13.511834744049416
1442,6.072073460202383,-32.95206397117504,-13.50435861729925
1443,5.770253990032995,-32.90393027930224,-13.497255663417109
1444,5.471228096540278,-32.85542846924497,-13.490667104419156
1445,5.173945814197814,-32.80675223850086,-13.484694459743949
1446,4.876379488013678,-32.75501878610735,-13.47928934800182
1447,4.58127006317785,-32.70023230634266,-13.474796035905385
1448,4.28892568183849,-32.64159285957619,-13.471270451598048
1449,4.00026253358809,-32.58151786923235,-13.46835420182116
1450,3.714013806260868,-32.5133654906486,-13.46616197239599
1451,3.42958603936342,-32.438121814920265,-13.464743433199256
1452,3.146928513777568,-32.364573601773785,-13.464037474854695
1453,2.868677558809032,-32.28493862707935,-13.46414013478531
1454,2.594838880842784,-32.19722458786458,-13.465011331074754
1455,2.321201834512976,-32.10505636983063,-13.466440208654632
1456,2.053194419869404,-32.00575241167309,-13.46818577786298
1457,1.7920282835779284,-31.89792413728217,-13.470043329256336
1458,1.5362844484643403,-31.781303222305027,-13.471865091632306
1459,1.2843410465225948,-31.6595774444628,-13.474315842548126
1460,1.0360554198222838,-31.53533025767368,-13.477295885277211
1461,0.7942192372354522,-31.408289142367643,-13.48028894660979
1462,0.5593397304036917,-31.27462797177873,-13.48321886308918
1463,0.3317212378176821,-31.134937896976496,-13.486080037704136
1464,0.1114652052219923,-30.992302963768307,-13.489030308394206
1465,-0.1015298123372059,-30.843500774310936,-13.492150726111342
1466,-0.3083137820302356,-30.68972620749264,-13.495443255922842
1467,-0.5110158046624378,-30.53466703551931,-13.498884323925706
1468,-0.7070978257169365,-30.37845742191535,-13.502508329303929
1469,-0.8982089782933719,-30.220299942886363,-13.506350837093258
1470,-1.088861078201777,-30.05636847102599,-13.510491021160338
1471,-1.271138792948883,-29.88954581045088,-13.514978406009742
1472,-1.4454891184037315,-29.719638264982216,-13.519778698472752
1473,-1.619266262628038,-29.541278522473974,-13.524736033507043
1474,-1.7873972887133092,-29.35842687322152,-13.529864861915073
1475,-1.9491270575123445,-29.17308065139343,-13.535173623157094
1476,-2.1064324992391708,-28.98946846879994,-13.540688275734444
1477,-2.256623391637352,-28.801690562019868,-13.546388374113688
1478,-2.400451070142926,-28.60736472036573,-13.552165863925502
1479,-2.5406533106503617,-28.40937793635428,-13.55783773578841
1480,-2.674492336604963,-28.20799853455632,-13.56346138557202
1481,-2.801216813346021,-28.003629001013792,-13.56905212352461
1482,-2.923516965667069,-27.796805983283168,-13.574664927567278
1483,-3.0394158630584087,-27.588200292178115,-13.580564882195592
1484,-3.148761336986526,-27.37960298752656,-13.586682714262189
1485,-3.25322598070081,-27.17409810975057,-13.592288895868236
1486,-3.349815231571084,-26.964641328337542,-13.597520992796836
1487,-3.438230457385451,-26.74885798013914,-13.60241131457282
1488,-3.519283226906176,-26.52869760363923,-13.606941790123024
1489,-3.596069548796093,-26.30610973655416,-13.611190889123073
1490,-3.6687511044144094,-26.082105623948888,-13.615185449156703
1491,-3.736010365729853,-25.86077971697187,-13.61884867500862
1492,-3.798814238471561,-25.63978586038024,-13.62221140360818
1493,-3.8576230340572697,-25.41793672219478,-13.62528444441611
1494,-3.9154313146693394,-25.195031058868462,-13.628077461492328
1495,-3.967676543098033,-24.97086762959537,-13.630575372506696
1496,-4.013464726202448,-24.74524519217712,-13.632780058785244
1497,-4.058480649026607,-24.51796250166967,-13.63469148082488
1498,-4.096688907715523,-24.292640252911003,-13.636367619587574
1499,-4.127952550365483,-24.070674567376173,-13.63787272870827
1500,-4.157902465272656,-23.84931261011991,-13.63930400273712
1501,-4.186592542744186,-23.62580154853629,-13.640701421217528
1502,-4.212824454823141,-23.404495772469687,-13.642074257497798
1503,-4.237057884455178,-23.191013307302928,-13.643364734278135
1504,-4.257873846286951,-22.97087222466319,-13.644284282019036
1505,-4.275576680427006,-22.74806719236714,-13.64489757758099
1506,-4.292194041992479,-22.528129868299143,-13.6452629082376
1507,-4.304984987808633,-22.310859011115102,-13.64529518587
1508,-4.314548682924021,-22.095067288252963,-13.644891127234914
1509,-4.323369284594385,-21.87840854334785,-13.643929255393353
1510,-4.3262724131892565,-21.6611552949652,-13.642258587133146
1511,-4.323105898562266,-21.44152151393512,-13.639788164514153
1512,-4.318739783054472,-21.219511390071343,-13.636490152086909
1513,-4.313275517408805,-21.00263882284105,-13.632368805718746
1514,-4.30611013300868,-20.791910026153555,-13.627413589310944
1515,-4.294350513440098,-20.581823529407952,-13.621666713719051
1516,-4.280176482502385,-20.376071296764906,-13.615225617383263
1517,-4.264187205882988,-20.174062177188425,-13.607985927905816
1518,-4.243946075703391,-19.972846289052303,-13.599797187633946
1519,-4.217117933815413,-19.773161523319075,-13.590581568601616
1520,-4.184606284113722,-19.576597696650325,-13.58023478294962
1521,-4.149098177404291,-19.385769285632914,-13.568707836600405
1522,-4.110492165914443,-19.19671600151882,-13.555890870218484
1523,-4.069695557107275,-19.00864041937161,-13.54166820917891
1524,-4.030210140227589,-18.82181086050596,-13.5259341403983
1525,-3.992850651944716,-18.63636148656959,-13.508688837258273
1526,-3.955364992677264,-18.45349220803516,-13.489782011046191
1527,-3.912173003273342,-18.2775658012076,-13.468914678621834
1528,-3.865555942232297,-18.09490446806656,-13.44584176645134
1529,-3.817020286718727,-17.91214167137839,-13.420804627204353
1530,-3.767428330561624,-17.733548788147374,-13.394071186515058
1531,-3.714853867956492,-17.5597345786898,-13.365780525100082
1532,-3.6598998670876655,-17.389614847933366,-13.336020146256926
1533,-3.607284198058309,-17.22225046102227,-13.304828133361347
1534,-3.551984654146916,-17.057637228829655,-13.272479993656392
1535,-3.493255608831279,-16.897561181225758,-13.239221119202965
1536,-3.4344974032117244,-16.74174980046854,-13.205296786401034
1537,-3.374240339362119,-16.58979641051676,-13.170958892588732
1538,-3.3118909586848986,-16.442098466909407,-13.136514488247316
1539,-3.2476014284419805,-16.295836056833696,-13.102245589492938
1540,-3.1836054628997736,-16.15724854171968,-13.068250656729097
1541,-3.118253932349058,-16.02593343711799,-13.034694678216324
1542,-3.047339365530324,-15.894846411422227,-13.001573242109034
1543,-2.9764958147508893,-15.767071507328676,-12.968928596563543
1544,-2.9066343921373843,-15.644399784542095,-12.936874102586852
1545,-2.8385698368890715,-15.527502051048112,-12.90545738423756
1546,-2.7711367868166867,-15.413093020254408,-12.87462712532217
1547,-2.7040461200669976,-15.299977813857044,-12.84443778160271
1548,-2.637754344485313,-15.190976345065884,-12.814975598745855
1549,-2.572717966412282,-15.086021532355032,-12.786075529784902
1550,-2.508486185419591,-14.985898222090873,-12.757656778996472
1551,-2.4421151677827373,-14.892415922023613,-12.729515088939165
1552,-2.3755311167028936,-14.800809373038826,-12.701892037734735
1553,-2.309783996646439,-14.708490090840872,-12.674817801348556
1554,-2.245178144519881,-14.612776516458725,-12.648189801186568
1555,-2.1820179001180566,-14.5211154674234,-12.622041807224983
1556,-2.120607601533229,-14.43529800338767,-12.59636502694732
1557,-2.061251584827361,-14.351632159096082,-12.571032573480776
1558,-2.001364247137537,-14.26904464145791,-12.546123455770388
1559,-1.9400420858493288,-14.187527904372192,-12.5217160452401
1560,-1.8795188140967607,-14.110237264458032,-12.497826535947326
1561,-1.8199465994619075,-14.033753273356082,-12.474541332870484
1562,-1.7614776101642986,-13.955894963629936,-12.451905107781606
1563,-1.704264015762473,-13.877471498859595,-12.430014991158725
1564,-1.648457985697682,-13.802979813539396,-12.408633595743526
1565,-1.5925587548768751,-13.732419907656215,-12.387635868451616
1566,-1.5316962857792356,-13.661294847203022,-12.367079738611412
1567,-1.4736305538966317,-13.588795466612062,-12.346603958665336
1568,-1.419417230809431,-13.51611664349634,-12.326004421212222
1569,-1.3619525691979364,-13.444532916493424,-12.305262378670658
1570,-1.3038728937602748,-13.375184658923876,-12.283803741820355
1571,-1.2468368444472733,-13.309078083314567,-12.261414098013791
1572,-1.1916559880895496,-13.2470852409854,-12.238045214782549
1573,-1.139040445633816,-13.189944021313346,-12.213587280644964
1574,-1.089598892137299,-13.13825815204904,-12.187973973542595
1575,-1.043838556894356,-13.09249719966252,-12.16132263759721
1576,-1.0042467646447406,-13.051927466797771,-12.133887104488874
1577,-0.9700721814631492,-13.013756711703246,-12.10571530893442
1578,-0.9387799293576712,-12.976982914124097,-12.076731033720364
1579,-0.9106236237064824,-12.94536092811341,-12.047589468820982
1580,-0.8857554334600664,-12.92028687501859,-12.018460037650716
1581,-0.8642260808609835,-12.898873761422134,-11.989520032551544
1582,-0.8459848428434442,-12.880853264191463,-11.960981455941043
1583,-0.8316251774442048,-12.86680898686057,-11.932848859483157
1584,-0.8225153354823649,-12.858349194156636,-11.90555093968192
1585,-0.8150520867966632,-12.850507383726342,-11.87808063237571
1586,-0.8080237872084423,-12.84147991681158,-11.849611308867514
1587,-0.801024653126924,-12.830528902996498,-11.81981536046444
1588,-0.7935474554728227,-12.820604220963846,-11.78694821171184
1589,-0.7849835191666612,-12.81229702102893,-11.750974096256815
1590,-0.77518194275979,-12.801915338230094,-11.711592622277673
1591,-0.767437495739105,-12.788385858434834,-11.658974527708626
1592,-0.7606108150492208,-12.7717010392441,-11.595202124810427
1593,-0.7497427849084424,-12.755016203925749,-11.523055074396256
1594,-0.7369117766206881,-12.738733824216151,-11.435835356555527
1595,-0.7233199236305135,-12.723256387607742,-11.334717764776393
1596,-0.7094237324488933,-12.708986383680465,-11.22188497882972
1597,-0.6977612510379847,-12.696326311472978,-11.104346865794511
1598,-0.6877333152093328,-12.685678652772852,-10.980330428882429
1599,-0.6770586621868395,-12.677445880889511,-10.84374281518293
1600,-0.6663459672779032,-12.6747833120956,-10.694970036953563
1601,-0.6552965991233273,-12.675497404389546,-10.535087955404064
1602,-0.641118894168672,-12.671873022192136,-10.365270905191707
1603,-0.625891224569846,-12.666457565100938,-10.187194683295772
1604,-0.6108157238074468,-12.660639609760668,-10.002134785637898
1605,-0.5963488981470392,-12.65482164132358,-9.810049330474683
1606,-0.582947254084477,-12.649406151295103,-9.614154901668751
1607,-0.5710672981542539,-12.64479563223682,-9.418197902604978
1608,-0.5611655368682361,-12.64139257663887,-9.22589229354692
1609,-0.5528900781617291,-12.63577753663642,-9.037182383672764
1610,-0.5444339187623403,-12.62823477115532,-8.854397353352974
1611,-0.5354451707329795,-12.623456592430896,-8.680581754463166
1612,-0.526380339675198,-12.616112585000325,-8.513396023831904
1613,-0.5176959317812991,-12.606605236889612,-8.354350704450251
1614,-0.5105940796092465,-12.59533703708264,-8.205492255515992
1615,-0.5071531524411089,-12.582710452643752,-8.057765363492514
1616,-0.5039751921133104,-12.569127976071805,-7.914748245936204
1617,-0.4989426765714505,-12.55499210011999,-7.78022998577736
1618,-0.4934119676376725,-12.543458128166344,-7.648717940098811
1619,-0.4875604375962097,-12.533532432662843,-7.523812560404021
1620,-0.480880857945331,-12.521996817952886,-7.40898459976089
1621,-0.474008215714039,-12.513584259048669,-7.306124850666621
1622,-0.4640146908814351,-12.504154178559372,-7.208182974507753
1623,-0.4469716360161727,-12.492711662581367,-7.104170587443806
1624,-0.4271789252777366,-12.482814517121,-6.997617556864438
1625,-0.4047739864940815,-12.47415081978654,-6.890542858881841
1626,-0.3777792613718719,-12.461885719814072,-6.783597284067722
1627,-0.3458143290419846,-12.445046119574188,-6.672772585381344
1628,-0.3097693759763741,-12.425206743751446,-6.559105680163329
1629,-0.271255486945535,-12.403432923185168,-6.444491230094053
1630,-0.2269769448325229,-12.377545369604508,-6.32869512260089
1631,-0.1772512437048499,-12.346721715974809,-6.212483437154928
1632,-0.1220008735094844,-12.31106447203113,-6.096755504656088
1633,-0.0606293650841171,-12.271764952638195,-5.9824854349214185
1634,0.0067952813871135,-12.229817423652417,-5.870915989110617
1635,0.0813921406256561,-12.18613670524189,-5.764710782271045
1636,0.1619958526084172,-12.133615571188344,-5.657256993730376
1637,0.2511352662241147,-12.07377360939886,-5.547341541335364
1638,0.3481931462767271,-12.008796189111882,-5.435747178707155
1639,0.4479168249053795,-11.940478349094912,-5.321271162075361
1640,0.5513787743992159,-11.87041808188966,-5.204874982441963
1641,0.6597064690080721,-11.800133930956312,-5.087510098373716
1642,0.7724556049677065,-11.728855301378,-4.966332650372193
1643,0.8917823781092429,-11.656656820998473,-4.84214484287648
1644,1.0171007805933232,-11.580450256168843,-4.71478082499861
1645,1.145419431859383,-11.50372213147065,-4.583094940057779
1646,1.2789691855012535,-11.427134448792462,-4.44675920143059
1647,1.4172068308323087,-11.346365522178884,-4.303311215316058
1648,1.5548443502405116,-11.26494255494443,-4.156634187257801
1649,1.6940322351663737,-11.187638346316492,-4.008083395342678
1650,1.8374174271087893,-11.112765813801728,-3.858159018384821
1651,1.9826926696155769,-11.038279826212214,-3.704135298571594
1652,2.127938102760062,-10.96551403936801,-3.548671059541096
1653,2.2708103310014804,-10.894473490356964,-3.3942505484207874
1654,2.4123739006487703,-10.820431913497318,-3.2380464586454227
1655,2.557062462151879,-10.747128429884908,-3.079595542582865
1656,2.703811787400482,-10.676255994540917,-2.9208221048974154
1657,2.8463284475192503,-10.610969934105489,-2.768230823985263
1658,2.9877884781404034,-10.546935984696027,-2.618204079963612
1659,3.127328955380713,-10.482940609705128,-2.468924676275128
1660,3.2640214976694666,-10.418213219350267,-2.321017630574889
1661,3.4012057272488843,-10.354272351753506,-2.173362413088671
1662,3.53735996001987,-10.292715999187262,-2.0267581455176527
1663,3.66616635092661,-10.23533920833616,-1.8837670297602969
1664,3.785942489191208,-10.182848215903812,-1.7450156036254034
1665,3.8988976734209735,-10.13502437752757,-1.6091737281375948
1666,4.004423229648363,-10.090292128394474,-1.4733867330646797
1667,4.100133284976272,-10.049365044264862,-1.3389240327508891
1668,4.18617620464476,-10.0117500843856,-1.2074954062949168
1669,4.262193756983081,-9.975168180070783,-1.079633266080798
1670,4.330112146237672,-9.94364669450508,-0.9571392467698115
1671,4.39037836879613,-9.917781807806882,-0.8401013678149778
1672,4.440505103124233,-9.896835630356282,-0.7272190512263443
1673,4.483179391763864,-9.883758036109034,-0.6169603687097698
1674,4.519609072605035,-9.879140173342847,-0.5089321162729727
1675,4.548067667403102,-9.87929008725456,-0.4051361884384019
1676,4.569113125703535,-9.88313448251167,-0.3038817631304176
1677,4.58350628927146,-9.89045198978251,-0.2039216886934401
1678,4.59221089192151,-9.902045898892816,-0.104545618833029
1679,4.599283488815885,-9.915966671749024,-0.004062907817729
1680,4.606167302314271,-9.931503042109032,0.0975732742414089
1681,4.60825495621376,-9.945684805051512,0.1981635607806844
1682,4.607740051810894,-9.956605814593043,0.2993967389923678
1683,4.610460147052209,-9.961586393852809,0.405388921147182
1684,4.612264377449719,-9.964755793593923,0.5112435013932063
1685,4.614441892203394,-9.963361184760844,0.6185715981238487
1686,4.618866739498688,-9.959784764759023,0.7313120201667802
1687,4.622264449828998,-9.959792128408903,0.8472326776590587
1688,4.624482852791135,-9.9588863527232,0.9651564435581376
1689,4.625369779788906,-9.955867532353391,1.0842899117283658
1690,4.624773062989618,-9.950735668690804,1.2038084050097335
1691,4.622540534190491,-9.943490762250164,1.3234478478279337
1692,4.619427329683416,-9.934132813517568,1.442583923086091
1693,4.618681612462876,-9.922661822801182,1.559673140335092
1694,4.618681523497116,-9.912899718101242,1.6741878668697938
1695,4.618681438294709,-9.906443859994807,1.78639184784881
1696,4.618681354134093,-9.900742661722475,1.897790964595777
1697,4.618681270556821,-9.895997364241936,2.0092063308166828
1698,4.618681188085421,-9.892409210576336,2.1201095657181552
1699,4.618681108754001,-9.890179446979667,2.2278991271391084
1700,4.618681032289548,-9.889509314808388,2.3331147180101723
1701,4.618680956790187,-9.890600051962055,2.438513286693809
1702,4.618680883482633,-9.893652903076598,2.5425551647872573
1703,4.618680809792046,-9.895047184156931,2.6456852566860105
1704,4.6186807344219405,-9.893386776274426,2.7484740374805803
1705,4.618680659057823,-9.891424505570663,2.850940439801268
1706,4.618680583006056,-9.88916037041158,2.954131909057798
1707,4.618680506091076,-9.88659437042816,3.058295630916644
1708,4.618680428479381,-9.883726506117329,3.1631411193588104
1709,4.620761885996217,-9.880556776224289,3.2685923983133707
1710,4.623869211391217,-9.878285087458105,3.3750534191462167
1711,4.625264645686591,-9.88140836613749,3.482744946899921
1712,4.625100354768865,-9.884161025389568,3.590007561770773
1713,4.62352850484189,-9.88317477402017,3.6968796739738057
1714,4.620701263833979,-9.879057530334412,3.804524376221684
1715,4.6167708033734485,-9.87610497636842,3.912043331117641
1716,4.611889292500709,-9.875315776176445,4.019319912536585
1717,4.6062088994202615,-9.876488687449642,4.126374294343914
1718,4.599881791683453,-9.879422466438502,4.234156803675461
1719,4.59306013728017,-9.883915870464987,4.342954876048071
1720,4.585896103979526,-9.889767656486784,4.453313876556408
1721,4.578541859635893,-9.896776581407044,4.56577960065348
1722,4.571149572815727,-9.904741403779235,4.679845468144332
1723,4.56387141263623,-9.91346088337506,4.794204661796767
1724,4.554778012708093,-9.922733780770498,4.907921628303536
1725,4.545077208649659,-9.932358853074398,5.021009573480617
1726,4.537658929399637,-9.942134855872416,5.133780004859232
1727,4.534604709422826,-9.95186054460681,5.246962347427572
1728,4.534113256334128,-9.961334677470944,5.361076860508986
1729,4.531824948656159,-9.970356014142794,5.476717446193439
1730,4.531140112854934,-9.978723309949077,5.594172689935859
1731,4.532966051945596,-9.985249237150445,5.712814422265077
1732,4.53730276535712,-9.987587650819728,5.831335860172035
1733,4.544150256068747,-9.989832989016824,5.94922151332606
1734,4.552601221319634,-9.992782674573489,6.066034475509122
1735,4.559255333117864,-9.9960342257647,6.181603920630651
1736,4.565582283734804,-9.999185157691116,6.295766002454286
1737,4.572175529562451,-10.0018329861548,6.408300398696902
1738,4.578882901364387,-10.00357522559992,6.520186579641775
1739,4.58555223320456,-10.007831315583305,6.631121274505539
1740,4.592031358575042,-10.016782218105815,6.7405477129341484
1741,4.598168108519151,-10.029618770771618,6.848781483925578
1742,4.603810311535406,-10.041844051956904,6.956387787542738
1743,4.608805798699192,-10.052258156392623,7.063224512113707
1744,4.613002402689431,-10.060861086312968,7.16794194021041
1745,4.616247955068753,-10.067652841388348,7.270808654655438
1746,4.61839028681952,-10.072633420050474,7.372879854786098
1747,4.619277228702427,-10.0758028203339,7.475467997560502
1748,4.618756615561574,-10.07716104899738,7.574326705059732
1749,4.617583582804997,-10.07670810620626,7.669044349037752
1750,4.619006287646121,-10.07444398662971,7.761710696041225
1751,4.6214028687266815,-10.067615869942538,7.851409336220451
1752,4.623120398574763,-10.057619872529765,7.938785743888084
1753,4.620758551671321,-10.048076673196917,8.025272631292465
1754,4.618676948590814,-10.038785026776225,8.111153329664816
1755,4.618676880850711,-10.029543689597132,8.196763068400239
1756,4.6186768133394285,-10.020151421184476,8.281934488176306
1757,4.618676749223039,-10.014228903455322,8.365437495107566
1758,4.61867668922944,-10.013172252834236,8.44747515375059
1759,4.618676630813437,-10.014228643903646,8.529162079225731
1760,4.618676573888445,-10.017398076420308,8.610641891257993
1761,4.618676518357056,-10.02268055017594,8.69204974578831
1762,4.618676464710915,-10.030076066322849,8.772679707609644
1763,4.618676412407428,-10.039584623614282,8.853310072941738
1764,4.618676361599848,-10.051206222382731,8.933731301336147
1765,4.618676313370014,-10.064940865069506,9.012419220806638
1766,4.618676263846202,-10.076966626971696,9.091400900368631
1767,4.618676212181542,-10.0856861498838,9.170455630352729
1768,4.61867616103625,-10.093651017397896,9.248121048670711
1769,4.61867610838121,-10.100659983345825,9.327030572567375
1770,4.6186760537512725,-10.10651180499616,9.407659790086552
1771,4.618675997026797,-10.111005240352895,9.490032742592753
1772,4.618675940810115,-10.113939053369355,9.570365984308626
1773,4.618675886408692,-10.115112005211152,9.646664866110294
1774,4.618675833907628,-10.114322854474876,9.718617528974846
1775,4.618675783101635,-10.111370359003576,9.786330853037835
1776,4.618675734138021,-10.10725318116682,9.85047328650158
1777,4.618675689380065,-10.106266998328977,9.911532553948993
1778,4.617557212276704,-10.106266908903876,9.968253226335708
1779,4.614005950149709,-10.106266829187916,10.01986253917481
1780,4.612204622762854,-10.106266749774084,10.07058061375891
1781,4.612001060710739,-10.103513850154014,10.119613641287597
1782,4.613243095808066,-10.09940424438036,10.168174743105496
1783,4.615778559720437,-10.09755860485186,10.219665749774148
1784,4.619455284987389,-10.097775691603337,10.272904663538572
1785,4.624121104267401,-10.099854264950766,10.326546564853787
1786,4.629623847632509,-10.10359307955574,10.382783726364298
1787,4.634692909998341,-10.108790892497874,10.442735900390543
1788,4.637861769574399,-10.115246460534692,10.507798730598443
1789,4.643160977889412,-10.122758533884394,10.581218268975295
1790,4.6502861984836565,-10.131125870780252,10.663013481096606
1791,4.658933095597751,-10.140147230989824,10.752245436137237
1792,4.668797335038461,-10.149621377816658,10.845765961033193
1793,4.67749304539981,-10.159347067767904,10.945533686192652
1794,4.68577155714753,-10.169123059253163,11.05101875277577
1795,4.696066294889382,-10.17874811404932,11.15888249288352
1796,4.70792075568726,-10.188020994192655,11.26683265122049
1797,4.720878436791615,-10.196740462165309,11.37228629583606
1798,4.732401302360873,-10.204705282591188,11.472211254949933
1799,4.743088514833379,-10.210728130379106,11.565000678723615
1800,4.755221326017832,-10.21246285715716,11.651678084028404
1801,4.7681910682062325,-10.21400390212711,11.729355191490678
1802,4.781389070379816,-10.21614868898274,11.796620707245864
1803,4.794206659525372,-10.218494734023071,11.853678774123477
1804,4.807247751011134,-10.220639547989624,11.903764723635089
1805,4.822328853673977,-10.22218064987884,11.944361179862588
1806,4.839083814178468,-10.22391546305115,11.974252759592142
1807,4.856903961032452,-10.229938419419192,11.995465018764971
1808,4.874434996423747,-10.2369172911969,12.00665308468661
1809,4.88944638717042,-10.241519850611796,12.006908466016377
1810,4.904577618206235,-10.247840526780672,11.998410741496777
1811,4.919975150635074,-10.25667673766899,11.983038618788427
1812,4.934878142787816,-10.26762599856033,11.961671089804348
1813,4.952860643490374,-10.280285822002996,11.935198852350236
1814,4.9719996285873,-10.294253728141385,11.901962097006631
1815,4.990008771156343,-10.30838767169022,11.861294531003914
1816,5.005063002295611,-10.320676491315036,11.8138994837671
1817,5.017987833891318,-10.33261440437556,11.76187865950917
1818,5.031097172956486,-10.34646411931232,11.707641563451308
1819,5.047030502233886,-10.361621908366224,11.65134384383191
1820,5.06355729084847,-10.377484049446448,11.591708151118636
1821,5.079323241313579,-10.393446816721108,11.529369814757631
1822,5.091638145967754,-10.408906484974072,11.46516730848611
1823,5.10185629901927,-10.421780197200611,11.400373812780424
1824,5.115507108454468,-10.42972599457374,11.33623483766406
1825,5.13036004844958,-10.44149370871567,11.27336146288764
1826,5.142979286090805,-10.45512290832986,11.212722651018844
1827,5.153811813652725,-10.468653160611986,11.15500707484843
1828,5.164986719768564,-10.485101415690735,11.100477759620588
1829,5.177104116994599,-10.503662705505224,11.04908325747856
1830,5.192397072444971,-10.523532061445138,11.000487396561514
1831,5.205512751837746,-10.5439045169051,10.956292238458332
1832,5.219090636837337,-10.561222280275825,10.916398056530802
1833,5.232717972536107,-10.576076501768114,10.879788550591147
1834,5.247307455383075,-10.59510481059237,10.846370702662597
1835,5.264740264948245,-10.618898353449422,10.8161099731299
1836,5.2843414692972255,-10.642913256018176,10.78882463230486
1837,5.305350227359241,-10.66419965163434,10.761948885964811
1838,5.324924166341417,-10.68624825106561,10.735884241639424
1839,5.343358112317948,-10.709252749345891,10.710708889737049
1840,5.362628983727056,-10.732206936331258,10.685767636153972
1841,5.383991216297278,-10.755491911383128,10.66192925249113
1842,5.40737252878016,-10.778461183627993,10.639803071668023
1843,5.429173830050374,-10.80423275068473,10.618045162471436
1844,5.451323217532309,-10.83106083832235,10.595975878289083
1845,5.4738149841721215,-10.856953152683108,10.572724507006129
1846,5.495736117186054,-10.878758578487728,10.549750171396944
1847,5.517080912387719,-10.899766582490535,10.527476750449187
1848,5.539591061007004,-10.919969616468244,10.506218754332984
1849,5.5592620067943646,-10.943893111791953,10.48574009275164
1850,5.577835437637522,-10.966039807622606,10.46614880861934
1851,5.595467326042862,-10.986520387142274,10.447393508165952
1852,5.613023133817231,-11.012446237620267,10.429224066365006
1853,5.631368316064025,-11.04066624544078,10.411273147035192
1854,5.649751541058627,-11.06918811612246,10.393394785923554
1855,5.667259795093036,-11.092876406475998,10.375993176228874
1856,5.685870000052045,-11.11546918534805,10.358572663982471
1857,5.705131358355075,-11.137772679232215,10.340819573707169
1858,5.72057963594346,-11.160931454907985,10.322720833753015
1859,5.73686959605242,-11.18609007248448,10.30435043867874
1860,5.755581885363846,-11.212254898991471,10.285538508966212
1861,5.774739268279777,-11.238218486052048,10.265220928386588
1862,5.790940152724802,-11.266595304078203,10.243722537514545
1863,5.805386666858778,-11.296789172304004,10.221280329141456
1864,5.823456050154412,-11.322896150445631,10.198020612422546
1865,5.842765604455651,-11.348205707154348,10.174416580622182
1866,5.861063239830943,-11.372710296976326,10.150875081284571
1867,5.875966259257915,-11.40093535084122,10.127018848329325
1868,5.892851902628632,-11.427383604670696,10.102991413470011
1869,5.91292229779687,-11.450965835016165,10.079088229998057
1870,5.9333350715422855,-11.474296512546635,10.055374284673722
1871,5.951247850206452,-11.499990108147465,10.03175628916058
1872,5.966955459108015,-11.527450441820536,10.008390440893155
1873,5.982434812548219,-11.550773575803772,9.985255666240851
1874,5.999662832462121,-11.573248977364486,9.961829666046349
1875,6.018934345705966,-11.5960690050442,9.938062769988711
1876,6.034284673121537,-11.618393896246936,9.914579393756236
1877,6.051430269762193,-11.64181681269107,9.89107013932216
1878,6.072026915995311,-11.66594407360108,9.86749967282395
1879,6.093232234939069,-11.689568228792275,9.844227408671042
1880,6.112203849001119,-11.710528864701049,9.82093784391718
1881,6.1292365889396345,-11.73396016764534,9.797060963930315
1882,6.146307372810266,-11.758347370957203,9.77273142207627
1883,6.163311586563177,-11.786304943305373,9.747964149479545
1884,6.181599722650991,-11.81723670402332,9.722804651181164
1885,6.201067161017504,-11.84523871695468,9.697125952349246
1886,6.220800894886019,-11.873600450248423,9.671233508937704
1887,6.240049592369305,-11.90132827197602,9.645336768083345
1888,6.259678706914333,-11.92506982553258,9.619464090103373
1889,6.280553701577759,-11.951735255851991,9.593851742056424
1890,6.30192324695114,-11.982713133038231,9.56854355471602
1891,6.3228743303684,-12.0140431838778,9.543427354270074
1892,6.345383869557353,-12.0445179547698,9.518575712705625
1893,6.3690010648337285,-12.07314381355899,9.494122197891672
1894,6.389261680841358,-12.10106532701833,9.470341792645373
1895,6.4086530358925335,-12.129427056870972,9.44723094602226
1896,6.427331101459132,-12.157235370600045,9.424907009004029
1897,6.44616133259358,-12.183282815008909,9.40376107977234
1898,6.466009186258431,-12.207431035138171,9.38374639291318
1899,6.486123333348397,-12.231466054033742,9.364922205010211
1900,6.505590763870018,-12.255249517755102,9.347882095991176
1901,6.522777888211768,-12.279373833434574,9.332836330385945
1902,6.541566901562775,-12.306590982675232,9.31919901484264
1903,6.560812414446171,-12.329620617677158,9.30735564719913
1904,6.579601420443495,-12.351752207389255,9.297240976804076
1905,6.597182590259063,-12.374178112309224,9.288332094045035
1906,6.614421383801898,-12.400187800606192,9.280133177174111
1907,6.632183253582734,-12.423877335539762,9.272145344629283
1908,6.650624172267245,-12.444650538732567,9.263821652280289
1909,6.672231459602603,-12.4651218778216,9.25474481632146
1910,6.692540882134882,-12.487905826857435,9.244253916105333
1911,6.711101641484412,-12.512406207777063,9.231810432646656
1912,6.729890652325389,-12.532719082860735,9.2169307064095
1913,6.748803304718135,-12.555955840426888,9.200007187468325
1914,6.769190093927767,-12.583706291688133,9.180667550343662
1915,6.790946402205466,-12.612211405636206,9.158095921832317
1916,6.813159218538713,-12.640464972318076,9.132736876813365
1917,6.834915531456629,-12.66647469685222,9.10457747681607
1918,6.855302328666914,-12.687089466359074,9.073314106232164
1919,6.8742150000010405,-12.709420668811893,9.03961750765591
1920,6.893004040221754,-12.735058114402724,9.00365192498495
1921,6.911564830764753,-12.760242770652797,8.96533968211586
1922,6.931874289126962,-12.783968424289093,8.92543643978593
1923,6.954227239931147,-12.805442683639477,8.884419376118409
1924,6.975781307722644,-12.826011356454169,8.842463639814108
1925,6.993694116273647,-12.847020250328663,8.800303101600882
1926,7.009167793676472,-12.867676972605055,8.758564683795715
1927,7.0275795851863965,-12.886975307476602,8.717585755393708
1928,7.046546789290185,-12.904978145046613,8.677265337478847
1929,7.064562941759455,-12.923672751150775,8.637788147812573
1930,7.080867201564155,-12.94312201543289,8.598990565722866
1931,7.095507119784558,-12.962319727912124,8.560899747150742
1932,7.109985358381459,-12.98145958244537,8.523536102258952
1933,7.124349473868019,-13.00403228911554,8.486765561836846
1934,7.1378386190055165,-13.02433515279154,8.450789371289895
1935,7.149853630570816,-13.041973236642868,8.415687916083636
1936,7.161412136210781,-13.059762250929785,8.381579778818068
1937,7.173531764096951,-13.080517904623758,8.34884958071058
1938,7.186520654449267,-13.103845259396524,8.317674765806688
1939,7.203018287716603,-13.124041618087194,8.287639725038893
1940,7.220794133626825,-13.144597692843286,8.259074746333063
1941,7.238493894742993,-13.165707180671737,8.2318780822892
1942,7.255508897543382,-13.186363873269876,8.205460641706583
1943,7.269148932459419,-13.206630660226656,8.180254329896803
1944,7.280768299655156,-13.228494805637954,8.156018716735755
1945,7.295896416084155,-13.252019194535617,8.131796822343222
1946,7.312302746948124,-13.276197618544789,8.107805974340714
1947,7.328632992686949,-13.299037783432873,8.083802809264311
1948,7.344278477676623,-13.317388576491387,8.059087938080703
1949,7.358630535425681,-13.338361387681926,8.033981586129366
1950,7.371987797996499,-13.363546029102867,8.008278633514474
1951,7.387141916592215,-13.38918346609176,7.981382572918113
1952,7.402014525381859,-13.41426749160603,7.952816431718916
1953,7.415403493837036,-13.438005716111318,7.92265769436902
1954,7.426852317694339,-13.461743944862311,7.891382794923333
1955,7.435904493384234,-13.486827984398872,7.859112304968016
1956,7.443010818106997,-13.512465442779336,7.826360436653828
1957,7.45111511257442,-13.53765010540566,7.793839997027369
1958,7.458291177789642,-13.56137576245301,7.762293142815723
1959,7.463489051797493,-13.583836108829804,7.732430127127987
1960,7.4664044007797825,-13.608521854109448,7.704817341899501
1961,7.469622814034824,-13.63248312144895,7.680203845771994
1962,7.474047787527653,-13.652942768983555,7.659039564782477
1963,7.477445613937212,-13.666950925462208,7.641632575482078
1964,7.479664132089578,-13.681820222777146,7.628228002715561
1965,7.480551175483151,-13.699341715103966,7.618829587501951
1966,7.479954572262628,-13.715957611358816,7.613378966835942
1967,7.477722152864751,-13.730862942835431,7.612220540604233
1968,7.474609053401608,-13.744452647055647,7.614971561144567
1969,7.473863437901023,-13.760418674752673,7.621006001012415
1970,7.473863443807885,-13.776012398443283,7.629581547986919
1971,7.473863446494247,-13.789644010072124,7.639205049604254
1972,7.473863447301637,-13.8007097871858,7.6481890144671105
1973,7.475944984661034,-13.8096751027996,7.655029583927373
1974,7.479052395239925,-13.81892971119655,7.657919450337444
1975,7.48044791967475,-13.828938991979458,7.654892036390663
1976,7.480283728141358,-13.839099223547146,7.64381923682655
1977,7.478711989646609,-13.848806682101396,7.623584422718795
1978,7.475884871987453,-13.857457641583474,7.594111554982427
1979,7.471954548194807,-13.868270300039974,7.554199209174987
1980,7.467818812854813,-13.88223828957983,7.503642378151905
1981,7.465251691395004,-13.896206299455365,7.443153168426795
1982,7.461157191700938,-13.909771849689514,7.372279432440276
1983,7.45493234562138,-13.92253245576043,7.291494203128279
1984,7.4468814880279,-13.934085630616485,7.202006423938163
1985,7.43730895481506,-13.944028889279563,7.104110876333516
1986,7.426519081481663,-13.951959745938726,6.998461119324754
1987,7.414816203339786,-13.957475714389904,6.885875993197729
1988,7.402504659271345,-13.96399622943569,6.76748072566632
1989,7.389888785498115,-13.97271616213039,6.64474362019848
1990,7.377272913938781,-13.980681443383622,6.51920969625419
1991,7.364961381893185,-13.987690832480528,6.390126992557788
1992,7.3532585261025405,-13.993543087564564,6.257265922843439
1993,7.342468685126344,-13.998036970171064,6.118846763859852
1994,7.33289619223209,-14.000971231671029,5.977715197169054
1995,7.324845380232755,-14.00214462256934,5.837106947159679
1996,7.318620582016164,-14.001355893489087,5.700192595205378
1997,7.314526130770287,-13.998403795456502,5.569943186231378
1998,7.311959059271808,-13.994286990402898,5.447430727860581
1999,7.307823379437954,-13.993301159605029,5.333245318506902
2000,7.303893118073992,-13.993301395671187,5.22768875175459
2001,7.301066068859667,-13.993301614347969,5.1295249622442745
2002,7.299494401033816,-13.993301817192222,5.037996960568139
2003,7.299330285893554,-13.993302009599052,4.9505725944331695
2004,7.300725894526251,-13.993302196591962,4.864895570537414
2005,7.30383339663795,-13.993302380584456,4.779804700033938
2006,7.307996572523525,-13.993302572077482,4.690840175597305
2007,7.311104087488117,-13.992316691971352,4.595422840224373
2008,7.312499712844708,-13.98819983631287,4.492600496267476
2009,7.3123356247895535,-13.985247694586484,4.379216373682333
2010,7.310018368850088,-13.98347285021125,4.252852682026132
2011,7.3040782503783745,-13.980529158982709,4.111926585055036
2012,7.297915607682248,-13.980511063844531,3.954119908125704
2013,7.291692120523744,-13.982243816968856,3.777581757436701
2014,7.2837859229215,-13.98103512414725,3.580953629953296
2015,7.275363648195652,-13.982321046538974,3.3616671458425773
2016,7.267490478121461,-13.987120374482105,3.118683077785973
2017,7.261130143714203,-13.993959004668952,2.8532240030084326
2018,7.255063389581232,-14.004916429506894,2.5710629131265144
2019,7.250361098093021,-14.021803818196457,2.27715066184401
2020,7.248798565972555,-14.046164018297542,1.9754309454740857
2021,7.254029736895952,-14.076518728108452,1.6683319435745572
2022,7.266368456795237,-14.114284184023612,1.3589576713677245
2023,7.284243585436084,-14.161674049900489,1.0490999130359395
2024,7.308771025898665,-14.220499502172691,0.7405869000633178
2025,7.340118163832162,-14.29216923460681,0.4350960244283767
2026,7.377373256981135,-14.377689461026003,0.1326251887498295
2027,7.424291699155225,-14.474911078020034,-0.1671063838315827
2028,7.481187339266303,-14.5844453590259,-0.4633941672566454
2029,7.546387591904641,-14.707566840986011,-0.7556477802963943
2030,7.620805472426273,-14.845013415667236,-1.044922584438244
2031,7.704887980278199,-14.996986326791554,-1.331165257206064
2032,7.797160986802023,-15.163150170027464,-1.612953222484701
2033,7.89584602359287,-15.346454826641796,-1.891067625510693
2034,8.000477074931624,-15.54610287575582,-2.1657472274959564
2035,8.110445461265018,-15.755452484221363,-2.4369190187959777
2036,8.227728114036275,-15.980340519063295,-2.704980240516985
2037,8.352315524183343,-16.219559528888933,-2.970617319480782
2038,8.48075662984677,-16.464857745349565,-3.2344766433705705
2039,8.61426751970466,-16.72153119783745,-3.4979958740766324
2040,8.752985149753078,-16.99095588391469,-3.762056339805591
2041,8.896097951595639,-17.26883612178607,-4.026794209776624
2042,9.04259147194163,-17.556914337877235,-4.292614434131376
2043,9.192901296976888,-17.85537165139288,-4.559732008939946
2044,9.350629386642288,-18.16300060526101,-4.828235064053685
2045,9.51232468239831,-18.48094409836036,-5.098400123905946
2046,9.676020400960422,-18.80699349639796,-5.36965422814942
2047,9.838062589962352,-19.13961013228877,-5.6410483372357065
2048,9.999565884542353,-19.47805611798089,-5.912886625150043
2049,10.160667233492914,-19.821325237316145,-6.183897988527671
2050,10.32065651209401,-20.168142949659867,-6.452320375212019
2051,10.481612088573671,-20.51696639410167,-6.71815901082032
2052,10.643828787963017,-20.867184294048684,-6.980770846255198
2053,10.804362782087146,-21.221214073419084,-7.238976977088567
2054,10.965140272019564,-21.578586163978045,-7.492767254131375
2055,11.127956847821569,-21.93869683279545,-7.741483314113903
2056,11.294738713438823,-22.30080818544881,-7.984512608108143
2057,11.459652090645193,-22.66404817491049,-8.220478945520671
2058,11.621038333622971,-23.027410583064903,-8.447521655512885
2059,11.781283316170224,-23.389755025590304,-8.663974720560695
2060,11.940691373974982,-23.75362888485272,-8.867403264314353
2061,12.100312469109165,-24.119220814484954,-9.056109465243953
2062,12.262072800121825,-24.482436360135413,-9.229422029097428
2063,12.42302853007797,-24.84562167362903,-9.386591100550856
2064,12.582728854979692,-25.20996407693791,-9.526195263084483
2065,12.741630275112094,-25.57566479738679,-9.645601008697204
2066,12.902270851406314,-25.942925086547632,-9.748536463713886
2067,13.064051424210003,-26.31194620071125,-9.838373098192438
2068,13.22469073219762,-26.68292940169849,-9.918619814585218
2069,13.381907512456635,-27.05607593818308,-9.990317764433932
2070,13.535102598065254,-27.42940105848147,-10.054533481912328
2071,13.68681402851514,-27.796464158916763,-10.111681094132289
2072,13.83749832409154,-28.163705841174806,-10.162402238746012
2073,13.987611994614747,-28.53212477265692,-10.207557361195006
2074,14.13761154179076,-28.8993747982541,-10.247036730860916
2075,14.28795348613796,-29.26955037445393,-10.283146689141798
2076,14.439094338539068,-29.64246284360692,-10.318033037745243
2077,14.591490603693256,-30.015564814961184,-10.353162972381744
2078,14.745598793706986,-30.38999666722244,-10.389644733033329
2079,14.901875420695712,-30.76676461756003,-10.428666743050153
2080,15.060776994996344,-31.146740718279755,-10.470601432270657
2081,15.21987008184177,-31.530662862279424,-10.515033759742618
2082,15.377657718771788,-31.91913477997353,-10.56172238319578
2083,15.53490391811956,-32.31262603390583,-10.609837653921018
2084,15.695161195599956,-32.71147201345945,-10.657923687060483
2085,15.859489028715986,-33.11587395561127,-10.705198376275728
2086,16.028039586609033,-33.52589894007445,-10.751409203898524
2087,16.198075092190003,-33.9414798869067,-10.795683283077238
2088,16.36853986836882,-34.361429463488435,-10.837344049958178
2089,16.54151545396561,-34.78326734824438,-10.875938140764358
2090,16.717001868917635,-35.2108196872075,-10.915711689213868
2091,16.89334618199278,-35.644481434284785,-10.959005065743948
2092,17.065526174232424,-36.08331346934673,-11.005879021238744
2093,17.238259713053335,-36.52348964621915,-11.054442840295446
2094,17.412895397403428,-36.96519862250979,-11.103756879771996
2095,17.589128894749997,-37.41071947044405,-11.153481553684388
2096,17.766655861797336,-37.85944426635455,-11.203054767198813
2097,17.944426332837395,-38.3125553133173,-11.252385777223244
2098,18.120514097643817,-38.76917637506202,-11.301746584038186
2099,18.29786299717911,-39.22829703843544,-11.351339934628305
2100,18.476178206343253,-39.69069712116327,-11.401391786058134
2101,18.65338134420475,-40.1550979024366,-11.452171544543273
2102,18.83226408096704,-40.62008648176039,-11.503541303030127
2103,19.012379420702985,-41.08625401139768,-11.555607472342622
2104,19.19149681559085,-41.5542713083918,-11.608615269583542
2105,19.372255783928846,-42.02742784637299,-11.66293007452739
2106,19.55405715611188,-42.50472999171656,-11.718581137632318
2107,19.734518200887063,-42.98282538216145,-11.775241122747769
2108,19.916934653937307,-43.46204941548275,-11.833076332915695
2109,20.103564330370684,-43.94260332777923,-11.892024061557793
2110,20.29430261872402,-44.424554198454736,-11.952079171629167
2111,20.486154957105413,-44.91058778611151,-12.012945698541358
2112,20.678518369793405,-45.39910672904055,-12.074596520177892
2113,20.87159573911478,-45.88615493323122,-12.137309558222729
2114,21.06757007407108,-46.375285998629685,-12.20079631111594
2115,21.2653857023819,-46.86769480702919,-12.265079333859347
2116,21.462203385943933,-47.36029313196731,-12.330134804211903
2117,21.660862349156503,-47.85261139526784,-12.39538618341756
2118,21.86241826659933,-48.34425968665025,-12.460847537861492
2119,22.0646881475389,-48.83685214896036,-12.527014680437262
2120,22.267469104262027,-49.33186874966532,-12.59316294828952
2121,22.470456797778024,-49.82873091814782,-12.659414205501978
2122,22.673245448480564,-50.32865031071748,-12.726690833377214
2123,22.8782177720046,-50.829951574414906,-12.794798310117049
2124,23.08522730590174,-51.333049772533656,-12.863624578378849
2125,23.290012681860485,-51.84237477191786,-12.933155810197704
2126,23.49805263379093,-52.35564747816375,-13.00294425796064
2127,23.70980367151364,-52.87267922730019,-13.07319046712857
2128,23.92070008825805,-53.39729616737021,-13.14474282427594
2129,24.13591627818281,-53.92768457549784,-13.21697001052112
2130,24.355604414064715,-54.46484563126932,-13.289533613578673
2131,24.574894435274004,-55.008573914226815,-13.362164676254938
2132,24.796574846446003,-55.55839565535148,-13.434817820884914
2133,25.02245647120528,-56.1157069680482,-13.507316398745166
2134,25.25350305586402,-56.6818494638554,-13.579265652653524
2135,25.487686957141147,-57.26064927476958,-13.650577959637896
2136,25.724561171626373,-57.85031533840189,-13.720932172027078
2137,25.96671445796241,-58.44326666236941,-13.789942002935348
2138,26.21455259927518,-59.039163645502775,-13.85737813600058
2139,26.46672700034928,-59.64038850057595,-13.923013728340376
2140,26.71841833371478,-60.25029361268181,-13.98694100190407
2141,26.974445934116343,-60.865388243222256,-14.0493591894646
2142,27.23541277762505,-61.48606229848177,-14.110323139818089
2143,27.499291212648444,-62.114661945404045,-14.170303602428923
2144,27.768822196875536,-62.75051216598582,-14.228889596371534
2145,28.04415220026815,-63.39459401624984,-14.286015692458822
2146,28.324418929795343,-64.04569585723037,-14.342402795142744
2147,28.606577073295973,-64.70233772413043,-14.397579000069642
2148,28.8898714889854,-65.36490952358707,-14.451236869531249
2149,29.174251457228515,-66.03374665876854,-14.503340760046456
2150,29.46235332015333,-66.70891619663595,-14.55358601447811
2151,29.75567404833292,-67.38923079996886,-14.602202154061104
2152,30.053246728095377,-68.07207599920984,-14.649991989921045
2153,30.35400300671341,-68.76100959374673,-14.695925788351232
2154,30.657482575378143,-69.45722394701964,-14.739856306614476
2155,30.960792320992248,-70.16374023187426,-14.782418346295009
2156,31.265807710604093,-70.87411783424679,-14.823543850732698
2157,31.573426548179896,-71.58815550644728,-14.863171202613389
2158,31.883699584159203,-72.31189136682744,-14.901229676830711
2159,32.198657643454574,-73.04190176396955,-14.937802393531294
2160,32.51709286991851,-73.77659185457158,-14.972887108700906
2161,32.83601383611901,-74.51200136403028,-15.006473343170018
2162,33.15521767238732,-75.2530951170636,-15.038525708229027
2163,33.47440004312481,-76.00046175264316,-15.06936121694132
2164,33.79315516397551,-76.75450795639263,-15.099477076765083
2165,34.113865755472354,-77.5127534037024,-15.12912031953996
2166,34.437130986074905,-78.27480818164548,-15.158191122008148
2167,34.76031135318667,-79.04429717729404,-15.1860428568117
2168,35.08355583737895,-79.81813634438069,-15.212470872104694
2169,35.408367111077226,-80.59434594691896,-15.237315699115962
2170,35.734691288592295,-81.37380222284526,-15.26035619282804
2171,36.06156463314945,-82.15711309672594,-15.281535816876543
2172,36.38882926583312,-82.94367986858074,-15.300631081046046
2173,36.71871892397586,-83.73571870824183,-15.31724392517565
2174,37.05138577516759,-84.53255880636263,-15.331425810437416
2175,37.38698198716618,-85.33339519305642,-15.343356771440655
2176,37.72565972897453,-86.13728874104433,-15.353575124083171
2177,38.06468120023643,-86.94423526598449,-15.361773538736538
2178,38.40224509432877,-87.75602080689035,-15.368033904148753
2179,38.738811092783,-88.57237285453738,-15.37295510825578
2180,39.07762738174112,-89.38906277907304,-15.376681219234202
2181,39.41944911446293,-90.20707666578988,-15.3792780381237
2182,39.76412415453705,-91.03278803971423,-15.380733530876974
2183,40.10941873168266,-91.85942091683395,-15.38196008392371
2184,40.45532904673133,-92.68657281773434,-15.383473926500152
2185,40.80104039591863,-93.52021478633756,-15.38546735908452
2186,41.14563655766393,-94.35699026564993,-15.387723641311108
2187,41.49046234018495,-95.1964917351396,-15.39050284033934
2188,41.83779903871401,-96.03723921907684,-15.394585887986969
2189,42.18703795277892,-96.87761857390016,-15.399104504767005
2190,42.53682476114448,-97.7180197082645,-15.403552251800807
2191,42.88492889429048,-98.55891219646854,-15.40752863633666
2192,43.23398990524806,-99.40338426245026,-15.411263834794113
2193,43.58431593070913,-100.2502410251504,-15.414704409262546
2194,43.93692458106349,-101.09592886700536,-15.41766742945958
2195,44.29283352904383,-101.94440388042752,-15.420425441300358
2196,44.65069797694916,-102.79726343786098,-15.423007081314717
2197,45.00813516817751,-103.65182180196082,-15.42532261667318
2198,45.36763247897335,-104.51076469655722,-15.426800080591107
2199,45.72918419973104,-105.37348084374204,-15.427319908545533
2200,46.0918772946769,-106.23815906466264,-15.426882552064589
2201,46.4547987268793,-107.10298817882436,-15.425377188565978
2202,46.81778111017077,-107.96834299663054,-15.42255576570732
2203,47.18153333793695,-108.83905417321108,-15.418269112135494
2204,47.54478412855424,-109.71257683997564,-15.412652108444307
2205,47.90707314674793,-110.58668223457992,-15.405570253457912
2206,48.26571015179265,-111.4636519563476,-15.396696699718442
2207,48.62216798602709,-112.3359075325582,-15.386338830120316
2208,48.97494392464925,-113.19863172791948,-15.374607916947092
2209,49.32246995575027,-114.05169290588752,-15.361209578824218
2210,49.66606806849884,-114.8944269500942,-15.345977142829096
2211,50.00560508259424,-115.72260524857772,-15.328935675278377
2212,50.34240296213606,-116.53455329222083,-15.310344494384186
2213,50.675702069864,-117.32282677758228,-15.290005233398356
2214,51.00551759816227,-118.08399702936644,-15.267860473282552
2215,51.33250897134694,-118.8207481197256,-15.244068119065144
2216,51.66012413177816,-119.53288131287988,-15.219408043217417
2217,51.99002742293886,-120.21677423565426,-15.1942860268469
2218,52.32064446053407,-120.86538088722,-15.16873531613388
2219,52.65318943799112,-121.47916915636252,-15.1430432310067
2220,52.989484617698885,-122.06049357485088,-15.117466625807412
2221,53.328919449338976,-122.61411353301516,-15.09187489665456
2222,53.67565196769378,-123.13573330791928,-15.066210934689789
2223,54.03120958676585,-123.6253478636128,-15.04075664645725
2224,54.39290332624111,-124.08322136590049,-15.016364738265672
2225,54.76479300826604,-124.51250909969218,-14.993010782643282
2226,55.14675119504425,-124.91441098182744,-14.970987819780609
2227,55.53578772858937,-125.29026865919408,-14.950476874679667
2228,55.93347820948689,-125.63894342331768,-14.931818535322687
2229,56.33953731564662,-125.96046294996954,-14.915240784607716
2230,56.75472905986684,-126.25375142324064,-14.900645080303978
2231,57.180220080047526,-126.51773721920313,-14.88824638671142
2232,57.61586392687456,-126.75443276675404,-14.878213140159458
2233,58.05861531558463,-126.96893455933218,-14.870631050109465
2234,58.51070166481588,-127.16359041677067,-14.865626929996957
2235,58.97452347891595,-127.33942162507776,-14.86322347913329
2236,59.4498746596215,-127.49192872798751,-14.863419587169028
2237,59.936143385605874,-127.6256757467959,-14.866080386378048
2238,60.43392883315982,-127.74188270552804,-14.871031483358072
2239,60.943586057821896,-127.8403500282194,-14.87802583563706
2240,61.4650643667657,-127.92443595342138,-14.887201594801803
2241,61.997161610567545,-127.99496558160916,-14.89843587455607
2242,62.53739357311888,-128.05005814324204,-14.911281447131676
2243,63.0856588378235,-128.09400931846818,-14.925193274151097
2244,63.64225603695421,-128.12763664030894,-14.939709895514213
2245,64.2094696238135,-128.15020386910956,-14.954536686784694
2246,64.78709669546964,-128.160576492797,-14.969406339580637
2247,65.37452854917215,-128.1573910893776,-14.984105039095043
2248,65.97075071617205,-128.14273136061172,-14.99839664111885
2249,66.57515136802787,-128.11921766219143,-15.01228600949079
