frame_id,x,y,z
0,0.04443544664075451,0.0030685351943730986,-0.00023451296811209866
1,-0.011211737256139796,0.003999079622463875,-0.018681198503464388
2,-0.02378443507124446,-0.012523448742470761,-0.03416731300944658
3,0.008707980388033651,-0.047807415706956076,-0.04703326882036217
4,0.08825613631428765,-0.10316118707751736,-0.0576194782705146
5,0.2168506599001107,-0.17989312866067986,-0.06626635369420736
6,0.396482178338096,-0.2793116062629689,-0.07331430742574392
7,0.6279476145439168,-0.4044252394646856,-0.07903765665221606
8,0.9222421530194511,-0.556471548991956,-0.08405937400413509
9,1.2729457383724854,-0.7311619498995744,-0.08852254381218876
10,1.6820739383308143,-0.930777194986204,-0.09270930378766375
11,2.139746212087769,-1.1653995898570073,-0.09742183473861084
12,2.643069239907596,-1.4260226286395776,-0.10273063683538336
13,3.1970147052046904,-1.7074433130723288,-0.10852665509356635
14,3.79488332615366,-2.016139166295918,-0.11422499200346496
15,4.443716252745936,-2.3456477313750845,-0.11960770504412647
16,5.142583079714156,-2.6815666552041946,-0.12400824727705426
17,5.884057710571074,-3.0335128643475398,-0.12717375484943275
18,6.669341365793305,-3.3979377414226106,-0.1286762259314614
19,7.506859690465389,-3.756305043248824,-0.12830168748646056
20,8.38607951017566,-4.109037380278739,-0.12596189423479973
21,9.304375776996958,-4.449694934654086,-0.121812822820142
22,10.25277551409798,-4.785037826964947,-0.11599797042702108
23,11.230080032545757,-5.111222282553044,-0.10882709060023503
24,12.23910464312624,-5.420747764608472,-0.10055849239818386
25,13.279786551043827,-5.715666940924979,-0.09124137825571214
26,14.348162509612258,-6.002364268773409,-0.08083753157642004
27,15.448092377576314,-6.2712672342887315,-0.06942500073224898
28,16.574705311559335,-6.520743240456561,-0.05722753137269838
29,17.728301954288018,-6.760899745040458,-0.044923353898330465
30,18.905639475773096,-6.976216669162846,-0.03233542420011576
31,20.106602439243986,-7.1660047362610975,-0.019871005212333
32,21.326190626126497,-7.331489015238003,-0.007623935775984013
33,22.56062280152234,-7.477009673189154,0.003937799540123838
34,23.800752837942543,-7.608206574922712,0.015614536009409905
35,25.064406794787477,-7.711367415698135,0.026885840124640563
36,26.34052127418239,-7.7892433993524,0.03795020629785468
37,27.627995861382015,-7.8358634562947,0.0489240891597629
38,28.923904279603036,-7.861719931522166,0.059737464277079676
39,30.231700462263497,-7.857953054977458,0.0705631096697035
40,31.549354878526913,-7.825099478208741,0.08127338865687109
41,32.87321443914868,-7.773651554325207,0.09176497150817685
42,34.20089311539506,-7.68824181587898,0.10204694021305764
43,35.53585761812615,-7.581017824499948,0.11140913105292767
44,36.87549175558156,-7.451330577535685,0.1194565781031779
45,38.21463419047483,-7.296584051048761,0.125965923362371
46,39.5622179694788,-7.121275157119007,0.1313729845617313
47,40.91515498797978,-6.91330162312095,0.13516079570739023
48,42.2621554621498,-6.679777464775303,0.13786351376815098
49,43.5980536094999,-6.416791053238268,0.13945240970132017
50,44.931059433134635,-6.125977438976843,0.14010162209188615
51,46.26039663084093,-5.806794107801698,0.1406124161231985
52,47.580788407115605,-5.454563859587476,0.14187684151898708
53,48.88932752443734,-5.077930136089859,0.14412052656588642
54,50.18992199419298,-4.667718713036527,0.14721931296943258
55,51.47226698325716,-4.2294295000111966,0.1505611266782891
56,52.73590957120149,-3.752595318737956,0.15472358780177436
57,53.98885236902211,-3.2388730198917997,0.16011115060045758
58,55.22424448300159,-2.6882626711992454,0.1666608271580519
59,56.42733448133781,-2.0951270535233393,0.1737292990764112
60,57.59643605863709,-1.472460669596661,0.1807630960375308
61,58.72725734521333,-0.8104889893985727,0.1876808217293966
62,59.833851519374264,-0.11806915983671486,0.19388241852680607
63,60.90498711882147,0.6054007701034699,0.19924260029064336
64,61.939890992422406,1.3639674581293522,0.2034624441506712
65,62.941753965462325,2.150542105929061,0.20641377511511771
66,63.9073149075619,2.9615718751115456,0.20808389538629524
67,64.82170640730864,3.794507536820959,0.20842641090038558
68,65.69756409131742,4.6477392328648515,0.20816480175196433
69,66.53372224773845,5.5233489697823694,0.207434687301828
70,67.31952652849975,6.427222185977032,0.20592705165429104
71,68.0508330664852,7.346295594521442,0.2031896501718108
72,68.73902295564992,8.282850888839981,0.199354561754485
73,69.37976062819821,9.24245743261462,0.19409819264235956
74,69.9798749098476,10.209793083812338,0.18747177244159727
75,70.53289859690781,11.191034277654648,0.17957831496756685
76,71.04496844214874,12.185107759376216,0.17089670371786306
77,71.51531200235239,13.188793614866107,0.161764077518448
78,71.94524407094573,14.196725352890162,0.15259601360028532
79,72.32833307410426,15.20438330146326,0.14373366814205296
80,72.67355192996945,16.2178476165795,0.13533530094245436
81,72.9746712292077,17.247274330292687,0.1277855485796409
82,73.23407379020375,18.288929548869294,0.12162045038872693
83,73.45802902327591,19.329485964021334,0.11727830095062453
84,73.65026409746505,20.386143237625674,0.11477874856787545
85,73.81126050584741,21.447913469191853,0.1133556117731156
86,73.94929684438064,22.504714428633932,0.11300030089179124
87,74.05709907867826,23.57425968108731,0.11351703864228682
88,74.1395939274438,24.648378779531964,0.1147868549180537
89,74.19676228604153,25.737564071370915,0.11582794803220753
90,74.22867337001645,26.83515523029612,0.11611288087493492
91,74.22930654916036,27.939926287939468,0.11527109808814143
92,74.20007923511194,29.060349618702894,0.11339388336106775
93,74.14046701935722,30.187705494156567,0.11069904619586025
94,74.05466971664649,31.32150845367342,0.1079227491718134
95,73.93903434685224,32.45127869462143,0.10518125730906361
96,73.7849456611348,33.57928347844816,0.10230526366519423
97,73.60211316182152,34.684052713957115,0.09940646129826146
98,73.38913830310858,35.77504484190403,0.09692280928640311
99,73.13497029268493,36.86888164888315,0.0949171328223285
100,72.84302338036994,37.94261300193285,0.09358383662346403
101,72.51451516255642,39.00714129315985,0.09278261695493538
102,72.14846710001629,40.0586588199813,0.09263717387847634
103,71.75224114872816,41.103738779086385,0.09343158964036971
104,71.32899960702333,42.13489493859697,0.09539921561553368
105,70.88591098095915,43.16059721616235,0.09877356562336444
106,70.41691402394682,44.18336529745964,0.10366914083739324
107,69.91986454480724,45.192877874401475,0.11009237487258801
108,69.39354481787736,46.19371826830213,0.11809838504296472
109,68.84546784206799,47.182732064012384,0.127216047105962
110,68.27367000245984,48.16815263392216,0.13699681416292944
111,67.66434760231398,49.14463516292466,0.14706555602367752
112,67.02652191624517,50.096793817336,0.15742084322278188
113,66.36781865405295,51.03996344811826,0.16766954606479556
114,65.67702045460308,51.96855693473631,0.17759339680441963
115,64.97630921884188,52.868485741857754,0.18676530612158412
116,64.23200209638672,53.76324605821523,0.19531465488993702
117,63.45987213037053,54.6459055945092,0.20343655695713966
118,62.639924960952,55.52050709969248,0.21114978872406062
119,61.80428891853124,56.36946088333415,0.21841391526950732
120,60.94650191095403,57.19851744219819,0.2250510638145763
121,60.07680276461359,58.00714609104969,0.23075475520842503
122,59.18896413416832,58.79049178056908,0.2355166180970767
123,58.27917561795449,59.55092161335807,0.23973578923609754
124,57.36206988801894,60.28751502870311,0.2434192377267882
125,56.436004886482664,61.008553196453775,0.24663101304617427
126,55.49941228411071,61.701181654468655,0.24990806122676096
127,54.526955631148695,62.382783514756255,0.2532089661138222
128,53.51468297511602,63.06389759064054,0.25686107003936687
129,52.49713778356174,63.72085117860396,0.26083976076609283
130,51.426903336944136,64.37290635539517,0.26519365361592007
131,50.319548221371655,65.00331140549073,0.269738019283589
132,49.205715897936074,65.60385533517085,0.2744968595033904
133,48.06761615783013,66.19398156102989,0.2792733014075995
134,46.90417024941407,66.76597070709485,0.2839910870673597
135,45.720994791094355,67.3186841125484,0.289077168462453
136,44.52388711988428,67.85959803166804,0.29445715324205124
137,43.31066171356348,68.38936147322336,0.2999923554855053
138,42.07128020754951,68.90272862848197,0.30590812209292584
139,40.81137503762224,69.40644454568162,0.3123340421208386
140,39.560312382141845,69.89665225451512,0.31894311043233364
141,38.29065025895641,70.3825123883074,0.3255980859627052
142,36.97964180228489,70.87088805071903,0.3322360080832976
143,35.648442356168545,71.34772839888693,0.3384962190527308
144,34.31939031541825,71.80957385410517,0.3445827320680156
145,32.969177127414625,72.28121999581887,0.351473017338003
146,31.600524316370958,72.74279006739029,0.3598380183872841
147,30.206535402430738,73.19629584498023,0.37135375095354517
148,28.846164572214906,73.63648568287286,0.386017642235574
149,27.496593392006716,74.05896631135037,0.404230557878579
150,26.141537097135597,74.46534764022246,0.42619507545333113
151,24.79593710387684,74.87716531788098,0.45189966030039885
152,23.462378499434433,75.28509338131838,0.48017302880770324
153,22.13820646216718,75.68738686964403,0.5096264469803674
154,20.827384189817064,76.09573808390053,0.5384404224360796
155,19.52876946589154,76.50288044381924,0.5646697439038717
156,18.244096861694715,76.91143180889284,0.5877429984120336
157,16.97838553487644,77.3334944827221,0.607065328670337
158,15.723020338235356,77.75101770504193,0.6219877390917793
159,14.498605031865536,78.16609362388228,0.6328527937170364
160,13.339453259469035,78.56401393978562,0.6388632817569903
161,12.181150838101996,78.95985747159159,0.6410203419076803
162,11.027940659130968,79.36051347422172,0.6395083289652725
163,9.891270947691167,79.76075465504964,0.6352082861406846
164,8.772932108968941,80.16133399002662,0.6283070809864826
165,7.663497144591153,80.56070104711662,0.6189603994742626
166,6.562494186757367,80.96188704567035,0.6074095847028659
167,5.478688111296469,81.35515849930361,0.5938783400955339
168,4.3972744074101024,81.74346611962557,0.5791704064348208
169,3.3336340559548323,82.11973367286802,0.563660943795441
170,2.2852790430131713,82.48305722820889,0.5478840113269363
171,1.2459800986243317,82.83533266060185,0.5322432381992451
172,0.20782792012256843,83.17072892642025,0.5172075945602026
173,-0.7938415796065225,83.49603375976724,0.5037446176261517
174,-1.7790328123673644,83.8152368239967,0.4923358806679277
175,-2.7450877796129065,84.13338178029821,0.4831676312744697
176,-3.6923413545348596,84.46011575349375,0.475637067919566
177,-4.626493219774937,84.78958253714453,0.47019982343856154
178,-5.538528638813302,85.13248829762017,0.4662867767161619
179,-6.421596833870348,85.48058036674067,0.46220673142020297
180,-7.275069928846721,85.83614370977129,0.4559271541327328
181,-8.094058131239791,86.19552325686216,0.44566616072097376
182,-8.88022499776921,86.56684254370101,0.4302760932893172
183,-9.639714794741625,86.95064410043723,0.4090273916048324
184,-10.362776479673116,87.3381668946495,0.3816558576882231
185,-11.03123409040804,87.72480974578131,0.3493862947840828
186,-11.674818364986198,88.11698832844284,0.31376761778342327
187,-12.288856395433466,88.51715212563757,0.2769610652276663
188,-12.879560321417134,88.92330712398797,0.24052933230861814
189,-13.451889073751827,89.3337905180572,0.20682728649244536
190,-14.005448793049002,89.75223223204283,0.1763690349774717
191,-14.537024657919785,90.17205494707841,0.1486327042859894
192,-15.058478992454425,90.60795031228452,0.12384449617632338
193,-15.568274461655792,91.05812472947626,0.10218010318651057
194,-16.07100403620338,91.5254434054341,0.08451907938078312
195,-16.57500189262518,92.02645948879724,0.07087864909983035
196,-17.07507763761377,92.54953605290905,0.06090988773446079
197,-17.57204620932173,93.10370894150938,0.054739628729403175
198,-18.059127832867993,93.69602419603582,0.05171315288436888
199,-18.54153194589782,94.3254957235959,0.05216403755769294
200,-19.01108481279002,94.9827329799252,0.05521656191371992
201,-19.464706053613234,95.6675833490167,0.060386250765454674
202,-19.89856185477302,96.3784368881758,0.06630889105382134
203,-20.30952046238995,97.11497914539054,0.07276570976607738
204,-20.701807646582747,97.87872699866017,0.07999808373452924
205,-21.064732481550394,98.66245828018353,0.08803565890927349
206,-21.417224341138503,99.47057860166761,0.09688725931161578
207,-21.76000814315935,100.29988484044237,0.10622068112858196
208,-22.099463448069855,101.14876707026437,0.11562931049553929
209,-22.446716260553558,102.0199614034959,0.1249347445210188
210,-22.798798457114668,102.91438852142576,0.13401537993254142
211,-23.162399776250826,103.8137327394282,0.14352108263602598
212,-23.538345277530826,104.73122919647315,0.15316326317964882
213,-23.92583646926994,105.67071662700242,0.16234077198009733
214,-24.327599844594253,106.62792869436174,0.1699166377956037
215,-24.744005703070876,107.62326229045506,0.17624598356211435
216,-25.17830125546073,108.64098687734075,0.1813398885055668
217,-25.630648188075206,109.68811077024176,0.18540653375089472
218,-26.10331823989315,110.76821444065914,0.1882117927728705
219,-26.599342317882783,111.87317854690292,0.19049093887982851
220,-27.12377186687982,113.013269045351,0.19311257284482763
221,-27.677250676781288,114.16741906707854,0.19662897730426576
222,-28.249323742653395,115.33283715805507,0.20112743292048896
223,-28.85036238222174,116.4949356979044,0.20712059124859283
224,-29.4815842108537,117.66835183367084,0.2144066771127849
225,-30.14160036686871,118.83410073760326,0.22263100487163523
226,-30.82785562384765,119.98775001872485,0.2313217316186398
227,-31.546778338220633,121.13065056505526,0.24040063634714406
228,-32.30166835629918,122.24900881683888,0.24994984818021312
229,-33.088126766760844,123.34608241249839,0.25927552288028743
230,-33.89666512401081,124.42138162990128,0.2680830064836743
231,-34.73675857724847,125.47061332671129,0.27606141533492146
232,-35.60170795751076,126.49257756653219,0.28299042721386025
233,-36.48907791766726,127.47917346051744,0.28844159237531974
234,-37.39382638988265,128.44802742245489,0.2926926794731306
235,-38.3248159038003,129.38826227430056,0.2960216656863531
236,-39.27655038684069,130.3013353382986,0.29829966132004215
237,-40.24999891122473,131.1845692423134,0.30026958797551734
238,-41.24618889067278,132.03997139211788,0.30243439838099645
239,-42.265697501785404,132.86271193810944,0.3050552985953761
240,-43.30811888986469,133.64630411901234,0.30872011268822025
241,-44.36979996757516,134.39638527057176,0.31312668972420105
242,-45.444649212233095,135.10262567675127,0.31883004044610924
243,-46.532546070876286,135.77447291017438,0.32514173407501834
244,-47.63482815756918,136.40505201239378,0.33171161371941454
245,-48.746223299553876,136.99545888873965,0.33842168675299134
246,-49.87006991785715,137.55602912314953,0.3451486741737223
247,-51.002224180897684,138.07466039439714,0.3514025411196531
248,-52.14215650259743,138.55645005154642,0.3569350244780777
249,-53.2938377197432,138.99940412334294,0.36202489290583584
250,-54.44917023511406,139.40393259418502,0.3666840085498219
251,-55.610690344755646,139.7601024264891,0.3711511090671258
252,-56.77694249864221,140.0746267496279,0.37609448143991664
253,-57.94975513129371,140.3488765367658,0.3824719733778037
254,-59.11796677495316,140.58355771926207,0.3905880971344863
255,-60.28677405949036,140.7937191963552,0.3996446415047888
256,-61.45955815302637,140.95717639130967,0.4094951889405973
257,-62.63086796114715,141.08379189335832,0.41974636014157285
258,-63.80220656566604,141.17633699774166,0.4304989963292021
259,-64.97064780036307,141.226339321921,0.4421642763098371
260,-66.13912419588416,141.24265697601493,0.4540859316441253
261,-67.30645818603925,141.20976567339727,0.4663698588600142
262,-68.46746880720697,141.140031786302,0.4790851255898493
263,-69.62469553342405,141.02549531062942,0.4920730430362075
264,-70.7707149361091,140.86922347425576,0.5048136076629587
265,-71.9006753437836,140.66841389909376,0.5174850698741893
266,-73.00934501952244,140.43986453794798,0.5292248797374486
267,-74.09421775326493,140.16655095732915,0.5403807677070983
268,-75.16287741622442,139.85073219826617,0.5507764459241593
269,-76.20020501605589,139.4992788906023,0.5603098674062947
270,-77.20830426262823,139.1089769999882,0.5696801343018559
271,-78.19085681520835,138.67559540611745,0.5786499286784818
272,-79.13241837265264,138.20123777111948,0.5868747500938308
273,-80.03761103175285,137.6873631334246,0.595028540985632
274,-80.90018846641424,137.13596626216986,0.6022283556103861
275,-81.7248704285704,136.55112994865968,0.6073564766597808
276,-82.5116536859994,135.93942312512831,0.609957843479098
277,-83.27564132300719,135.3024558977554,0.6103841598458287
278,-84.03305525230736,134.634126549465,0.6095107862271903
279,-84.78590464116168,133.93312278846642,0.608857083227989
280,-85.54490310913332,133.21015090329612,0.6081553833267463
281,-86.31299995365407,132.44966152445778,0.6064242941005137
282,-87.10497404360261,131.66413612222135,0.6040577844168196
283,-87.92081592914099,130.85014603105972,0.600242074357626
284,-88.75353395562871,130.01829000644662,0.5954086082020095
285,-89.60860687955132,129.18361693226785,0.5907397652566321
286,-90.47615432199454,128.3475278765229,0.5852403997665958
287,-91.3498193098111,127.53321946042877,0.5787297056075682
288,-92.23745787236695,126.73715745691455,0.5707165400720045
289,-93.14180598606255,125.95874066683758,0.5620113139916263
290,-94.05095636934838,125.19322207695627,0.5539663612228894
291,-94.9637300098784,124.44359268591442,0.5458170045868066
292,-95.8796455802939,123.7054075218053,0.5372531325342845
293,-96.8001276862921,122.96558491718734,0.5283388807004117
294,-97.72274066914794,122.24551201576242,0.5192095322464976
295,-98.63985893795487,121.5327015595371,0.5086591175438028
296,-99.56027839392944,120.82438318239643,0.4986359356556507
297,-100.48357672455312,120.11498660601352,0.4899530539839552
298,-101.39743812045938,119.40775672502342,0.48192999730039865
299,-102.30231789318033,118.70596040028931,0.47462588535869144
300,-103.20614764235506,117.99966468527467,0.46774370624447864
301,-104.10770964973219,117.29050466355662,0.46201688044688133
302,-104.9995278159044,116.57738427158326,0.4580310364173494
303,-105.89293804208543,115.86151113566481,0.4554616702538074
304,-106.78426813695158,115.14911116610605,0.45547138520640806
305,-107.66276245198864,114.44180672838608,0.45798117556952955
306,-108.53338303864366,113.74352384696775,0.4619828361019854
307,-109.39232834995917,113.05789239550836,0.46745713726549065
308,-110.24395238995669,112.37549924951644,0.47424891218391757
309,-111.08810861949279,111.69977228601277,0.48136846783351045
310,-111.91885120547376,111.0373097002354,0.4885068923294375
311,-112.74252809635401,110.3806387372785,0.49535413041207177
312,-113.56150877511918,109.72593329852529,0.5009898373336092
313,-114.36987587699025,109.08303661770606,0.5054194379324882
314,-115.16266737277434,108.44774261696733,0.5091140888288075
315,-115.95449870495068,107.81949223138713,0.5120489902884398
316,-116.73970759959602,107.1995104427487,0.5141424489962897
317,-117.51505633376487,106.59200739102862,0.5151859395676086
318,-118.28453291599284,105.99130889362715,0.5152951226902138
319,-119.04477543808815,105.39484401073838,0.5145422784684954
320,-119.78913682490725,104.79504838703285,0.5123529236790897
321,-120.5341635581412,104.20068896405147,0.508992485159318
322,-121.27313761994367,103.59930361769159,0.5041822974016739
323,-122.00524726538302,102.98756257818087,0.49833385107722994
324,-122.72518041065982,102.36079271236935,0.4912310936285831
325,-123.43445523522313,101.72561746711821,0.4838526443286886
326,-124.13270581689429,101.08049647252085,0.4762140534198408
327,-124.82692374932661,100.4237326801275,0.46886634634803975
328,-125.50691867644113,99.74485872975828,0.4615159119380799
329,-126.17095142208319,99.0527284671969,0.45442491589343026
330,-126.81865621995449,98.33671453019633,0.4481477062232603
331,-127.44563424443723,97.59172285302236,0.4426856767108128
332,-128.04606249015637,96.83441631333149,0.43803506100049533
333,-128.63531940248134,96.06266701282789,0.43483275747227945
334,-129.20499724200968,95.2746258797296,0.43282647246632155
335,-129.75732779769444,94.47064764089633,0.43203529367616755
336,-130.28755591934154,93.64039247469914,0.4320783005427061
337,-130.8010012203947,92.7933314988795,0.4333708865369442
338,-131.2895069857729,91.93482520953447,0.43496282603515923
339,-131.7560154799044,91.05585625067566,0.43723850285759414
340,-132.19139218377862,90.15195432732708,0.4403743447863248
341,-132.5956724401921,89.2324730765023,0.4443678190718057
342,-132.97149833349638,88.29971845922292,0.4492130842480767
343,-133.30849845313674,87.35899809325304,0.45448437466154246
344,-133.61535000928515,86.4158421358611,0.4606017221934621
345,-133.89536675912896,85.46983054073027,0.4678485910703616
346,-134.1478028358204,84.52343608898039,0.4753125209788837
347,-134.36757125415133,83.57315285443467,0.48260493116055814
348,-134.5565734993017,82.61317164043817,0.48929218179029904
349,-134.7169536003595,81.65640981393292,0.4954740406038431
350,-134.84992479974048,80.70331600435124,0.5009625400747639
351,-134.94907284520733,79.74080755901501,0.5067523154173172
352,-135.02044436008958,78.76789849478983,0.5127615348061719
353,-135.06511925491523,77.79257401389603,0.5190452583834114
354,-135.077071686148,76.82281919087409,0.52538825742841
355,-135.0550840828942,75.85177159425305,0.5315907830037794
356,-135.0027465771945,74.88736448458168,0.5377190584972548
357,-134.9204036597305,73.92433116497519,0.5427124353635848
358,-134.80365632809497,72.96606251285115,0.5465368369801458
359,-134.64597150100292,72.0137843252644,0.5486441805274619
360,-134.4535383559207,71.07415704872707,0.548895706488242
361,-134.22283897589335,70.14168917748427,0.5477095041534435
362,-133.961367826593,69.2199084858242,0.5449650440594628
363,-133.65927930534917,68.30840810920351,0.5415406926638463
364,-133.32006474512704,67.4087980764461,0.5365108395001358
365,-132.9503839466818,66.52577418705602,0.530782905225705
366,-132.53820445725134,65.6641887242819,0.5239240871889632
367,-132.0943885063587,64.82401673634989,0.5156343935617317
368,-131.61531527543931,64.00807976613444,0.5063860661340923
369,-131.10956468334086,63.20436876028331,0.4953313682868166
370,-130.57608057619595,62.42272703275863,0.48267774355401577
371,-130.01144887506945,61.667131609334874,0.46882673419718235
372,-129.41673649186276,60.92672875952168,0.4550395882844891
373,-128.79681432117664,60.19465616109377,0.44172475412761225
374,-128.15457525184877,59.493864037211274,0.42930690183150566
375,-127.48630098190264,58.81748403839908,0.41834159319225106
376,-126.79093563812036,58.15954173702794,0.40871768228997285
377,-126.07239026538436,57.52907304685071,0.4012725425381455
378,-125.32449445357182,56.93312390909736,0.3958911333843085
379,-124.5578003318107,56.37070842169668,0.3925576881817098
380,-123.7718463968335,55.829683197289405,0.3913968250233055
381,-122.9728878241169,55.317543011738614,0.3918730442468965
382,-122.15726193695701,54.839356636637724,0.39363824489931615
383,-121.3191948808986,54.392020633576244,0.39646113652091935
384,-120.46413018305066,53.97408865980849,0.4006432251569105
385,-119.59675798203021,53.580137286332196,0.40550744475919265
386,-118.71957925069913,53.2346570834548,0.41076207510841367
387,-117.83497699984241,52.92438027029529,0.41534505459700605
388,-116.9436036950899,52.6587879430052,0.41970705105128436
389,-116.03928896741697,52.44271574164202,0.4233478288943631
390,-115.14563898425422,52.2804362588754,0.42699491630553577
391,-114.23559437792031,52.16190703206692,0.4304857000235232
392,-113.3289256197341,52.0893697098762,0.43356168964258024
393,-112.42538339954682,52.068211753783906,0.435511195437656
394,-111.5011650521472,52.11069443399811,0.43585129509771725
395,-110.58697137839528,52.203530242339646,0.43486173618098817
396,-109.69313801467769,52.339009166810456,0.4338583265944155
397,-108.82592847303486,52.52025560023536,0.4332578553518087
398,-107.9849946125796,52.745936308720786,0.43140871685604654
399,-107.16312990401912,53.0123717839454,0.42780782456362126
400,-106.36090504498685,53.32693174204716,0.4226184297198293
401,-105.55866824783806,53.68423178072697,0.4164038944631363
402,-104.78278028216167,54.07417906118542,0.40973453158483464
403,-104.00853468309401,54.49038876086179,0.4003977167815714
404,-103.25930270622726,54.95710272581874,0.3876990482220652
405,-102.51179463932262,55.47191490526595,0.3719138937200628
406,-101.782206983446,56.01908487541926,0.355310186225252
407,-101.10016946637917,56.597827367751776,0.3391841415721837
408,-100.46272581907382,57.19562578979764,0.32499654951229673
409,-99.87021185982108,57.812091905169545,0.31248934946733525
410,-99.29425324780937,58.45542600722969,0.3010426715769061
411,-98.74796443519139,59.11625365752563,0.2910135451545252
412,-98.21822800351785,59.78624736989282,0.28238293352070365
413,-97.69612100964775,60.47733826731335,0.2747996344340606
414,-97.1979069494503,61.17258354202057,0.2664265991044942
415,-96.72593268625997,61.85284537701509,0.2542509649944383
416,-96.25197685113427,62.56115472906101,0.2416613591719589
417,-95.78313151155479,63.266327088452655,0.22888713332413463
418,-95.33464890098506,63.95502748377247,0.22087558528353696
419,-94.88392442893064,64.66583458631425,0.22511509295626583
420,-94.44945863720218,65.34841816070151,0.2458558406555159
421,-94.02039841997077,66.02659185114143,0.28759954300662877
422,-93.58917024275274,66.72002789092355,0.3572461881569577
423,-93.174456819399,67.38676722999327,0.45223007388372205
424,-92.76490921662268,68.04903543168305,0.5700058719242226
425,-92.37020959193643,68.69917035145085,0.7019415512808234
426,-91.99295998604286,69.32807079006598,0.8461258914726574
427,-91.6341587304741,69.93673339763446,0.9963482678131038
428,-91.2660856289005,70.56483051784144,1.15115683548458
429,-90.91125798432745,71.15997202683188,1.3066482827455748
430,-90.57007946839607,71.74574535802012,1.4637989616372444
431,-90.23339891795634,72.33812214145726,1.6123727932224599
432,-89.90799762317438,72.91039985719392,1.7590445289294834
433,-89.57939164928278,73.48786710842529,1.9047656229771315
434,-89.25481250167381,74.05858690861649,2.0469726926658396
435,-88.93186213620145,74.61146826518697,2.1787646062520136
436,-88.61476403104423,75.15065935259511,2.3014111548744625
437,-88.30884167306097,75.66283625548625,2.412592729795671
438,-87.9995840387984,76.17727713964457,2.5207571760674474
439,-87.68359431339906,76.68727045278186,2.628972782778766
440,-87.36745822715024,77.18229954201493,2.743316753344067
441,-87.06339469109514,77.65132127973267,2.8661218595344917
442,-86.76342426272174,78.1263081661482,2.9963286137424485
443,-86.46156061937464,78.60467582983162,3.1333631586505213
444,-86.14735245693103,79.08322679630338,3.285193175499672
445,-85.82511070511464,79.55392903931337,3.446522864956961
446,-85.4963879232923,80.01684713548657,3.617971480262184
447,-85.15184950172976,80.48667924382976,3.8041392997421712
448,-84.80398333050866,80.95349252562146,3.999801970711191
449,-84.44533050025487,81.42055388341024,4.194628583104283
450,-84.07027447705234,81.88424593829967,4.385886945315112
451,-83.678458906405,82.34834211366959,4.565246821671986
452,-83.28248688852096,82.81183461983066,4.7358039473657625
453,-82.87424166693685,83.2829567719122,4.895738120159928
454,-82.45759579707314,83.75803927104933,5.045324525974701
455,-82.02606894249968,84.23110930590835,5.184496519623008
456,-81.57874396674974,84.69894686578905,5.321001176075712
457,-81.10947018275601,85.15833186948475,5.464314198089402
458,-80.61534390939029,85.61924414485537,5.625241083993116
459,-80.09530909313207,86.08105972345265,5.811738121142728
460,-79.55246219673887,86.53842907970287,6.011695924334341
461,-78.98741290026939,86.98336800488595,6.2160593430990625
462,-78.41069433586905,87.40840295329454,6.423151670802965
463,-77.82295140484749,87.8290180290257,6.627412957380773
464,-77.22736193529487,88.22965077804845,6.834771691488891
465,-76.63427852635442,88.59505730610292,7.030980272593101
466,-76.05277971118178,88.92121833635477,7.21297428836558
467,-75.46363668663402,89.21291403625386,7.381752780151758
468,-74.86886816882314,89.46168459037472,7.542210412780232
469,-74.25920662695191,89.66637455129187,7.700797191607725
470,-73.64117139587249,89.83230374006838,7.857591581637922
471,-73.01936025186032,89.95318646937372,8.013521134281532
472,-72.3814487243626,90.04170078642032,8.166622245513015
473,-71.73276620911429,90.08270564186878,8.32071566859441
474,-71.07727579368205,90.08085224805004,8.481017239974927
475,-70.40793332354133,90.02936787966894,8.646115406863347
476,-69.72903044943669,89.93582268473322,8.816413734083737
477,-69.06513139215811,89.79201006478354,8.983474252636324
478,-68.39293690137468,89.60599961976592,9.150311392988066
479,-67.71745878148884,89.3861459533795,9.315385642108943
480,-67.05079601949461,89.12169020249664,9.479042251176482
481,-66.39216705540089,88.8344354078735,9.641493201019268
482,-65.75273475277109,88.52346778171389,9.796516187866889
483,-65.13544239211764,88.19526481710841,9.947996311846044
484,-64.52698798632007,87.8520208371888,10.091413552178441
485,-63.92894631943203,87.4926869071513,10.224410766254394
486,-63.343025943426426,87.12459087976127,10.342095319068541
487,-62.76621884114316,86.74515770350988,10.440298902711772
488,-62.20412745197837,86.3794841772792,10.51731714151847
489,-61.652979049127396,86.00198215804605,10.573576567768823
490,-61.11185710141788,85.62298127915624,10.609434933328277
491,-60.59231568556362,85.24158353312095,10.628860303287556
492,-60.08021051708147,84.85653850364659,10.636975901145767
493,-59.57791091065812,84.47552023147651,10.638021193725901
494,-59.08790490647823,84.09121514272738,10.63718699738426
495,-58.60897471639332,83.7131042765876,10.63662366605429
496,-58.13827914054766,83.33456338162718,10.63359626155302
497,-57.675213008700965,82.97023707388188,10.630025331730472
498,-57.22386882622342,82.63115604406907,10.625626925009762
499,-56.76832966621735,82.3228392540659,10.621656376139846
500,-56.312506664552856,82.05409364804972,10.618122641723515
501,-55.84903863801134,81.80657834240802,10.615426624140072
502,-55.38239352980062,81.59331633822167,10.613587437493416
503,-54.89458500866397,81.41614635802985,10.613184456438068
504,-54.385006227932806,81.26286801609108,10.614019707979331
505,-53.85207357457212,81.13098001992962,10.616137842885317
506,-53.30156087599112,81.02952243035026,10.619898179664805
507,-52.731940331175046,80.95712427348728,10.625102454639958
508,-52.144023820335256,80.90390117078447,10.630572294236908
509,-51.541870201177694,80.8864976625764,10.636467374039768
510,-50.921997651277586,80.90364086225765,10.642735577732171
511,-50.2826253189771,80.95286803839389,10.649746436480658
512,-49.63493199606306,81.01688576838414,10.656746605062706
513,-48.97738040082179,81.08925425516861,10.66352205529689
514,-48.31443851824875,81.17820941399789,10.670257235992624
515,-47.64297971129747,81.27894402262379,10.676749383342237
516,-46.965930278086525,81.38764956951428,10.683802105062945
517,-46.284063397531924,81.49069096776539,10.692123487566892
518,-45.60600361783577,81.61068971454264,10.701482414916933
519,-44.92430594121226,81.74053180763761,10.711749585739506
520,-44.23225665114326,81.86851659036154,10.722389884879913
521,-43.53447783878942,82.00457126076086,10.733277857236619
522,-42.83492324679569,82.14144856530747,10.744229151205621
523,-42.12527260902253,82.28174869938931,10.754835838568177
524,-41.40906362096279,82.41818751021374,10.765171699217545
525,-40.68965825308495,82.54778408894937,10.776075986360466
526,-39.969068833712505,82.67651117943981,10.788050556515126
527,-39.24042553139924,82.8080380780154,10.801502189574014
528,-38.507501298536624,82.93979391404464,10.816619867032816
529,-37.77456194948009,83.05594002672711,10.833064519061999
530,-37.033653030595524,83.18184059706029,10.850632357388694
531,-36.28630251655699,83.2880637845424,10.869153804928349
532,-35.53387900191015,83.38286224987009,10.888665434958241
533,-34.78348503754212,83.46905428829004,10.908621603386123
534,-34.02994924478396,83.54502993185974,10.92863194420443
535,-33.26743177073845,83.61132580191722,10.948618135236696
536,-32.50142872057086,83.66763167661989,10.968744915257014
537,-31.73297707237036,83.70423756739996,10.989066479340945
538,-30.959301463634063,83.72787924579394,11.00961435459403
539,-30.178148527402797,83.74003250030326,11.029737079080938
540,-29.398080161549313,83.73908742196453,11.04924986655224
541,-28.616843012258133,83.72141742209179,11.068245467973139
542,-27.831661736926044,83.68733019778264,11.088802526053017
543,-27.05270786545582,83.63617675686378,11.1129252956106
544,-26.28041768394515,83.57720086185161,11.142002612838741
545,-25.51798575768948,83.50315860058336,11.175614651889148
546,-24.763128919807794,83.4130638892971,11.212516063389497
547,-24.023170437457203,83.30906336917013,11.250727011379016
548,-23.306568166449413,83.20055347433602,11.28836469233535
549,-22.609530186277357,83.07444584119982,11.324026871220608
550,-21.93281564671804,82.93167962890021,11.355679250016454
551,-21.27567869168495,82.78274720102978,11.379820984435613
552,-20.647073163037877,82.62577451431092,11.39553076676944
553,-20.042970529832754,82.46167552697779,11.402932966932227
554,-19.464977258589037,82.28431647149637,11.4045075973906
555,-18.91280221700012,82.10018741342452,11.40229885862453
556,-18.38597355925035,81.90362582668767,11.398864085052296
557,-17.878654614544768,81.69042569169221,11.395401464975151
558,-17.38414615485258,81.47043030713529,11.3916791805249
559,-16.918215380378154,81.24256638270126,11.389766576904497
560,-16.471046544996366,81.00790716689404,11.391558957065666
561,-16.042504586141476,80.75660931686475,11.39841873028378
562,-15.621415263129816,80.49563164723288,11.409683415654236
563,-15.217191570646474,80.2340796151285,11.424057641549904
564,-14.829232307107084,79.95647257420083,11.44118489436251
565,-14.457471492789617,79.67473168611436,11.46042428787673
566,-14.101961808494803,79.36861270860186,11.481430593879749
567,-13.75830430880725,79.05585524151381,11.50375656024107
568,-13.417366955006493,78.72827622804608,11.52574839390248
569,-13.07862841075316,78.39617012446084,11.545567957036873
570,-12.74299624273541,78.05389962060605,11.561844582040603
571,-12.421639602750984,77.70416473980443,11.575314055570319
572,-12.111025918454168,77.3470308809603,11.585528770218135
573,-11.810428378273587,76.980888101195,11.592186234321872
574,-11.514528457993809,76.60627303599507,11.595353783874389
575,-11.237954326356077,76.21777225589389,11.595670899473907
576,-10.975515574403042,75.81312678407157,11.593843673782006
577,-10.72173319792195,75.40408166060516,11.59132629176017
578,-10.483598807917545,74.97600984565008,11.588695816304282
579,-10.250741061325378,74.54441712089682,11.586443957950454
580,-10.025405737901961,74.09522987389464,11.584025046186982
581,-9.806097351165013,73.6292052759266,11.58192001290491
582,-9.60026097471113,73.13424106125754,11.580083561987465
583,-9.408289797131188,72.62394379953292,11.578542716122882
584,-9.226445759965781,72.09823215358978,11.576817173783331
585,-9.04708404643821,71.54667416209865,11.574661620100347
586,-8.884025486172938,70.96155885859109,11.57274255868995
587,-8.734271494433557,70.35579935522048,11.571082553628331
588,-8.59312254466413,69.72075224339109,11.569626930041064
589,-8.466310672384976,69.06286151113537,11.56820647357276
590,-8.36379686876251,68.38067653747164,11.567156745349282
591,-8.278117054714642,67.67768133143028,11.56712048982315
592,-8.21118973645435,66.94989295923503,11.567565630983715
593,-8.163950395078743,66.1946281783413,11.568270055751933
594,-8.139325298212754,65.4134969387577,11.569304919651136
595,-8.129052523468031,64.6124023738584,11.570242339780842
596,-8.137459328840116,63.79344413339937,11.570531648324984
597,-8.166490236151317,62.94877371850308,11.571158498315901
598,-8.225995248411591,62.08711252372882,11.572308889015869
599,-8.311241217886073,61.218812843722944,11.57358209511749
600,-8.41677326595796,60.332396250610344,11.575246359496896
601,-8.544219425682245,59.43106586611861,11.577866499741653
602,-8.698335054005753,58.52195912199278,11.582219089405665
603,-8.87808321883992,57.606421832354975,11.588599080305027
604,-9.075987781496318,56.685835024548666,11.59684650947719
605,-9.29465411777679,55.75384192721376,11.60713389477206
606,-9.531155957768501,54.81607987298803,11.619089429399653
607,-9.78524153613157,53.863158342921665,11.633007307310624
608,-10.057418221934835,52.90136451258077,11.649697404748958
609,-10.34964955044821,51.93576720289904,11.669391962925706
610,-10.667718957208358,50.96829250802243,11.690189321766438
611,-11.001810666353443,50.00035079443479,11.7123410529245
612,-11.348090849351316,49.03095596722666,11.736047147940166
613,-11.715136048372633,48.0508474945848,11.761392128352535
614,-12.097797663784863,47.07418032572219,11.788007378097333
615,-12.49376968359169,46.101756914581316,11.816432112869132
616,-12.89956708232829,45.14147439209927,11.84568248453717
617,-13.318573410305902,44.193648890728866,11.874889929094433
618,-13.740436328524378,43.26053935131777,11.903509056616832
619,-14.164396691501816,42.335498028417675,11.932616431574264
620,-14.592453556310844,41.419614995100886,11.962218032705453
621,-15.02206116143043,40.51652017623932,11.991953203301199
622,-15.446390248582427,39.62238909342064,12.02187853530406
623,-15.864213592727769,38.74426609516021,12.05317414753574
624,-16.285893058278877,37.874664950331955,12.085703317248681
625,-16.701435248872965,37.01776227107198,12.11947031935783
626,-17.105228617781144,36.17048489301287,12.154674088173593
627,-17.505825579463327,35.3374488533808,12.191234414255923
628,-17.90732064602473,34.52133742259404,12.225944743117786
629,-18.303183922572043,33.71758404970066,12.25629152582651
630,-18.68777971519885,32.931043697740456,12.285864717294933
631,-19.062736042941843,32.161693715521096,12.316670083299341
632,-19.43541492916815,31.401571584927005,12.351223114128874
633,-19.80336192198029,30.658671684031123,12.391091669859064
634,-20.16303934036654,29.933903788765644,12.436661917759166
635,-20.522767496105445,29.226031112817726,12.487658932280462
636,-20.87859268648172,28.529959679568357,12.54284253191668
637,-21.225892728869763,27.84638712756306,12.60081863267758
638,-21.571381466504647,27.172076817267133,12.659748764821543
639,-21.917313551689013,26.509036169688077,12.716917099925494
640,-22.262131375550197,25.850241805069235,12.768563871637262
641,-22.6025351016092,25.194620417041207,12.814039494217035
642,-22.937306990092125,24.552015300653924,12.856571122056494
643,-23.268120120920937,23.918220473658096,12.896107102181332
644,-23.60412373219857,23.292676667532135,12.933853594466889
645,-23.945317827057977,22.67660895558659,12.969549242079895
646,-24.282553155359214,22.06872179833317,13.004046594629747
647,-24.614156664962234,21.46244207876371,13.037410443418418
648,-24.94134602594661,20.86624214421659,13.069480901635009
649,-25.265338948349946,20.277818600610512,13.10043631186866
650,-25.591212990349455,19.699474864604475,13.130024854134584
651,-25.915296045396182,19.122738577959645,13.158056734148131
652,-26.233899455614452,18.55693567706259,13.184298060627825
653,-26.549458643040673,17.998707925651793,13.20766257683975
654,-26.86440900379682,17.448704338699045,13.229138173671664
655,-27.183268095175343,16.90348450930058,13.249519458359366
656,-27.50881124816349,16.365042430104577,13.27018914881444
657,-27.83390351139642,15.826130795723202,13.291805170196627
658,-28.15074140876237,15.294530145236143,13.315672992272358
659,-28.46561578722188,14.7653368736974,13.34173221053321
660,-28.777488209511905,14.253069422485838,13.369760079340399
661,-29.10358179524532,13.737389711571968,13.400291587471962
662,-29.437953410457958,13.223521240399684,13.431781820155384
663,-29.75959478987238,12.723097676282732,13.46243678068899
664,-30.083986788318253,12.233866629154011,13.491794182011338
665,-30.408047276026227,11.75033728866655,13.518180678319137
666,-30.740199872462554,11.257907601934798,13.542581457218677
667,-31.06179842521966,10.772189772170211,13.564637995257232
668,-31.383072317787377,10.2844528220361,13.584845331806036
669,-31.694500017602735,9.790560321880992,13.603342639343902
670,-32.001043563937905,9.311770289547967,13.621104789766695
671,-32.30659776566517,8.834519783406837,13.637489832686839
672,-32.60367270676043,8.37764136505762,13.652891540165225
673,-32.898130493365976,7.936629721303079,13.667768625063376
674,-33.18741561419176,7.49919014286027,13.680679642609022
675,-33.464818250945285,7.081847185677795,13.69123293035173
676,-33.74513802283677,6.665739385278348,13.699244963937362
677,-34.024557269445715,6.246700992210872,13.703688048752834
678,-34.299742583130985,5.810461740766172,13.705315666558054
679,-34.56303823103846,5.370973628008896,13.703872328576983
680,-34.83567602627593,4.923232078883912,13.70048351123626
681,-35.10831258878124,4.476028028526131,13.69574426688916
682,-35.380368819720395,4.0402973678594165,13.690207480629718
683,-35.65150137980521,3.5970144284722467,13.683988555470858
684,-35.91354555287341,3.1622587207678974,13.677384006409707
685,-36.179759433228405,2.730256931862921,13.67068983324058
686,-36.457436036603355,2.2786912155525245,13.66373183923486
687,-36.72681479444105,1.8372702258487656,13.656599153315
688,-37.007678162787265,1.3765569903509003,13.648826048828939
689,-37.293583711231626,0.8989594777740271,13.640747784029772
690,-37.581938769283674,0.39996395740501156,13.632905758237921
691,-37.879863020520744,-0.10416236863533074,13.62519863856063
692,-38.1883934337792,-0.6158369289135349,13.618071141376216
693,-38.50313101959389,-1.1291398376480621,13.611632496364798
694,-38.82243510319137,-1.6539856885027953,13.605807823965625
695,-39.14601457773209,-2.190374482571759,13.600341191880535
696,-39.47664472578695,-2.72456967340582,13.595015593914479
697,-39.81271909359477,-3.2619847133744493,13.590063947496265
698,-40.149884920704665,-3.812727069011022,13.585490388344375
699,-40.484501183661436,-4.356030547262755,13.581977256783201
700,-40.82436713782631,-4.906574967272615,13.579283555087494
701,-41.16037327713774,-5.459551919331046,13.577874682737296
702,-41.49637948860986,-6.0180286657724835,13.577952460403306
703,-41.82852587370388,-6.577491509954312,13.57941970622529
704,-42.16170234307845,-7.148432744960428,13.582120804906532
705,-42.50081518604658,-7.720535268570523,13.585683494348256
706,-42.84464674459645,-8.30211630535678,13.589800879952184
707,-43.1867887487022,-8.877456278550074,13.594043193594182
708,-43.535172889305485,-9.46346376833786,13.59800090421411
709,-43.88713133343329,-10.064007693380958,13.601562135124185
710,-44.24208745438883,-10.659995100277746,13.604641568226917
711,-44.60035746356873,-11.258216270536193,13.607207915891166
712,-44.96466728245352,-11.863921120699642,13.609041947935772
713,-45.335197716926785,-12.485343013918314,13.610572281323904
714,-45.708128779408746,-13.112554808951849,13.612284441573097
715,-46.08375097069364,-13.749160434256542,13.6142100564789
716,-46.46969018136605,-14.395398819032014,13.616447396140195
717,-46.86056880730625,-15.046219629129073,13.619084249994142
718,-47.25337746971805,-15.702006919732764,13.622333949513072
719,-47.645551374214776,-16.361965795742613,13.625821748232951
720,-48.038991968701446,-17.035317383567318,13.629713391741035
721,-48.43121866710108,-17.698758560439714,13.63407454497848
722,-48.82394858701694,-18.346000464364753,13.63853450378947
723,-49.22000290457175,-19.000359627578668,13.642591339067812
724,-49.618216863083724,-19.66031583407276,13.646204509267914
725,-50.01626540816349,-20.32675708640614,13.649256805129042
726,-50.41225150232169,-20.988521939554925,13.65219086310066
727,-50.812770493588516,-21.654870893185258,13.65494374054242
728,-51.216604677040756,-22.32580395539021,13.657401158623607
729,-51.61553193391735,-22.994813479114725,13.659807668090627
730,-52.01677674638759,-23.668407117168005,13.662292541526526
731,-52.41844971832013,-24.34070857760936,13.665134885363711
732,-52.81920950185807,-25.015829099465314,13.66872093882096
733,-53.223838730416865,-25.68799548591665,13.672740069179339
734,-53.62667505229726,-26.35658392225781,13.677242509772093
735,-54.031423036269786,-27.03031408777139,13.681557454505398
736,-54.43194274906405,-27.70667803476427,13.68527193437601
737,-54.82701645928003,-28.382601782792822,13.688208209417885
738,-55.22323947997494,-29.06067461298021,13.690466257744646
739,-55.61485492252312,-29.736079312513983,13.691560452204742
740,-56.00887222719899,-30.407615912417388,13.691344191477942
741,-56.3991514236438,-31.068776756281878,13.689714397650544
742,-56.79938105841083,-31.731172640131962,13.686393047709208
743,-57.19614344447336,-32.38953864208583,13.681539113023593
744,-57.59436077836963,-33.04220524437417,13.674917988035302
745,-57.98911084219651,-33.688193100453425,13.666689920948812
746,-58.38483831195384,-34.33218610870709,13.657495559246478
747,-58.77346069213709,-34.981055124563056,13.646312263510046
748,-59.158621511011006,-35.62303660877903,13.633035515269292
749,-59.54122837168112,-36.26223843149444,13.618092692682032
750,-59.92620350874546,-36.902043951038515,13.602191136232342
751,-60.308624666860844,-37.53773991816215,13.58599484307092
752,-60.69671907989614,-38.17940855644776,13.569690675435915
753,-61.08750925754977,-38.82954761488501,13.55252377393017
754,-61.488009813230626,-39.48051587009429,13.534457623350344
755,-61.88070511697614,-40.121531228131595,13.515870963530297
756,-62.27512371739742,-40.76623182529856,13.49690628785624
757,-62.67369149422207,-41.4115017197808,13.477791833464714
758,-63.074445017554744,-42.07180026112507,13.458232115949016
759,-63.47074961761287,-42.74075228844399,13.437597453329419
760,-63.87618894349356,-43.398782580641864,13.416480473934266
761,-64.28546230568841,-44.06461686665401,13.395385413397243
762,-64.6941757201719,-44.731747475076965,13.375415873025908
763,-65.10353744446321,-45.406682094784415,13.356873316525395
764,-65.51127379260353,-46.090406840258915,13.339477700787093
765,-65.92098901776724,-46.77768935253511,13.323454975406671
766,-66.33169416005826,-47.44576985938612,13.30902291060233
767,-66.73789822154217,-48.10881216148128,13.296327361574647
768,-67.14016315027598,-48.77088807878968,13.285552391183916
769,-67.5464553403498,-49.41874022097499,13.276072879428007
770,-67.95080248582602,-50.07270428240075,13.26702554495753
771,-68.35858199730251,-50.71247057337789,13.258376575168102
772,-68.76667928572645,-51.34726026305429,13.249627846000916
773,-69.17155160379082,-51.98127937316262,13.240256879755806
774,-69.57185757277941,-52.61409105365223,13.229751229417595
775,-69.97237992620934,-53.250361591546735,13.218089784077032
776,-70.36745637681534,-53.898709279780476,13.205736895940547
777,-70.76368209953836,-54.54553754984871,13.193393161845252
778,-71.15916011271702,-55.1884776268473,13.18023970527056
779,-71.55156543829956,-55.837611820578665,13.166477472315737
780,-71.94077433867348,-56.48583037525697,13.151922607939584
781,-72.33278732858591,-57.14235438111352,13.135422009782783
782,-72.7276043274181,-57.798326620114324,13.116440881205726
783,-73.11922494121256,-58.45490263573567,13.094172659375158
784,-73.50777287358686,-59.1132379137066,13.066922270215375
785,-73.89482727081547,-59.76447522396248,13.0341581631577
786,-74.2805118903661,-60.417835699923415,12.996230572761267
787,-74.66495032663062,-61.06620957331092,12.954087322829098
788,-75.05046765778184,-61.711616786321784,12.90921544608038
789,-75.43896083677183,-62.352459948996305,12.862080462615058
790,-75.8238345916233,-62.99454834867666,12.813099054563043
791,-76.21075128364828,-63.63802781251878,12.763793907191614
792,-76.59492821440226,-64.2836102943502,12.713932129332221
793,-76.98156680042736,-64.9432353268658,12.664250647589158
794,-77.36322175971836,-65.60664966006532,12.613379842549305
795,-77.74076711536003,-66.27636717055545,12.558888341557704
796,-78.11893672184681,-66.94910839869377,12.499443342191782
797,-78.49436857294155,-67.62887560173426,12.435633754440026
798,-78.85966940212687,-68.30933891147967,12.368359631761441
799,-79.227274545982,-68.99360824631256,12.2972510861051
800,-79.59669305155171,-69.67467533011565,12.220904010819895
801,-79.96479639542122,-70.3615802306916,12.137950934568266
802,-80.33109560826838,-71.0534785974245,12.046376052500248
803,-80.68816442597766,-71.74175228109084,11.945439285737182
804,-81.03259844197083,-72.43999779833662,11.837191312215417
805,-81.37232916973979,-73.1373839731429,11.72244971707079
806,-81.70260181210092,-73.833095831625,11.600399899864097
807,-82.03751079530775,-74.52789205175985,11.473126495647572
808,-82.3629617697226,-75.23375931937107,11.34323330785445
809,-82.67926465230808,-75.93360701418828,11.213079467222691
810,-82.99438351148038,-76.63707707723684,11.086046855693068
811,-83.30966418432314,-77.34571487976847,10.962111481611695
812,-83.62785212803203,-78.04643204515993,10.839365931656051
813,-83.94553344612531,-78.7507716236811,10.715635992307426
814,-84.25890403579137,-79.45707676651031,10.589853880971154
815,-84.56325472463375,-80.16371241489924,10.46293435421819
816,-84.8602491279539,-80.876789616572,10.336968348948087
817,-85.15342489365561,-81.587431843259,10.210278872573685
818,-85.44539831829965,-82.3057213477227,10.083615453708125
819,-85.73351770949668,-83.0348780392953,9.958244913565203
820,-86.01724898706202,-83.77002511076974,9.83513047308302
821,-86.29628193704849,-84.50630756678447,9.714798779800862
822,-86.57519890787768,-85.25043846219786,9.59976923733945
823,-86.84699541355117,-85.995931143498,9.489166029148027
824,-87.12064443686154,-86.73632055434018,9.383448001606721
825,-87.39546237405271,-87.47670992317597,9.280614964373115
826,-87.66902329167134,-88.2170992807187,9.180700615956939
827,-87.9416373745593,-88.95748866877122,9.080392406214315
828,-88.20960010463408,-89.69787814891748,8.978499905738602
829,-88.4790514975129,-90.43826769011822,8.872028680283362
830,-88.7519551473366,-91.17865728616064,8.759784868924394
831,-89.02637983675343,-91.91904697282824,8.641009756834421
832,-89.301746499756,-92.6594367499468,8.516396524649211
833,-89.57438286561796,-93.39296425380009,8.386338481933976
834,-89.84336624625904,-94.13172588454064,8.25255170628032
835,-90.1138979537563,-94.87793353343773,8.118063805713836
836,-90.37944026804512,-95.62997728233779,7.986435602848211
837,-90.64943306387458,-96.3862470786022,7.856814957905312
838,-90.91560523368483,-97.14002983994673,7.731544435595549
839,-91.17459475958478,-97.89618059244025,7.611608071839246
840,-91.43201336873098,-98.65957605358312,7.497687054902014
841,-91.69173041424435,-99.42189310449274,7.388198748195323
842,-91.94715692741275,-100.186376896841,7.282060005338717
843,-92.20223152268832,-100.95629422330288,7.179669538896975
844,-92.45779830823591,-101.72681523809068,7.080449121207199
845,-92.70868564058742,-102.48744769307157,6.983259743283182
846,-92.95820324130804,-103.26060504996302,6.8871311397623005
847,-93.20966037244054,-104.03507884214034,6.7923536023338995
848,-93.45879314475972,-104.81151816344703,6.697057101604711
849,-93.71709385523825,-105.58882698583581,6.597912207995044
850,-93.97197609628356,-106.36011623153367,6.4952544320105625
851,-94.22362076581214,-107.13561410754829,6.388477313059306
852,-94.48143797537216,-107.91543037105366,6.275820901805992
853,-94.73636140760144,-108.70101827868527,6.157679469037953
854,-94.99159912801075,-109.50246007293232,6.034886568929722
855,-95.24866362520333,-110.30989311502819,5.908422026301962
856,-95.50906750770042,-111.11888920056951,5.777637840326798
857,-95.76779149748813,-111.93064832689898,5.641748305491792
858,-96.02812172785919,-112.75817080981922,5.499452311375844
859,-96.28099176012302,-113.59367619300936,5.350780213044009
860,-96.53932866048795,-114.4444116578053,5.192047561267959
861,-96.79583935692246,-115.30731421006342,5.023268290087238
862,-97.04323070521694,-116.17556092818586,4.845922992680059
863,-97.29517537479387,-117.04377838731335,4.662359122229349
864,-97.54438048135843,-117.92373272259056,4.472886836315897
865,-97.78967706842846,-118.8132999518161,4.279918100961638
866,-98.04021878977792,-119.69956256735384,4.086866618214672
867,-98.28631017962695,-120.58343053338993,3.89162636986028
868,-98.54368662462198,-121.47176350826064,3.6952466337719656
869,-98.79800373725534,-122.3685286979108,3.4977844129134525
870,-99.05354007020286,-123.2798496236527,3.3040146404657866
871,-99.31322183671854,-124.19916564724991,3.1167863320498244
872,-99.5770681187327,-125.13171663097349,2.936876215349031
873,-99.83634809082297,-126.08454863785411,2.769094674146352
874,-100.09231489347434,-127.05216095721482,2.6151486630027834
875,-100.34620523277489,-128.0280886784783,2.472112448925564
876,-100.590506094969,-129.01644907711736,2.3365170661863077
877,-100.82768840106937,-130.01180605864386,2.2067826067791456
878,-101.0602066463239,-131.01052974261106,2.078828835610691
879,-101.28673869491435,-132.02079079569612,1.9447288463322276
880,-101.51555619244346,-133.038075430811,1.802180909120919
881,-101.73324129537983,-134.06002682710917,1.6485562548950827
882,-101.95510619868898,-135.0813947828366,1.4862953006662538
883,-102.17213405925611,-136.10798276332136,1.3167435809993733
884,-102.38021700713415,-137.14785309559207,1.1425497704092455
885,-102.57896617922817,-138.20100568648976,0.9684389674042455
886,-102.77237449586906,-139.25934362812222,0.8010971909780122
887,-102.96136844117045,-140.31479197809858,0.6416805522011366
888,-103.14552496053327,-141.37084390803574,0.4941431180682976
889,-103.32166270324099,-142.4258895133891,0.35840840749314545
890,-103.49648110707541,-143.47831879875469,0.2321446392510924
891,-103.66531282191079,-144.52652190497332,0.11416497622451324
892,-103.8330845743092,-145.5688888116213,0.004191548313357679
893,-103.99062335158098,-146.60380963690147,-0.09536739629094906
894,-104.14967136876646,-147.6334961460575,-0.18172306192862944
895,-104.3009220140408,-148.67004486826795,-0.25413006814205846
896,-104.4462644525918,-149.69973091523474,-0.3110565966923635
897,-104.5899310491756,-150.7346505638769,-0.34911764705374737
898,-104.74136620492902,-151.77701562263945,-0.36600844148823114
899,-104.89292479492757,-152.81835395296653,-0.3667063939455198
900,-105.04524572222523,-153.86915211412614,-0.3555016177019212
901,-105.19761559157192,-154.93001233051368,-0.33925253345253925
902,-105.35675289706576,-155.99771471591643,-0.32261284907382953
903,-105.51052656981378,-157.06628677769473,-0.3088044899409267
904,-105.66837652765082,-158.1320590425935,-0.2980120472059669
905,-105.82376518424695,-159.20326497535757,-0.2897270202171056
906,-105.98189381879332,-160.27507463093997,-0.28305879420709906
907,-106.13797958979454,-161.3426582242367,-0.27780976064746626
908,-106.29843072870335,-162.4023856701734,-0.2715574958276917
909,-106.46339830603955,-163.46457401490576,-0.26255661177637113
910,-106.62878313223462,-164.52090610427763,-0.2515406820006803
911,-106.78788574763593,-165.56837598391473,-0.2396156265985646
912,-106.9497632454188,-166.61891060042242,-0.22812468361549668
913,-107.10937786480085,-167.67090595516507,-0.21741247390097557
914,-107.26403905102109,-168.71530111735638,-0.20841572839933173
915,-107.40283337581823,-169.74399956199227,-0.20183590860859257
916,-107.54027865481793,-170.76509779115148,-0.19803636046168702
917,-107.67588411542582,-171.78667073259786,-0.19762181142676982
918,-107.80524744234901,-172.8052251671397,-0.19943771278230513
919,-107.93144288128806,-173.82747420927143,-0.203662372165336
920,-108.06417037373787,-174.8485626772611,-0.20898905200430057
921,-108.19943667699357,-175.86361380887033,-0.21481541687731612
922,-108.33150642639215,-176.87584758327898,-0.22101348402114993
923,-108.4666073320341,-177.89534619378105,-0.22672136951178284
924,-108.60196383785706,-178.91323316037074,-0.23201765962875526
925,-108.73305827245585,-179.93051642832128,-0.23626251939483348
926,-108.85745505086153,-180.9389626680808,-0.24008039307691362
927,-108.97560959355408,-181.94224119054354,-0.24259709993274997
928,-109.09545378698324,-182.94632465879315,-0.24505835454789768
929,-109.20865208981705,-183.9442418462882,-0.24971089637445232
930,-109.31865809907524,-184.96774099633603,-0.2568436816501249
931,-109.43358279042707,-186.01888890143152,-0.2655573105786122
932,-109.55035547923521,-187.05605455054476,-0.27478553682942625
933,-109.66013584236734,-188.07985732859643,-0.28484066791792173
934,-109.76698149713981,-189.11520949085002,-0.2965490221046831
935,-109.87326670000974,-190.12084341575354,-0.30810745357137026
936,-109.97279778873973,-191.11631090426613,-0.32099206056401336
937,-110.06669684982258,-192.10900137011888,-0.3356482551966589
938,-110.15751396317073,-193.09691511371508,-0.351635838127676
939,-110.24989035728403,-194.0815272215736,-0.36889300136417125
940,-110.34264901284965,-195.05972832176494,-0.3885856467143756
941,-110.43138747596855,-196.0285080255716,-0.41149859566233515
942,-110.52130098459205,-197.00219978992004,-0.4361007944085863
943,-110.61536737879665,-197.9853906782193,-0.46262773598097745
944,-110.70624947905964,-198.95792457373847,-0.4911917404946585
945,-110.7987276044905,-199.94272856160595,-0.5234171800196931
946,-110.89706806226533,-200.9454403518707,-0.5597672888503813
947,-111.0022141055383,-201.9346495194249,-0.5987251659902009
948,-111.10927733614032,-202.95016345870653,-0.6423452676330105
949,-111.21466642696076,-203.97666126293004,-0.6896103199282538
950,-111.32081687915465,-205.0156362830391,-0.7402076797486101
951,-111.42863282333634,-206.04930941655547,-0.7926143418390619
952,-111.53241312747194,-207.07166415987058,-0.8457815418930579
953,-111.62976299536996,-208.07985856947244,-0.8983965692061541
954,-111.72555132138132,-209.0741996562781,-0.9498491966688353
955,-111.82470824694788,-210.07677994222348,-1.0008805743479674
956,-111.93171350292916,-211.09217766941694,-1.0519364517914715
957,-112.03476826950073,-212.07877494686028,-1.1019954152101155
958,-112.13736660281285,-213.07566341628007,-1.154172518325202
959,-112.24194367577377,-214.06203948481328,-1.208770283680857
960,-112.34481096879664,-215.05072164532982,-1.2672948301920002
961,-112.44248272934169,-216.04439653982047,-1.3293154777888057
962,-112.54096182271151,-217.04775602659797,-1.3958675240963858
963,-112.63743219639125,-218.02292176110868,-1.46316076656234
964,-112.73633828197352,-219.00757285533328,-1.533151152340967
965,-112.83889783387494,-220.00293770066338,-1.60533057025647
966,-112.94632826924288,-220.98982259945845,-1.677935409359216
967,-113.05984749157062,-221.98193967327222,-1.7480654108704228
968,-113.17778231926535,-222.98053651146057,-1.8115719167638085
969,-113.28919481600036,-223.9625363221776,-1.86351870155682
970,-113.40616781309434,-224.9615189542545,-1.904398183665374
971,-113.51488470187012,-225.95844282978874,-1.93572897858077
972,-113.62391191793319,-226.96994834380658,-1.9628299127501778
973,-113.73415694703152,-227.98393333397294,-1.989716980919578
974,-113.84489697128987,-228.99250197632156,-2.017736535711266
975,-113.9541770912365,-229.98675675564243,-2.045316532082304
976,-114.06574143397442,-230.9957057629927,-2.0760943329262
977,-114.17821927307429,-232.013219397151,-2.1080612897453714
978,-114.28775023583798,-233.0196369245201,-2.137879566292523
979,-114.39922443638744,-234.02545047839934,-2.1618762275620513
980,-114.51754838521929,-235.0354896804904,-2.1759577554168774
981,-114.64150425433591,-236.04648762993992,-2.1784172558261625
982,-114.76896677408787,-237.06107569328577,-2.1713009767586193
983,-114.89015214107653,-238.07313646937928,-2.1615818582744777
984,-115.01298805215968,-239.09766430858107,-2.153110057737335
985,-115.1367017417201,-240.11456262539048,-2.1486430962808014
986,-115.26498202092174,-241.12750068368274,-2.1475533262238375
987,-115.39153335375616,-242.13734803486798,-2.147514678321805
988,-115.51881043202616,-243.15378951752302,-2.1491428517290916
989,-115.64720212986505,-244.18270980076997,-2.151703734332525
990,-115.77271510849829,-245.21201263460446,-2.158004723741284
991,-115.9094943292486,-246.24169791405194,-2.171011876835086
992,-116.0496912431966,-247.28386226070373,-2.1924922813007712
993,-116.1978097112057,-248.34071770726428,-2.224946523443059
994,-116.34914030009892,-249.40259202248882,-2.2675518161259003
995,-116.49495633966423,-250.46589389291552,-2.3179596671363365
996,-116.6406261150345,-251.53987264887775,-2.369850477314621
997,-116.78565844226873,-252.61194790540463,-2.4195513135963194
998,-116.9339920078045,-253.6901263443757,-2.4610592162982767
999,-117.08034647274789,-254.7646273876612,-2.4889496072989292
1000,-117.22332356344229,-255.85152035231357,-2.5029081641485655
1001,-117.36477986340569,-256.95813639575334,-2.504196396215469
1002,-117.50521942187558,-258.06872248567237,-2.4970973228172664
1003,-117.6525786023694,-259.18229254417497,-2.48527476581505
1004,-117.79594413127852,-260.30674988693835,-2.472050821202735
1005,-117.94983404818099,-261.44785083530263,-2.461060960922726
1006,-118.09868578787875,-262.5995835077218,-2.4528603996115352
1007,-118.24636891018628,-263.763411055353,-2.4475272217714634
1008,-118.39849533326044,-264.946746700959,-2.444923769217729
1009,-118.55335623963266,-266.13835103036945,-2.445524350765084
1010,-118.71301993874579,-267.3418505626316,-2.4486026984085965
1011,-118.86720213871573,-268.55693774129054,-2.4544097366696533
1012,-119.01344843859496,-269.7923239161773,-2.462304951168815
1013,-119.16297665666873,-271.04074658692645,-2.473754812450281
1014,-119.31329970450791,-272.29049336075093,-2.487583205945921
1015,-119.46594544156302,-273.53956937582836,-2.5035433092280805
1016,-119.61970578456285,-274.79796720001013,-2.520681073633326
1017,-119.77897476810078,-276.06478284154184,-2.538954037309608
1018,-119.93488931394987,-277.3329401933228,-2.557900941853
1019,-120.09567630771504,-278.6092117259393,-2.575607328607209
1020,-120.26435027160069,-279.8894735900503,-2.592546895865396
1021,-120.44158274217608,-281.16364353931533,-2.610388450670873
1022,-120.61604065517533,-282.4480770621018,-2.6303996192446357
1023,-120.7904856125935,-283.74592953468255,-2.6545133476417258
1024,-120.96157999790168,-285.04452268429554,-2.6832283551381595
1025,-121.13915276303328,-286.34186246194906,-2.718831865676792
1026,-121.31706385744639,-287.6464925033196,-2.7590445028401267
1027,-121.49334952556575,-288.9512988703544,-2.803704517325837
1028,-121.66994104173845,-290.25865860907476,-2.85028830269014
1029,-121.84741730614866,-291.5617544217475,-2.8954023532590862
1030,-122.0256680242436,-292.86867362485816,-2.9354058007282733
1031,-122.2070455282583,-294.1777876337408,-2.9670681368383924
1032,-122.38676157904678,-295.4716335960214,-2.990301578435898
1033,-122.56249110775954,-296.75385412219305,-3.006498669506947
1034,-122.73411044909143,-298.02337597720583,-3.0170964767559965
1035,-122.90149592708008,-299.27827905711376,-3.024163877555429
1036,-123.06397574290999,-300.50822961764794,-3.0300781926036633
1037,-123.22999255593868,-301.7206979811868,-3.0375847265943867
1038,-123.39254173300391,-302.9147636390183,-3.0480054189870325
1039,-123.55606809101408,-304.08783057005445,-3.063397245399939
1040,-123.71746180841515,-305.23632418249025,-3.0825934326681534
1041,-123.8810899253497,-306.3738040499757,-3.105790980758303
1042,-124.04817021466691,-307.4992589729846,-3.1344181109417515
1043,-124.21388035342386,-308.6044590392582,-3.1691628705740547
1044,-124.37339831644655,-309.69965183809717,-3.2101356181936724
1045,-124.53313261027787,-310.78603724434805,-3.25867281103487
1046,-124.68830040474103,-311.86576199695276,-3.315841599472209
1047,-124.84024313147177,-312.9380160791115,-3.381826357253354
1048,-124.99250370978598,-314.0026409519983,-3.4565735352282294
1049,-125.14819709776918,-315.06972722700687,-3.5393688943594204
1050,-125.30194542307555,-316.1358345565125,-3.6299110804356136
1051,-125.46046714170548,-317.19474928926996,-3.7254353731326426
1052,-125.61340436865976,-318.25245681208816,-3.8235543752250325
1053,-125.76347821724073,-319.32004560831206,-3.924233370748926
1054,-125.91276234543919,-320.3789609113157,-4.026306630959637
1055,-126.0639778588673,-321.4402911247717,-4.128174267905354
1056,-126.21289124100214,-322.51002167589184,-4.230402434826543
1057,-126.36319374260168,-323.5819391415337,-4.333795364083772
1058,-126.51065169353508,-324.6526031896397,-4.438837431188059
1059,-126.65798602550286,-325.7240076851485,-4.543972803978406
1060,-126.81171572333471,-326.80784463065476,-4.646394694329607
1061,-126.9615562877912,-327.8986143394434,-4.7453506375847185
1062,-127.11570036911334,-328.99394801013784,-4.8436864514276685
1063,-127.268666032642,-330.0861885330318,-4.943651438048435
1064,-127.41965459697731,-331.19665374461016,-5.049768050370877
1065,-127.57037448028125,-332.30724609252997,-5.165092996903154
1066,-127.71534397621927,-333.4238421031936,-5.29161775222588
1067,-127.86313885868225,-334.5473456480611,-5.431221991501635
1068,-128.00636559663062,-335.6728675316622,-5.5849716497356185
1069,-128.15154299059427,-336.8027997214617,-5.748926684431839
1070,-128.3013917816152,-337.93027113054075,-5.918500276958728
1071,-128.4516783915434,-339.0670449923697,-6.086444016973256
1072,-128.60609391828274,-340.2080268284214,-6.244692483152743
1073,-128.76040452316482,-341.3474885217336,-6.387923653506198
1074,-128.91733116577248,-342.4909296567048,-6.512695016709191
1075,-129.06997420970643,-343.6288438926837,-6.61538392890835
1076,-129.22955188422364,-344.7756592249779,-6.693458256976935
1077,-129.38745264716187,-345.9172852487743,-6.74468025440914
1078,-129.54000437163825,-347.05976964361065,-6.773649673774945
1079,-129.69720731049108,-348.19228159291043,-6.789082166473317
1080,-129.85535720776292,-349.32841817107476,-6.799698347831592
1081,-130.01567187407966,-350.4595616269863,-6.8152354579752386
1082,-130.18637402311958,-351.5848681416594,-6.848547923615153
1083,-130.35411493850327,-352.71848165941566,-6.907777586790454
1084,-130.52439516195477,-353.8400664631311,-6.9940377675751595
1085,-130.69239254406065,-354.96109487655235,-7.101181700150557
1086,-130.8532845780368,-356.0795077949813,-7.2177729057460285
1087,-131.0134793876332,-357.1888394207148,-7.330815625476081
1088,-131.16819387626026,-358.2952697591584,-7.426385508329635
1089,-131.32262921037318,-359.3898344230582,-7.494658223027723
1090,-131.4702473301083,-360.4665715425404,-7.533348762155787
1091,-131.62048846888337,-361.5235633192816,-7.543664801553117
1092,-131.77120577661523,-362.56282659307317,-7.52880659973579
1093,-131.9161716688599,-363.5843619429504,-7.497184196241095
1094,-132.06604438728124,-364.5889059647269,-7.458985347193666
1095,-132.21377056039802,-365.5788262724127,-7.420533641987812
1096,-132.36239636887615,-366.54363059923725,-7.384239890211006
1097,-132.50671106008977,-367.49853562755163,-7.350718667499765
1098,-132.64588552633288,-368.43486363681603,-7.3210749924956655
1099,-132.7811566289061,-369.3567224780382,-7.294982324304821
1100,-132.9099842071346,-370.26547899145703,-7.2726198441330725
1101,-133.0394224028045,-371.15833747028364,-7.254527147516199
1102,-133.15483518462418,-372.0372930431186,-7.2412465423574695
1103,-133.2703176473131,-372.9041080357726,-7.233103062871083
1104,-133.37563486329657,-373.76302295161594,-7.229058309222254
1105,-133.46711471891152,-374.62670363892045,-7.22903935677271
1106,-133.5584636052115,-375.50279708802054,-7.23257884708047
1107,-133.6395796476558,-376.38855055387904,-7.238263951570403
1108,-133.71095362108994,-377.2771015762314,-7.245463348378096
1109,-133.77546272519538,-378.1805465183036,-7.253904640046638
1110,-133.83148304266658,-379.087897449584,-7.262790848158571
1111,-133.88420534300076,-380.0009352407558,-7.271399052232998
1112,-133.92818586514133,-380.92338719710676,-7.279766845281049
1113,-133.96307448876124,-381.8545305275611,-7.287936869332323
1114,-133.98123534803253,-382.79251640164824,-7.295222335483051
1115,-133.98323159320438,-383.7335413365689,-7.30220832709324
1116,-133.9653973588235,-384.68485522027163,-7.309094452407324
1117,-133.92376928532295,-385.6530564080013,-7.315908966239605
1118,-133.86372827113274,-386.63067197227923,-7.323056231262978
1119,-133.77619105510888,-387.6138759450809,-7.330782318670006
1120,-133.67061257758522,-388.6075105763588,-7.3389724254694375
1121,-133.53917938031844,-389.60926005249286,-7.348062107780479
1122,-133.38517729181004,-390.6059117884588,-7.357579934454678
1123,-133.21257942112803,-391.60528903269073,-7.367014141974466
1124,-133.00651456793483,-392.620210476207,-7.376837189956564
1125,-132.77454723000997,-393.6349756363518,-7.387528147756675
1126,-132.5122418867879,-394.6431446732119,-7.397198133048636
1127,-132.21308672259735,-395.65136044036666,-7.406153602894749
1128,-131.87268249786948,-396.66083121728093,-7.412886015665144
1129,-131.49743745555153,-397.6552737433315,-7.417340235451277
1130,-131.08422786900144,-398.6352071250358,-7.41983995001241
1131,-130.63416055792487,-399.60329697297914,-7.42026045835443
1132,-130.14648957290981,-400.5563485753205,-7.419077364467729
1133,-129.6183344959739,-401.4803353035768,-7.416638009734328
1134,-129.05953838985695,-402.3760611335039,-7.413310088652495
1135,-128.46858287298286,-403.2445122299701,-7.409878986695058
1136,-127.84419439370356,-404.08615995157913,-7.40787173057066
1137,-127.19344047248121,-404.9009873915329,-7.407278665806159
1138,-126.52103047288062,-405.68858442102066,-7.407914251577241
1139,-125.81706446504263,-406.4608950399037,-7.409996148596405
1140,-125.08037337612373,-407.2107407197125,-7.413503045530758
1141,-124.32482079461121,-407.9355252016592,-7.4189324710294935
1142,-123.5420428422641,-408.6406846956803,-7.425813296860893
1143,-122.7386352310667,-409.33065144298024,-7.433659102038796
1144,-121.90837003508544,-409.9973505984899,-7.441917244029342
1145,-121.05108027871336,-410.6317462513349,-7.449771326036141
1146,-120.1733164786006,-411.2267922417654,-7.457248628656835
1147,-119.27505971397528,-411.7893509588347,-7.464092684470166
1148,-118.35556401841893,-412.3143719926128,-7.469817861118197
1149,-117.41558888748679,-412.81888562356824,-7.475066231090779
1150,-116.46031537746484,-413.2887695156727,-7.480492940800446
1151,-115.48473165306878,-413.72731159971624,-7.486568708425667
1152,-114.49369155259853,-414.12312734350166,-7.494565061855149
1153,-113.49573877044966,-414.4903263249348,-7.504672773304019
1154,-112.4943724248088,-414.8211748684174,-7.517057010711115
1155,-111.49070886130264,-415.118966599879,-7.530991789732077
1156,-110.47759340270326,-415.36739335127544,-7.546896897442661
1157,-109.45757702286862,-415.56323522779525,-7.565481036644954
1158,-108.43894520810832,-415.7148152836023,-7.587881446895649
1159,-107.42291591334083,-415.8319769014632,-7.6148815306503055
1160,-106.40155697290375,-415.9049397841565,-7.647154669720001
1161,-105.374413176859,-415.9430476194774,-7.686239700793659
1162,-104.34466578275924,-415.93281453423236,-7.732516780418305
1163,-103.31860617827348,-415.8848904424324,-7.786127428458029
1164,-102.28843061017793,-415.81158399592704,-7.846671077430031
1165,-101.2620756031004,-415.71577780219775,-7.912582374330414
1166,-100.23404439074169,-415.5797069891843,-7.981720748057462
1167,-99.20019296465958,-415.42401818313584,-8.050829442573297
1168,-98.16447509866536,-415.2325816758913,-8.120392842360026
1169,-97.12733688161126,-415.0163981532517,-8.193641910552087
1170,-96.09109854444887,-414.7772304469487,-8.275275373728524
1171,-95.05625109813934,-414.5170988469029,-8.370112611377188
1172,-94.01035853903275,-414.2255340327767,-8.481666319505234
1173,-92.96081445701887,-413.90146275046453,-8.612261392513714
1174,-91.9109811480085,-413.5490910741422,-8.763857091496584
1175,-90.8561246777571,-413.18378227375786,-8.935333086891612
1176,-89.79151079766811,-412.8012612309585,-9.120156658991109
1177,-88.72279238092575,-412.38661523663313,-9.311339846463888
1178,-87.6490306812171,-411.94500652990837,-9.500809882650191
1179,-86.59828845272399,-411.48320682800306,-9.678523282940374
1180,-85.54724588059057,-410.97075185023067,-9.844863432052328
1181,-84.50982769720649,-410.42694144204205,-9.997612725609288
1182,-83.5106287830823,-409.8408524683347,-10.137767202713162
1183,-82.55531948719604,-409.2142434150419,-10.267972716930288
1184,-81.64534757185639,-408.54825408153573,-10.392229612094722
1185,-80.78267026450558,-407.822572755684,-10.518736728993238
1186,-79.97724797572562,-407.0663822712212,-10.648008075868148
1187,-79.23030878504095,-406.2953712270701,-10.779210124281448
1188,-78.52406716557182,-405.475863726767,-10.91884916648505
1189,-77.85027873734651,-404.60784743608275,-11.069281381958351
1190,-77.2332397259854,-403.7295673091067,-11.224511259664723
1191,-76.67188502810488,-402.8617469739425,-11.379292426977077
1192,-76.12434555921298,-401.9589791610912,-11.540868655506662
1193,-75.63052725999513,-401.0555776314856,-11.702641793947409
1194,-75.1870552077388,-400.1540930102576,-11.861548496331967
1195,-74.77720014007208,-399.25348379701376,-12.013681713580256
1196,-74.39288525674552,-398.34137809030364,-12.157400747974606
1197,-74.03840090599182,-397.40988034576066,-12.292194945254947
1198,-73.70999263553942,-396.4702248243612,-12.411131078017913
1199,-73.40494085088845,-395.4973328968065,-12.519234444883033
1200,-73.1064210349918,-394.49271921557647,-12.628363114117244
1201,-72.82347427603601,-393.45893852635754,-12.740107374654801
1202,-72.5814109441142,-392.429314736983,-12.851837816832354
1203,-72.36901181211256,-391.38527171938847,-12.967603186265812
1204,-72.18731843753447,-390.3010719746735,-13.093107881525647
1205,-72.04652531720284,-389.2227231720325,-13.22222580363066
1206,-71.93687224859265,-388.1646111211352,-13.349986187326376
1207,-71.86000203503599,-387.10567262254654,-13.4754150794464
1208,-71.81661090589316,-386.030093133049,-13.596687053705056
1209,-71.81099290374802,-384.9545157527946,-13.711208299177342
1210,-71.83305370938436,-383.87082362110107,-13.816957407722372
1211,-71.88867486683729,-382.78516272521716,-13.91614960694864
1212,-71.97529821663294,-381.7070081477327,-14.012621934341023
1213,-72.09503759482075,-380.6237820802984,-14.105743249226665
1214,-72.25605435717738,-379.5439118653853,-14.194027021111271
1215,-72.45467600832458,-378.45430913321263,-14.277544168816132
1216,-72.68517150282088,-377.3665169179282,-14.355516951387886
1217,-72.94505587371444,-376.28996845115415,-14.426175694833024
1218,-73.23622714942633,-375.22767104085216,-14.48926675223714
1219,-73.56041680060115,-374.1712354962406,-14.54788111915089
1220,-73.91687408887772,-373.1147070266826,-14.60092753414989
1221,-74.29797285881774,-372.0720369838833,-14.648877458689356
1222,-74.70770128762628,-371.04240277949236,-14.692521744830588
1223,-75.15019911953497,-370.02053181576923,-14.73252701722192
1224,-75.62243908358433,-369.00988305644825,-14.769797396119758
1225,-76.1296323065092,-368.0179696184185,-14.805451676337189
1226,-76.67386103723163,-367.0420613679299,-14.841310491492262
1227,-77.24506339685331,-366.077303444545,-14.87827877856185
1228,-77.84345568199016,-365.12826232442427,-14.915059047403426
1229,-78.47224970252647,-364.1922545710457,-14.94910684399125
1230,-79.12639366534084,-363.27751352527883,-14.978551739978153
1231,-79.7990007015034,-362.37547035470743,-15.001675281462123
1232,-80.49191382299605,-361.47540955892737,-15.017288323380875
1233,-81.19427029869244,-360.59218810544473,-15.025515869047341
1234,-81.924854148935,-359.71737202471047,-15.027147380349716
1235,-82.66991024797949,-358.8479621489477,-15.023265543144673
1236,-83.43144786733875,-357.9778558281301,-15.015687953130943
1237,-84.21031893376964,-357.1156437792976,-15.006525546936192
1238,-85.006001923402,-356.24617914468956,-14.997790782601358
1239,-85.81471421441846,-355.37512451425414,-14.990337454429657
1240,-86.63551569308228,-354.4903834380397,-14.983858076999988
1241,-87.46372494664072,-353.59484714041207,-14.977811342258118
1242,-88.2983049013138,-352.6846466632414,-14.971346894721114
1243,-89.14040735416265,-351.7600024875939,-14.963904953097412
1244,-89.99130274371336,-350.82379743408654,-14.955791500855293
1245,-90.84946321843633,-349.88225752381567,-14.947318393559671
1246,-91.72228671729812,-348.93532980357946,-14.937783973721476
1247,-92.59759231283252,-347.9775272034288,-14.927878424890284
1248,-93.48480827370602,-347.01583024683407,-14.917455532946367
1249,-94.39117901234418,-346.04873871832103,-14.906464281960371
1250,-95.2802714277928,-345.09909601234904,-14.895224718346723
1251,-96.1782807486508,-344.16148835982915,-14.884831899363157
1252,-97.08345958423794,-343.23255254993074,-14.876531623113422
1253,-97.99856128671605,-342.3166631104895,-14.870679344557756
1254,-98.92340524836128,-341.4235049299512,-14.867564267735945
1255,-99.85841447566561,-340.5499520242173,-14.86750864025943
1256,-100.8106304837047,-339.6981382947408,-14.870165720717397
1257,-101.7684634749119,-338.86246172723366,-14.87469183502301
1258,-102.7316741678755,-338.0322588482144,-14.880154774854375
1259,-103.69428927044228,-337.21386975233315,-14.886257440127405
1260,-104.66632868990258,-336.40688421087793,-14.892027612489642
1261,-105.6310642040877,-335.6253752802594,-14.897264008331808
1262,-106.56624757092351,-334.87605478809166,-14.902504323179354
1263,-107.51142931144699,-334.1381085747268,-14.908839971721216
1264,-108.45390599456546,-333.4131526692036,-14.91681581615666
1265,-109.38863982848325,-332.70611508715126,-14.925979945533292
1266,-110.31459377373008,-332.01476205979145,-14.936761873592214
1267,-111.23616692925381,-331.3328230690769,-14.948639402931237
1268,-112.15886019051874,-330.6627774844815,-14.960817927754759
1269,-113.06910089598415,-329.98610850627097,-14.972658933178794
1270,-113.96978624206133,-329.29903769461106,-14.983218309800343
1271,-114.86196727563588,-328.6099744402352,-14.990934161197169
1272,-115.74978804989455,-327.9078024952998,-14.996472538528812
1273,-116.62938870068581,-327.20632639255194,-14.999217563527626
1274,-117.50689329602235,-326.4871850773218,-15.000057130611708
1275,-118.38915572020599,-325.75941936729595,-14.999643370168936
1276,-119.27738914088508,-325.01405878415864,-14.998054968858556
1277,-120.16257196060049,-324.2518606650119,-14.995328610136823
1278,-121.0514226152795,-323.4607225964951,-14.991789339388577
1279,-121.93930937440696,-322.65425127054374,-14.987328380183696
1280,-122.8311945391219,-321.827262059496,-14.982098690441369
1281,-123.71323347390381,-320.96991182915605,-14.975857886507365
1282,-124.5813012250146,-320.09541734024106,-14.968209531810594
1283,-125.43463860051567,-319.203307413147,-14.960103067259256
1284,-126.27277360041138,-318.28671967354313,-14.952280657798582
1285,-127.09996797464679,-317.3582217348578,-14.944593341901212
1286,-127.91187207392565,-316.42000891724365,-14.93700463427461
1287,-128.7134957699055,-315.4678751419667,-14.929645346531387
1288,-129.50032428861158,-314.49191005099715,-14.922295508199584
1289,-130.26361398659054,-313.5003497088994,-14.914832743507237
1290,-131.01723761273126,-312.4810915415603,-14.906877819651143
1291,-131.75342703100912,-311.44408552136684,-14.898172467435781
1292,-132.47113133748374,-310.3906968065454,-14.889174256064287
1293,-133.16103447777152,-309.31121554778076,-14.88005111253334
1294,-133.8253684324079,-308.2079493517061,-14.871690289961682
1295,-134.4593775679089,-307.0776147233508,-14.864935301624122
1296,-135.06928950843266,-305.9155703589167,-14.859728088273549
1297,-135.65551363670542,-304.7369858941664,-14.856587232590314
1298,-136.21411142456512,-303.55143973542,-14.854466962870816
1299,-136.74650018614958,-302.3450963452389,-14.85363675365943
1300,-137.25007311263536,-301.1159911242413,-14.853972227569084
1301,-137.72483049669546,-299.8792936708901,-14.855016174499289
1302,-138.17992628444364,-298.624725262169,-14.856492960921523
1303,-138.603687343259,-297.3647498346659,-14.858301791704465
1304,-138.9993996609091,-296.09534330399293,-14.860840830419594
1305,-139.3674989034668,-294.81253862042576,-14.863618780091231
1306,-139.71468513324152,-293.50844520399164,-14.866419494923106
1307,-140.03307612634407,-292.19461041929014,-14.869081244484518
1308,-140.32713555267694,-290.8611656662434,-14.871326101470748
1309,-140.5859360815295,-289.51502305177553,-14.87308767144358
1310,-140.81461147635886,-288.16524092174177,-14.873079643090424
1311,-141.0053450755396,-286.80098999203136,-14.871505076520084
1312,-141.1584748931345,-285.41996850967604,-14.867920490083245
1313,-141.26987292116314,-284.03734031146314,-14.86257569532258
1314,-141.33712251066288,-282.64221566220516,-14.856292951024706
1315,-141.35448531080928,-281.2504946446383,-14.849287866666488
1316,-141.32618728044807,-279.8571394088086,-14.842499989607862
1317,-141.25143697564573,-278.4658050794598,-14.836258603284595
1318,-141.14342911878066,-277.0656150220194,-14.83112870299145
1319,-140.99627546730105,-275.660680632032,-14.827931313888746
1320,-140.8127217018483,-274.2510018452253,-14.826492590008232
1321,-140.5973964951361,-272.8324673183863,-14.8267438089308
1322,-140.35741686264416,-271.41085005231736,-14.827589943418902
1323,-140.08730101907094,-269.9867740127113,-14.829143869683309
1324,-139.79229854899552,-268.555341283946,-14.830659238564206
1325,-139.45992827354868,-267.12466978847056,-14.832250554304675
1326,-139.0833554982323,-265.6916931685267,-14.83331716188519
1327,-138.66111107999177,-264.2772796088862,-14.833536495905186
1328,-138.18861098250352,-262.86057868959,-14.83456963572951
1329,-137.66752795733208,-261.45246762759604,-14.83678184181749
1330,-137.10698058105515,-260.05196016542664,-14.840624871254775
1331,-136.490385928053,-258.66171722881853,-14.846455081433351
1332,-135.82933353647462,-257.27812122105667,-14.85405903123303
1333,-135.13152200183274,-255.90662066261459,-14.86325397725839
1334,-134.3969031950652,-254.5505176152024,-14.873796547600229
1335,-133.62820379417792,-253.21183198665378,-14.885350260269703
1336,-132.82712601072345,-251.88512928282586,-14.89728632849518
1337,-131.99038392557452,-250.57584397885373,-14.909532225265972
1338,-131.1194862662837,-249.27607967965946,-14.921133453104487
1339,-130.21774660346554,-247.99972804698285,-14.932598588810631
1340,-129.28934234067484,-246.72491211733214,-14.944630173438444
1341,-128.3409542754702,-245.46737661145912,-14.957546105788548
1342,-127.36427805623313,-244.2160984960307,-14.97095126577396
1343,-126.3607566011205,-242.97289563626254,-14.984414794985677
1344,-125.34166922636247,-241.73089280585563,-14.997688008613515
1345,-124.30362788794112,-240.49499368916798,-15.010339536706066
1346,-123.24860947477163,-239.26252086115028,-15.022425117544822
1347,-122.17478548151013,-238.03524275089708,-15.033092051020628
1348,-121.09279657224853,-236.8097757481413,-15.04206261745557
1349,-119.99057746598845,-235.5827366120149,-15.048945834267311
1350,-118.87134572784983,-234.3568798097055,-15.053633634099414
1351,-117.74159601968577,-233.13080323521962,-15.056278673969393
1352,-116.60944643725905,-231.89026368714818,-15.056516581691605
1353,-115.46865995576518,-230.6409238138226,-15.055574223067183
1354,-114.32741683036716,-229.3697831201803,-15.053276322433474
1355,-113.19389769525083,-228.0846220810859,-15.04996470874383
1356,-112.06705592360748,-226.77819341874414,-15.045639741486047
1357,-110.94794255981421,-225.45631307953192,-15.040482643709232
1358,-109.84171924820451,-224.12924696995566,-15.034878833657855
1359,-108.74581144247506,-222.78672915222813,-15.028587412387294
1360,-107.66301136076999,-221.44767991490951,-15.022179950100023
1361,-106.58701086076539,-220.11570081393165,-15.016152155458224
1362,-105.52347244213048,-218.78779827323416,-15.010919113211438
1363,-104.46813469300992,-217.46935565291415,-15.006995746934658
1364,-103.42534717672535,-216.15587173994285,-15.004398794803446
1365,-102.39619821353284,-214.84372920565556,-15.004361919352032
1366,-101.38461900942528,-213.5455384469177,-15.00684803941904
1367,-100.38467482864557,-212.2531290480366,-15.011905493207774
1368,-99.40306520496736,-210.97013084498346,-15.01905367115949
1369,-98.43787596115742,-209.69647424152478,-15.027255875689491
1370,-97.48581980417495,-208.4322464722518,-15.036012501806185
1371,-96.5468968356432,-207.18750471232377,-15.04498908781775
1372,-95.62231217763807,-205.96693204196362,-15.053517278997159
1373,-94.71749994611648,-204.76796169450563,-15.061409305173619
1374,-93.82878777240492,-203.58195032775467,-15.069939179877535
1375,-92.95213068732778,-202.42806899578557,-15.07838005753297
1376,-92.09383656144276,-201.28392669650526,-15.086783328198859
1377,-91.25176109488311,-200.1551608420554,-15.095978819697134
1378,-90.41648141901146,-199.04734601143943,-15.105743771682187
1379,-89.5974203578613,-197.95402552078602,-15.116450125979846
1380,-88.79672224729936,-196.8739868213089,-15.127047628810942
1381,-88.01016099618559,-195.79698662033167,-15.13682318664257
1382,-87.23599755299378,-194.72682846755814,-15.14599262209225
1383,-86.47820481399141,-193.66514741225407,-15.154108575780999
1384,-85.72693671355901,-192.60368585152057,-15.161060528105823
1385,-84.98843494249545,-191.55213029417405,-15.167852384386897
1386,-84.25796351606702,-190.50175688106725,-15.174789832946038
1387,-83.54052972150582,-189.4505799142472,-15.180668321549703
1388,-82.82330474576177,-188.39482624029768,-15.186580806127038
1389,-82.10905327965807,-187.3381131872583,-15.192179131988814
1390,-81.40273126216104,-186.279926686016,-15.197196920413973
1391,-80.70516327223336,-185.22554603165545,-15.201745035081851
1392,-80.01909470810203,-184.1562705581241,-15.204868298147762
1393,-79.34163290969298,-183.0824769565168,-15.206720538014348
1394,-78.67810607199716,-181.99821087195326,-15.207684716247027
1395,-78.02210596308161,-180.91557470274535,-15.208046560599406
1396,-77.37293615135381,-179.83166467795934,-15.207794775151184
1397,-76.73851135871155,-178.75115795300164,-15.206518792435858
1398,-76.1220128322509,-177.66543622113238,-15.204383364014829
1399,-75.51927933921502,-176.57599963361173,-15.201251790558613
1400,-74.91879181101454,-175.48300510303733,-15.196472919965895
1401,-74.33469503607024,-174.38484252508172,-15.189981338647174
1402,-73.76666617365495,-173.2808880496474,-15.18167218398601
1403,-73.2137747421984,-172.16687113372464,-15.171824482720844
1404,-72.67480296068001,-171.03793677643202,-15.160566329393607
1405,-72.14905448701454,-169.89912281889963,-15.148499157885187
1406,-71.6383196960407,-168.74262601406124,-15.135943729770393
1407,-71.13967235103505,-167.58153484716385,-15.124271301450461
1408,-70.65656649693912,-166.41438607653106,-15.113697775829905
1409,-70.18697250103487,-165.23376639367444,-15.104229947777005
1410,-69.7220466444518,-164.04992928447203,-15.096306486040467
1411,-69.26566147743577,-162.85308166820317,-15.08975115944043
1412,-68.81871388713746,-161.6519080521953,-15.084233131043272
1413,-68.37773135637049,-160.43916115614036,-15.079418207096557
1414,-67.93919831302541,-159.21593107571016,-15.075028416275467
1415,-67.50545190250205,-157.9806732396895,-15.070953294669753
1416,-67.07496420311404,-156.73016774611534,-15.066670180712483
1417,-66.65198396355521,-155.46334123986964,-15.061667043520735
1418,-66.23251803614869,-154.18126705585527,-15.055775080871282
1419,-65.81638571382385,-152.88815122712012,-15.050117698341044
1420,-65.40578341191086,-151.59063562774773,-15.04455428298136
1421,-64.99717317690133,-150.26898997100088,-15.038824056504604
1422,-64.58884656894709,-148.94419902145063,-15.03354076776047
1423,-64.19202123481193,-147.6035784358434,-15.029079755723032
1424,-63.79422628435403,-146.25981257189494,-15.025320074142728
1425,-63.39577166582542,-144.89191668594523,-15.02186155265508
1426,-63.002998011701386,-143.51962104723248,-15.019102582138888
1427,-62.614003837893975,-142.136283773202,-15.017103827965592
1428,-62.236544536528164,-140.73769878560063,-15.01534384113355
1429,-61.85950701122725,-139.32279286857104,-15.013472005384793
1430,-61.48587281034854,-137.89263930199178,-15.011543337826344
1431,-61.11411409698645,-136.45045801190247,-15.00991413183213
1432,-60.742862207506995,-134.9977935537179,-15.008445555416912
1433,-60.37499841137929,-133.52845262330902,-15.00737181552544
1434,-60.00777727949281,-132.06300994751956,-15.006989102845536
1435,-59.642467798333904,-130.5871713095721,-15.007189821501356
1436,-59.27435447062979,-129.10690782934665,-15.007862945466867
1437,-58.91071126406961,-127.61196605084355,-15.008822591708675
1438,-58.54764909703029,-126.10700648564757,-15.010136066153827
1439,-58.17343331284398,-124.58793977589482,-15.011594129702113
1440,-57.78730478190297,-123.05860968538353,-15.013205747640388
1441,-57.36892934497781,-121.52384622310127,-15.014473585509183
1442,-56.91905605322079,-119.98337601199705,-15.014892880081923
1443,-56.42368866667306,-118.44064547379932,-15.015073117297925
1444,-55.87041728542532,-116.91121758689147,-15.015894220875072
1445,-55.26852279090587,-115.40850856605621,-15.018294413110237
1446,-54.60488805940137,-113.94258826037877,-15.022836237654863
1447,-53.88489389514847,-112.50467985877727,-15.029877936310555
1448,-53.11431250029164,-111.0967009928676,-15.03942534682811
1449,-52.28935180956751,-109.71718762588358,-15.051926326944448
1450,-51.41762131514828,-108.35819557071116,-15.067256492115213
1451,-50.5048577369171,-107.0291153228852,-15.085165871703785
1452,-49.546342392432656,-105.73093297573014,-15.104706036113381
1453,-48.54904101317587,-104.45660238414045,-15.124532053762817
1454,-47.51655472236439,-103.1970876314397,-15.144060715784079
1455,-46.437775621045176,-101.95737712559634,-15.16437599377616
1456,-45.318550117884975,-100.74581657300863,-15.184636347407425
1457,-44.16721271223554,-99.56714855628208,-15.205323892111723
1458,-42.99877060912952,-98.42775453942778,-15.226140552327806
1459,-41.77669060627502,-97.29065522602687,-15.24797852781059
1460,-40.49990466797892,-96.15652770495097,-15.270838817192134
1461,-39.171622655670255,-95.02713366767527,-15.294466903269116
1462,-37.8022827975421,-93.90614237831215,-15.318535297667369
1463,-36.39453556811586,-92.79565428200736,-15.34246076693115
1464,-34.934681830983806,-91.68159781271827,-15.365065378519299
1465,-33.476549542548774,-90.58336596620846,-15.386418123937029
1466,-32.04386635566338,-89.53284202785927,-15.406254328618784
1467,-30.595702355954575,-88.49642712426306,-15.423060669715408
1468,-29.183714519528706,-87.50227510644231,-15.43544655424961
1469,-27.764578099882915,-86.51894296905608,-15.444272246896515
1470,-26.350534357015526,-85.5379125937167,-15.449723200033631
1471,-24.90044051259857,-84.52838126048444,-15.452566473273526
1472,-23.441657418569623,-83.50657372334905,-15.452005493109782
1473,-21.97670360565268,-82.47363288533823,-15.448436305785416
1474,-20.509113638632105,-81.42839826404004,-15.44370938222914
1475,-19.033131851240928,-80.35879271548146,-15.438562023158656
1476,-17.557545237453617,-79.27660199674685,-15.43345277467979
1477,-16.138418050157824,-78.20868114574809,-15.42894892060761
1478,-14.763843530296109,-77.15541216360786,-15.42448726366575
1479,-13.389812561426389,-76.08393829055672,-15.418569035003092
1480,-12.050436731982339,-75.01836010350334,-15.412463991973663
1481,-10.700189245255089,-73.9262585603172,-15.405836857234066
1482,-9.366481609333828,-72.82302374879217,-15.399115647665889
1483,-8.03971982582597,-71.71715488611332,-15.391266128707027
1484,-6.721612511862713,-70.61211086504753,-15.382441338313054
1485,-5.414882427248025,-69.50820781793101,-15.37352526336594
1486,-4.117989015269035,-68.40524620072249,-15.365720093764521
1487,-2.8287689007199077,-67.30182989168883,-15.358618857010258
1488,-1.5543432305349882,-66.20116621757055,-15.352332287063852
1489,-0.2986765747378386,-65.09395265168376,-15.346388316818855
1490,0.926695099023589,-63.99094823430462,-15.33982742692759
1491,2.132271774717267,-62.887599820554556,-15.332839647084178
1492,3.290064965782176,-61.802026141956304,-15.325982569678958
1493,4.425575402040029,-60.70198030583158,-15.318838244691088
1494,5.5291767700450425,-59.59654516210176,-15.311802752848209
1495,6.605707618432692,-58.48306010972124,-15.304766171489929
1496,7.6505520436755114,-57.363942611316524,-15.298302192840685
1497,8.663100546160932,-56.22241898953294,-15.293284374242912
1498,9.632879488736714,-55.059181069041905,-15.291685433121238
1499,10.562754346328617,-53.88246224925038,-15.291857057487489
1500,11.451220094048102,-52.68307155337955,-15.293006483146918
1501,12.29978177744686,-51.466980065096415,-15.293610580057427
1502,13.088484042548592,-50.25126086457491,-15.292969979009136
1503,13.83872228777446,-49.02145370780751,-15.290721552954135
1504,14.533809368237112,-47.801454690331816,-15.285898044618248
1505,15.20944248587989,-46.555095152898815,-15.277360429206343
1506,15.846365886657463,-45.30583518309162,-15.265809825835323
1507,16.457725865090506,-44.05259727377552,-15.25185945319772
1508,17.04563821578578,-42.79418151767715,-15.236646756798159
1509,17.61285483678221,-41.51758755055283,-15.221967171015239
1510,18.153788210188363,-40.23059600215773,-15.208803932557279
1511,18.68613520004169,-38.93880895606316,-15.195880929438765
1512,19.210889646351617,-37.63915324951795,-15.183783703934791
1513,19.725646536200887,-36.32260560639388,-15.172606211544089
1514,20.239359899409514,-34.99193311506796,-15.16349296190629
1515,20.751742441717035,-33.647801774568684,-15.158082553778732
1516,21.26138269601457,-32.292106429704404,-15.157333687061696
1517,21.758388735653195,-30.949057420107117,-15.162891238802757
1518,22.24188227938493,-29.583972560976548,-15.160336440770234
1519,22.707168339745564,-28.24585482094763,-15.1478093508331
1520,23.159412510416082,-26.90055928642368,-15.111599649784683
1521,23.60056431662721,-25.53433256327935,-15.04085685440128
1522,24.02396238982497,-24.15650562000928,-14.90458202283762
1523,24.437542756522113,-22.775525625822116,-14.680752634444223
1524,24.835940381478274,-21.37979004077887,-14.354537881868213
1525,25.221913496745355,-19.96859286518472,-13.922092983905353
1526,25.598843207872303,-18.541524156119433,-13.396952725760704
1527,25.963717050510567,-17.104642320956334,-12.801984848830887
1528,26.308381567265208,-15.666904546232614,-12.164821662199962
1529,26.626637020865733,-14.240195666794119,-11.507320355762165
1530,26.929499909098954,-12.79637044283139,-10.848994225523807
1531,27.203889958965522,-11.394155809054155,-10.21116797022637
1532,27.461226933269835,-9.982145171718644,-9.60355942419045
1533,27.700372437144328,-8.56673222347752,-9.030768853199383
1534,27.922747751049716,-7.167036764392923,-8.47032452000927
1535,28.12346301229373,-5.781051385723422,-7.917574763915514
1536,28.30294122996964,-4.403738253670889,-7.365848221642762
1537,28.466970346913527,-3.0377973700787835,-6.8159429158450795
1538,28.61187820240401,-1.6775914020049212,-6.266200308987722
1539,28.7332659099714,-0.33616768170801686,-5.720470986141705
1540,28.828239490337122,0.9993106312737744,-5.181841453679755
1541,28.904424846303556,2.3269694876830407,-4.647196760252252
1542,28.957546755723925,3.6426255252658453,-4.123398058756109
1543,28.984834915083038,4.945585280527234,-3.6038379204423348
1544,28.991049811364935,6.240054772520618,-3.0907353793007215
1545,28.987935294120433,7.538264633346472,-2.5806101661830962
1546,28.97238181551554,8.829204312572092,-2.0711663798826327
1547,28.92949911712621,10.114508851807408,-1.5619893101524926
1548,28.870382911968804,11.397981803129401,-1.0532864583977868
1549,28.794759873945225,12.677476568065586,-0.5430903425067358
1550,28.69454940704454,13.939929860216113,-0.02334348678519626
1551,28.572204026364982,15.18908060183124,0.5104280386779346
1552,28.436181737663745,16.430814397349383,1.0480113719590978
1553,28.29184449876363,17.660155699043266,1.5385207186853347
1554,28.1332517525193,18.868187858841413,1.9454383989106885
1555,27.969790616066422,20.051384988657926,2.2700941794735305
1556,27.80754965448081,21.20102324026179,2.509482449516373
1557,27.64642798670351,22.327260424235227,2.663749651295482
1558,27.48419256989577,23.40862216878787,2.7375049388416475
1559,27.319787301459947,24.455600787062295,2.7481714584793733
1560,27.153555839945245,25.47208695121742,2.714491734088607
1561,26.985841805878398,26.45586438448334,2.664088445606798
1562,26.816334919810632,27.411762834211693,2.6263570970889356
1563,26.65163031431142,28.348905291068473,2.621481420092862
1564,26.48983107001447,29.272611313621923,2.638148412430354
1565,26.333802678190402,30.19011571211876,2.6489320303432855
1566,26.176354336309075,31.092798473233156,2.666169114141236
1567,26.016029132920455,31.99562031608166,2.704212622097393
1568,25.849739081552087,32.889698820979135,2.7643077314487665
1569,25.67658420824003,33.77812389953788,2.8472374605290884
1570,25.491164164380116,34.65624763623283,2.9527827104303532
1571,25.29343708870382,35.525679979446814,3.079796470932786
1572,25.07626482240854,36.39428867819954,3.2288835948503958
1573,24.84424868461831,37.24900380850301,3.4000514591702142
1574,24.588434745310632,38.10031766864186,3.593535776712258
1575,24.306105419502614,38.94371653975335,3.806235260099688
1576,24.00165011886994,39.78226769015851,4.041839427096599
1577,23.67524955426882,40.61880602276611,4.315697208725575
1578,23.32142037095161,41.457135225938146,4.59817014325217
1579,22.945646253508787,42.29510920375924,4.822597953175061
1580,22.548654020837652,43.119664628224214,5.004404106218719
1581,22.136702008301075,43.934540166157724,5.183363697026239
1582,21.702107321427288,44.74262789528933,5.351912009239173
1583,21.251468441332133,45.5306131466708,5.499720922111015
1584,20.788725773000323,46.29602068490674,5.622242332689362
1585,20.310936580271783,47.02568080972624,5.718518598631717
1586,19.81370187611973,47.72946197915483,5.792551351412531
1587,19.291693582483013,48.404827633840455,5.851593336864031
1588,18.756534958689066,49.050540906243214,5.9096300735602805
1589,18.200290017277332,49.67459618343749,5.966007425729213
1590,17.6225530085069,50.27117782595188,5.979732056739241
1591,17.026165291977076,50.83645984051233,5.932786360141947
1592,16.408080455547754,51.38052397981863,5.89933552665298
1593,15.777721025900131,51.901539689709224,5.892425198015877
1594,15.125664485834392,52.40145411724862,5.893725209935201
1595,14.458901218034136,52.87203393778011,5.8994952354576125
1596,13.778679358711004,53.316009370996625,5.90876766208837
1597,13.086128444320096,53.732307126134096,5.920625353663391
1598,12.385192658503342,54.124147105608714,5.935248456751778
1599,11.679640507677783,54.49522045771924,5.952742202219896
1600,10.978974472947455,54.84362712993671,5.972755065260236
1601,10.27969365512317,55.17645591766567,5.995279504326607
1602,9.580378044781641,55.49236016527438,6.0204698717060925
1603,8.893701822872368,55.797243027757865,6.048401957862156
1604,8.215853968828622,56.09696823808744,6.079029466642339
1605,7.5504552388787465,56.38148787215192,6.112535848281583
1606,6.896408412956169,56.672072527814024,6.148458158777656
1607,6.251639597676678,56.966040631276236,6.186571671551136
1608,5.611804406648897,57.27067635363513,6.227289311755471
1609,4.984013050963528,57.57827626578752,6.27023041472648
1610,4.3658111094229195,57.89569018378537,6.316262037605021
1611,3.7551862119276094,58.2288212386647,6.366288813384145
1612,3.152884198636703,58.58142597296346,6.420190689576324
1613,2.5490246101052207,58.955114324025494,6.478645475624128
1614,1.9448746147504128,59.34659679420007,6.541880718371796
1615,1.3475539366548768,59.75274070340913,6.608999289456975
1616,0.7491266265734047,60.18115554409405,6.681968619900102
1617,0.15866326145349752,60.63217419751752,6.761946703216479
1618,-0.4268670827541713,61.09523303151559,6.851422209721671
1619,-1.0054647118619724,61.55380987350671,6.9576054059991375
1620,-1.580022285604393,62.01399818985359,7.081947366217568
1621,-2.139087751677704,62.46690388654143,7.220752474654754
1622,-2.6919346325405535,62.915784659257454,7.3673783204176955
1623,-3.229240593238673,63.35525145188526,7.513433499029585
1624,-3.7494308924113717,63.776268517660526,7.649900886073369
1625,-4.262876874727348,64.18286331621788,7.7698183295986265
1626,-4.759833827592352,64.56403543191614,7.867001555337275
1627,-5.250134635833918,64.93766205329737,7.9368241762307665
1628,-5.733941034738327,65.30979810312424,7.978671350557699
1629,-6.209021231677205,65.6720550683376,7.9936150904163945
1630,-6.688861206526431,66.01340978604603,7.988229150153726
1631,-7.168141149338867,66.34493057648238,7.969669561204519
1632,-7.648369219143193,66.67708124327429,7.939960213839703
1633,-8.126943246292361,66.99574117463293,7.90141449727612
1634,-8.604354102091751,67.30856766625294,7.855791218870538
1635,-9.073088879657762,67.60140487755164,7.806030126972935
1636,-9.539478312552538,67.88087789402466,7.754618680312175
1637,-10.00108701005718,68.14958271390589,7.704962657924273
1638,-10.449604203667034,68.40645858198857,7.659161985261556
1639,-10.89417908798169,68.65999797908935,7.617483333576995
1640,-11.329621241456547,68.90897586184653,7.57703912381721
1641,-11.758821452264279,69.14400177461275,7.531732363700607
1642,-12.192146610316271,69.37646619437027,7.47419416956485
1643,-12.625624018342684,69.59909674503119,7.398424725804113
1644,-13.060471362628864,69.82070457502626,7.301469380525413
1645,-13.49404651087761,70.03247853882579,7.185980012932227
1646,-13.932456942887208,70.24267712550903,7.056893416987564
1647,-14.381826646316524,70.44500725008311,6.91853739255085
1648,-14.838295776673782,70.64042557599927,6.777288312354724
1649,-15.296127858515046,70.81921196297837,6.639565548874152
1650,-15.755495993868111,70.99304098684654,6.511209477195773
1651,-16.222425910327072,71.14178072971617,6.394843585487081
1652,-16.693871479881043,71.26264648240145,6.289779006283246
1653,-17.17815299176186,71.35355124968576,6.191969347322096
1654,-17.667872969035027,71.41601109077082,6.097252559426542
1655,-18.169749679071934,71.44615716431923,6.001621284742443
1656,-18.675445722401825,71.45215997182838,5.901715972867004
1657,-19.18633610606934,71.42784890428167,5.7961733543028355
1658,-19.706939603144576,71.3823201991103,5.683249039442918
1659,-20.23424181694837,71.30992143589202,5.561541456692023
1660,-20.757752186969615,71.21209317168126,5.429646142575509
1661,-21.28505468631183,71.08866439166867,5.285412880005034
1662,-21.80774089531065,70.94210033239374,5.126023479547685
1663,-22.319276557122382,70.75574393392323,4.945630575239647
1664,-22.820407539620764,70.54030147955834,4.732527323435175
1665,-23.31863282433426,70.30382699230172,4.480207161501188
1666,-23.805614921495497,70.04647951003099,4.21184602105909
1667,-24.288071967152185,69.7733527517044,3.952645388554995
1668,-24.758606404417613,69.48207351182697,3.719797962347982
1669,-25.22553849248514,69.17156844222586,3.519852759151524
1670,-25.68582213861957,68.84385763366252,3.341467090780737
1671,-26.14340098852089,68.49130741069281,3.1699241733005903
1672,-26.601968112258525,68.1262181250281,2.9901103773374116
1673,-27.059560122252154,67.73624874548574,2.7782944235998626
1674,-27.50619328723617,67.32490952590298,2.5087346011038214
1675,-27.945727541760665,66.88501620509979,2.169079331495852
1676,-28.38315350549921,66.42142377860266,1.761153461124715
1677,-28.81444252372957,65.94054914585817,1.3069121127656564
1678,-29.239947642405564,65.43921208945518,0.8600358283145421
1679,-29.66729441713172,64.9361127848784,0.46248043723932647
1680,-30.091851071763077,64.41877464848,0.14327463014533176
1681,-30.518579680716822,63.882145548745086,-0.08668458578429354
1682,-30.94351703763806,63.325840668973065,-0.23368160860533188
1683,-31.365498091320188,62.75259028199966,-0.30352872236709155
1684,-31.787099106948705,62.16132127204545,-0.31220680697579767
1685,-32.19675973650642,61.54219052949238,-0.2857264301515642
1686,-32.583031801382205,60.89772884600939,-0.24421726640490973
1687,-32.94055814275257,60.2190824004499,-0.19703341537804586
1688,-33.25714271526197,59.52358080321548,-0.1505611220256152
1689,-33.52456614941268,58.8008248402667,-0.11503362445314548
1690,-33.7473459076015,58.063342771323164,-0.08933530373222655
1691,-33.926690149125555,57.31959441145354,-0.07762761123593975
1692,-34.07246866180221,56.557402099269275,-0.08706931570234018
1693,-34.1999159197035,55.79327210351389,-0.12069628942527486
1694,-34.312365412002826,55.01808305777921,-0.17836504528563707
1695,-34.42158817471081,54.2375788223222,-0.2578855505617579
1696,-34.532618645867416,53.44235878358123,-0.35559664580587935
1697,-34.650808952528195,52.6356679744992,-0.46623903619369816
1698,-34.77564786090052,51.82291978978027,-0.5829876600244293
1699,-34.90488197629012,50.99847429538968,-0.6983048402313878
1700,-35.03719269526927,50.16920641877652,-0.8052726573821716
1701,-35.16944890381617,49.330212499453715,-0.9028879594677317
1702,-35.29973967176137,48.48927312929347,-0.9927256544557792
1703,-35.43323648563748,47.63914108762676,-1.08019608490829
1704,-35.572669634379245,46.78563235519143,-1.1684094789993975
1705,-35.72076942309896,45.93091617616363,-1.2559601876764142
1706,-35.86763637301645,45.06351404973778,-1.3410322577207225
1707,-36.015466718385994,44.193743061887936,-1.4199254093231428
1708,-36.16072280915322,43.31328593933635,-1.4894644330917484
1709,-36.315113535391575,42.43099996577542,-1.5468640345168123
1710,-36.468355033213136,41.54482568776859,-1.5905233829235492
1711,-36.62251551493523,40.650400316591536,-1.6192890689075075
1712,-36.77588636696676,39.752314725608514,-1.6340462651265266
1713,-36.92910620915757,38.86221592683987,-1.6376840449502352
1714,-37.08146158780803,37.9744598882952,-1.632969607219227
1715,-37.2352262108308,37.08703924329906,-1.6239813433543244
1716,-37.39127397970507,36.214174402586664,-1.6130048434896933
1717,-37.550478886285404,35.34930483384677,-1.6020443138976963
1718,-37.706141641963846,34.498656481975104,-1.5908906089188968
1719,-37.86523670495087,33.67161991872446,-1.5794854668895115
1720,-38.02238658980337,32.856804722939415,-1.568721621437196
1721,-38.184309587690635,32.05462096415017,-1.5586648130207081
1722,-38.342730419179524,31.26177910528489,-1.5499330565045797
1723,-38.49877986123652,30.48420661994692,-1.5430821008383868
1724,-38.641563358732874,29.707445341655173,-1.5376999732811683
1725,-38.78340277070756,28.947638439737737,-1.533906339347684
1726,-38.9247631049289,28.17936253024933,-1.5297092195771747
1727,-39.062755037834755,27.427144183084238,-1.5256041055433585
1728,-39.1990655205329,26.706125328080667,-1.5232653947070487
1729,-39.32972890945195,25.986870672956492,-1.5185124982256741
1730,-39.45982079206785,25.274342552405358,-1.503478247239545
1731,-39.58712477304924,24.56928088926887,-1.4610236091789808
1732,-39.7098352289041,23.874656545007507,-1.3950155482347903
1733,-39.827517263351034,23.19118429194894,-1.2848181256249671
1734,-39.9473363682848,22.513164234286442,-1.0854680820389315
1735,-40.06509848910683,21.858930576957285,-0.8207418243950674
1736,-40.1835109359546,21.20425528563479,-0.4926689766072722
1737,-40.308790346159725,20.55349703652287,-0.10656416986934579
1738,-40.43668536162912,19.90708478920492,0.31475857382321365
1739,-40.56386425909366,19.275142874751975,0.7381703523942893
1740,-40.68708092528328,18.669555646341735,1.1294713721142449
1741,-40.81097598344285,18.056026230358697,1.4644617685996804
1742,-40.93369984446866,17.43375554923265,1.7263109044496017
1743,-41.0500016763811,16.83238928530959,1.9075294536908203
1744,-41.159192842632194,16.235776382394953,2.0032573431244125
1745,-41.26786768504506,15.637064359550216,2.064698836919484
1746,-41.3854413229128,15.043843855394977,2.117558196108882
1747,-41.49647457654973,14.459371179833628,2.161692875035757
1748,-41.600810235875244,13.891224734108599,2.2271453748663603
1749,-41.70217263274835,13.330768202650189,2.341718418262409
1750,-41.807050722024904,12.77634889886842,2.5186776357444427
1751,-41.90679015489077,12.232348013935848,2.7663226410032737
1752,-41.998980845495815,11.713308766321768,3.078498667969032
1753,-42.094992365545444,11.189590574313666,3.4490242147566734
1754,-42.18601755508635,10.676089631843121,3.871669667919586
1755,-42.27086407597894,10.182519316925454,4.337954021103714
1756,-42.36211924040674,9.675609120216128,4.840017761548091
1757,-42.4529162787587,9.176750381164437,5.367728119419471
1758,-42.53911125436174,8.685098706360865,5.9118347425288365
1759,-42.61998646344541,8.191949694062888,6.468420831289077
1760,-42.70400418800835,7.715529596227005,7.017417166405837
1761,-42.78881386285711,7.233534498106012,7.5757606432405415
1762,-42.87606456030103,6.752563312645014,8.146772236366877
1763,-42.96125268273705,6.277895309065997,8.724557406651456
1764,-43.052226812466,5.809016535312219,9.295449704039125
1765,-43.144561372893506,5.3426819088318025,9.859655257551362
1766,-43.23604656365674,4.885149881736571,10.413916145083176
1767,-43.32344047444494,4.429443785148882,10.954332742311
1768,-43.413649351703846,3.9814393343933125,11.467694635656445
1769,-43.49540156552459,3.5399776368875915,11.968815029077849
1770,-43.57560913883379,3.108399152084748,12.460002765101793
1771,-43.64968666889412,2.6820871949516656,12.943262545095603
1772,-43.72638781402758,2.2692141803263706,13.437140125498457
1773,-43.79505496783626,1.8755959632208477,13.959264695332616
1774,-43.861169702013036,1.492999213006561,14.517128101335139
1775,-43.927996348007014,1.1213543570457576,15.111206856100761
1776,-43.997057065521744,0.760748611900796,15.736753589755754
1777,-44.066078133805725,0.42102526471989504,16.390473824566243
1778,-44.136267813355616,0.09681783855441214,17.067065043985107
1779,-44.20170129999816,-0.21841745252690412,17.759097662513756
1780,-44.27041070265828,-0.5181804065370487,18.45836155929905
1781,-44.33474867050151,-0.8133424043976676,19.16225099458436
1782,-44.39737870065714,-1.0896436777600953,19.84575309802596
1783,-44.456680771557934,-1.357362735382506,20.503892535687886
1784,-44.51979862237146,-1.6042228788172657,21.144192768211525
1785,-44.57193637735037,-1.8437385138397049,21.753526893708166
1786,-44.623174294335186,-2.080354540660071,22.34159751097613
1787,-44.67760280486203,-2.30651802988698,22.921017762448756
1788,-44.73040353972099,-2.516558570482646,23.492547527661195
1789,-44.78066848091796,-2.7111364991939007,24.052911449401467
1790,-44.830172350263766,-2.8955675660146536,24.60443022202162
1791,-44.88000930868257,-3.0762043466895643,25.134347921733205
1792,-44.929072044885025,-3.237566248346484,25.62389189940774
1793,-44.97668155093267,-3.391574419273749,26.049085991900515
1794,-45.03065086256307,-3.5311844852590326,26.39327541412805
1795,-45.0857895502061,-3.656806520276531,26.652815447686073
1796,-45.14343389806211,-3.7673797996180958,26.82940941761231
1797,-45.20593623960109,-3.8713967630765076,26.92901770483627
1798,-45.27696851360277,-3.968618398026113,26.979862220685686
1799,-45.35070714238251,-4.054751549978088,27.001794235323665
1800,-45.42641569960515,-4.126594779534715,27.00560309013295
1801,-45.50820961455505,-4.1908368658231145,27.000918481460232
1802,-45.59781644573149,-4.249891028718844,26.998062212938027
1803,-45.69182217430414,-4.301096691097514,26.99623924617329
1804,-45.78399941866854,-4.348071232718521,26.994876547283837
1805,-45.88627276805297,-4.385365928895932,26.991733943494943
1806,-45.99484890095502,-4.4045755599298255,26.98645513126831
1807,-46.10453741659089,-4.417007490592088,26.98097765594562
1808,-46.23117161665168,-4.422486370951118,26.97601156914483
1809,-46.3687428343781,-4.411755904340504,26.972146786457774
1810,-46.51218053372026,-4.393698479179313,26.969544685559015
1811,-46.667540804152836,-4.355697806112479,26.96805401949503
1812,-46.83128593815609,-4.292387431670166,26.9665373911532
1813,-47.005244465267886,-4.213610635969397,26.963319269114834
1814,-47.178254749222,-4.119454696983734,26.95758735192878
1815,-47.353249425106554,-4.0098499981632365,26.949007378626796
1816,-47.52351977719414,-3.895288882583814,26.937830908453257
1817,-47.694080471379266,-3.7582573193197444,26.92409685085682
1818,-47.85410986885682,-3.609603206423465,26.908727103361006
1819,-47.99842705666064,-3.4557915056920674,26.893103178986365
1820,-48.13713317805065,-3.2835359301127442,26.87664656733937
1821,-48.260382629351696,-3.0980277713640865,26.859829039419488
1822,-48.371402362163685,-2.905970911240653,26.84319613989752
1823,-48.464597870844464,-2.699358437189611,26.826657302580497
1824,-48.5459822394433,-2.4828675296720952,26.808539853635825
1825,-48.61573625932713,-2.259957050573392,26.786919448219976
1826,-48.66964362209257,-2.0281903115347903,26.76142266116601
1827,-48.71644776435726,-1.8001181027847437,26.733026110497494
1828,-48.75217595751546,-1.5803313032388528,26.70230248811426
1829,-48.781751621429805,-1.3635631867502531,26.668845951646666
1830,-48.80385557573577,-1.1496502514573947,26.63284847860582
1831,-48.81055182257813,-0.9355185648885371,26.59212178174214
1832,-48.814376978326294,-0.7159072192214415,26.543637876445214
1833,-48.80406106190638,-0.5041897171216465,26.484882683064168
1834,-48.78924865478104,-0.29688197574940545,26.413122645555966
1835,-48.763121227127016,-0.08711327173249572,26.326384756234162
1836,-48.73593035871672,0.11845616293502746,26.224325552404544
1837,-48.702666305861285,0.3253177118381506,26.107351007611307
1838,-48.66113281179008,0.5233689662720883,25.978042028671833
1839,-48.61872747600354,0.6988608932521424,25.8407934332752
1840,-48.56873193264812,0.8590407082615481,25.698930567985435
1841,-48.517401473834404,1.0040610616514243,25.554850529256875
1842,-48.46075692632629,1.141655523392351,25.41190649955337
1843,-48.39738078006429,1.2764149376548615,25.269820772590734
1844,-48.33779727633909,1.407889931399245,25.129626513089185
1845,-48.27148219040462,1.5333276000729845,24.9909284494013
1846,-48.20882591112975,1.658928807872502,24.853034571067763
1847,-48.146119427813574,1.7979504095884622,24.716701368837718
1848,-48.08312364312874,1.9463583205615267,24.584973937202708
1849,-48.017222384176044,2.1025551561407925,24.461338405036106
1850,-47.94487793790466,2.2672242811644696,24.350060456775157
1851,-47.86828658372691,2.438902502824649,24.255644550172374
1852,-47.77829461630173,2.6169533282067716,24.17986959107666
1853,-47.68148767612075,2.8150135253746895,24.124471328716517
1854,-47.576481240382215,3.036992228952576,24.089032820191143
1855,-47.47108197191558,3.278021924951126,24.071043327401696
1856,-47.36130185382029,3.549078715796997,24.067373446305115
1857,-47.24425458821781,3.8499546322300673,24.073294896642086
1858,-47.12493091224659,4.177246187521888,24.08408985330833
1859,-47.00523975522661,4.546567333152837,24.09593191475053
1860,-46.87563553812996,4.950761306533896,24.107333289451997
1861,-46.736137193577214,5.40552254378048,24.117840378099398
1862,-46.58840389110378,5.903208854513773,24.12725854338686
1863,-46.42959440411393,6.43273173439122,24.135570903266473
1864,-46.258490953968504,7.007405914116896,24.14261905906587
1865,-46.075499471303516,7.622232186518446,24.14902167969689
1866,-45.88650939857111,8.26511840261481,24.15474366717892
1867,-45.69012234062656,8.927843780303524,24.15987221840959
1868,-45.479107522322025,9.616881589688195,24.164158702088244
1869,-45.25784178850982,10.318081125868249,24.168056420069913
1870,-45.021880554097045,11.02861993080863,24.171113960926213
1871,-44.77776960115276,11.748234753033886,24.17332385315379
1872,-44.51770993180985,12.477509149353535,24.174922131375784
1873,-44.25462821305775,13.214858411251596,24.1759414571204
1874,-43.9828552388265,13.948804949981904,24.17622548904863
1875,-43.69834526825797,14.688808838219343,24.17602036543709
1876,-43.409761087597744,15.436266250394398,24.175368436428933
1877,-43.11750868656169,16.177640248634237,24.173909509671137
1878,-42.823617539671574,16.918028163787042,24.17135571224321
1879,-42.52186028125133,17.651553663322936,24.168071970701526
1880,-42.213745020790356,18.390313137631782,24.163785496787938
1881,-41.896669545856064,19.136518567285393,24.158699638839995
1882,-41.57203232174873,19.888560018527585,24.15259170203842
1883,-41.241694790814726,20.644827559627295,24.145877998252463
1884,-40.90515021867756,21.40371124238357,24.13911112530185
1885,-40.57398764464851,22.170463570235995,24.132719162304618
1886,-40.24191188857214,22.93137818418559,24.126607566960647
1887,-39.91261158563208,23.682633165943574,24.12100089867129
1888,-39.58456838963339,24.431090895762935,24.115802011350915
1889,-39.26185402387567,25.167407850215074,24.110540093107943
1890,-38.941064016295634,25.889821458774428,24.10522647831136
1891,-38.62465279616828,26.596550732958725,24.099879858022863
1892,-38.31300908481758,27.296618905045545,24.09444837123358
1893,-38.002139832607696,27.993099101737734,24.089122369883853
1894,-37.691118504700725,28.674512923270736,24.08359460180761
1895,-37.38036807298139,29.350273509866042,24.078046898104
1896,-37.07919378878306,30.016953067115516,24.07312487613647
1897,-36.78700390340787,30.679816612897675,24.06878848893457
1898,-36.505823501098966,31.332350589514416,24.064938540634678
1899,-36.22581964079912,31.980725560895397,24.061579405439456
1900,-35.95218273428259,32.62794761601027,24.058882380450008
1901,-35.68559651313193,33.26698919014624,24.056530432487353
1902,-35.41850298697977,33.9012034555758,24.054409967270967
1903,-35.15760144763001,34.518898228777665,24.05249433839355
1904,-34.89971065463874,35.12022610022568,24.051126312607217
1905,-34.644407523393355,35.718023854914,24.049906580185876
1906,-34.39187287222911,36.29855414559602,24.04873042155684
1907,-34.142244278319055,36.871620021383436,24.04777887026018
1908,-33.90537175251216,37.43928678112877,24.047240531855973
1909,-33.67330029325414,38.005171732292894,24.04677129074919
1910,-33.455283771815814,38.56567518043206,24.046802861296335
1911,-33.235786412068926,39.11984030665544,24.04800028321373
1912,-33.030379548520536,39.65697363058496,24.05070209982131
1913,-32.8361134363814,40.17633892590121,24.054196179802318
1914,-32.658127228724254,40.65756204860386,24.05743032681004
1915,-32.505083801920385,41.07604612280262,24.058957069424014
1916,-32.37028640356983,41.44416085434783,24.058607258201278
1917,-32.255649074470085,41.76572818718919,24.056774154211297
1918,-32.15966303538476,42.03412470027479,24.05405021817971
1919,-32.081195516395326,42.2610694333547,24.05097741919435
1920,-32.01884230540843,42.45892792160802,24.047774849642394
1921,-31.950953141221135,42.62951125440365,24.04470187357954
1922,-31.884333099320777,42.78677230071301,24.042780925160695
1923,-31.812577177084826,42.94086038141743,24.042681550930368
1924,-31.739777980011834,43.09197676406599,24.043569984741353
1925,-31.65581846181854,43.246495779265345,24.045008670649597
1926,-31.564947285372508,43.39495735557397,24.0458829096062
1927,-31.46991949883806,43.5349792930897,24.045909385636588
1928,-31.3553572158797,43.67500114906207,24.045855691439037
1929,-31.23293632407815,43.82346259672582,24.04633497567521
1930,-31.101694118372887,43.97210512456982,24.047276710525008
1931,-30.960681144149746,44.12866232723778,24.04887213943593
1932,-30.79473519265658,44.293286751946916,24.051091377146925
1933,-30.609046684390993,44.467349386958105,24.054099218693793
1934,-30.40962861366953,44.65536397807343,24.057176483426876
1935,-30.19575737535766,44.849160061394684,24.05985379811595
1936,-29.961386334739593,45.05335362446816,24.061856937979996
1937,-29.71049136552663,45.275725240171276,24.063466917064467
1938,-29.44765600550385,45.50327463746615,24.064212814138912
1939,-29.176843475781894,45.73480191793536,24.06442572294533
1940,-28.893837503732716,45.97198241622264,24.06375188189835
1941,-28.603521522564957,46.22422930036873,24.061670060516775
1942,-28.306812650920882,46.48105026412945,24.058609938201467
1943,-28.00856767440296,46.75061577532526,24.05666901501953
1944,-27.70166691065073,47.02841211052791,24.053620533557613
1945,-27.394046323327654,47.31208225479097,24.04812591143313
1946,-27.07744400906408,47.596376271511346,24.0374107551922
1947,-26.754934027437276,47.881994356168896,24.01844587024449
1948,-26.43621604114626,48.18247770999595,23.98744075610348
1949,-26.115214912794805,48.49539380573993,23.942099606373215
1950,-25.791979507228163,48.813860139259944,23.88208511601592
1951,-25.47688115176161,49.13972567875824,23.806029061703114
1952,-25.158551495866117,49.481646351600865,23.713946228967604
1953,-24.84357620955671,49.84382813479966,23.608975117209873
1954,-24.53268211534118,50.21642769087738,23.497126867250383
1955,-24.228943240521495,50.60051830049915,23.38172651330522
1956,-23.927957494553663,50.99502664782527,23.26347281735958
1957,-23.628326435000254,51.396732825764175,23.1444079714535
1958,-23.33102866195346,51.80409229723669,23.024482128397015
1959,-23.037432793771487,52.22329832196808,22.90354705786463
1960,-22.74981250217113,52.65250198813554,22.781576730283927
1961,-22.46406886204805,53.086489400942284,22.65967269795103
1962,-22.180352819117036,53.52548109644859,22.537166757700675
1963,-21.89897452693491,53.965608199536796,22.41172091193135
1964,-21.61573480686607,54.416336649874495,22.285041052609976
1965,-21.34052870257273,54.87162916443417,22.15982880480412
1966,-21.059192954264553,55.31356750493714,22.038142040013163
1967,-20.781560440063444,55.748864885547576,21.91394870604929
1968,-20.507870262429442,56.17913127773853,21.78420192206716
1969,-20.240738568967245,56.60696277209884,21.643639584127136
1970,-19.983703011527304,57.03906669357801,21.486921380183407
1971,-19.73456733529048,57.46351604874538,21.31194107197384
1972,-19.49351227497862,57.88919323230748,21.116060947810695
1973,-19.261640120351984,58.30722176264644,20.898020179918188
1974,-19.03431917860459,58.723712716537186,20.657335612658976
1975,-18.8041043838378,59.137030939153604,20.398124854407843
1976,-18.581702527237734,59.54551944198171,20.132505873824293
1977,-18.369822347231317,59.94752134112711,19.85980767849978
1978,-18.15746656999137,60.34140157788203,19.573351272884416
1979,-17.942371042884854,60.73434039482924,19.26699420658104
1980,-17.724535749007675,61.13071817423794,18.942138107930823
1981,-17.50396065120371,61.53995556063302,18.604080628513074
1982,-17.282727829476812,61.97354681220526,18.261852944985076
1983,-17.061177230218522,62.418114195236136,17.92535233154676
1984,-16.83139190329797,62.88430591037431,17.600514770584812
1985,-16.594737323378784,63.36316867814928,17.293506931393875
1986,-16.346752404463306,63.862738812790354,17.003195630073698
1987,-16.0949564245385,64.36348683679806,16.739377222552115
1988,-15.84994141259101,64.86751911938389,16.50218517398615
1989,-15.609947469283666,65.3711488534612,16.276816975701106
1990,-15.374700647115846,65.8747987876391,16.049406835990556
1991,-15.140685558026206,66.35993286298616,15.807553387160029
1992,-14.922404800944852,66.82129945391405,15.555065346676457
1993,-14.708913373480062,67.28186047221352,15.28560596404065
1994,-14.513962971483126,67.72469044499343,15.008107465228345
1995,-14.319958867496922,68.16061291724233,14.719233809030667
1996,-14.125723302686477,68.59413275668796,14.42271820559499
1997,-13.936004308286252,69.0215427591564,14.131206395509889
1998,-13.742745468406973,69.4285051308139,13.847542604753682
1999,-13.554866030428881,69.82784489075904,13.57794006677883
2000,-13.366492520322115,70.2209459697794,13.324204339403755
2001,-13.179981041202574,70.61328890834139,13.085450570795569
2002,-12.999020846944571,70.99823777717464,12.85557184103503
2003,-12.824200523879949,71.35965959516562,12.632126603009512
2004,-12.656818277392075,71.71410492978326,12.417135550526421
2005,-12.489887912709088,72.0730254802959,12.198351882372453
2006,-12.337906981512738,72.41535523340332,11.980947404446685
2007,-12.180050048695387,72.76422714179468,11.758484424477196
2008,-12.028559376352518,73.10900502832389,11.537388173261414
2009,-11.883132457572879,73.4314544808826,11.324899975052519
2010,-11.739884419079077,73.73344923487528,11.113464030202932
2011,-11.605490346420712,74.03406300671809,10.900966478402697
2012,-11.47549521036528,74.32349858578131,10.687605871746353
2013,-11.348116233124793,74.601179915559,10.47267819454834
2014,-11.222273352401555,74.85987979764589,10.259851478446247
2015,-11.106598843846657,75.11136422973503,10.05295321641335
2016,-10.997110453141474,75.36233707719353,9.855926692150064
2017,-10.897668021876905,75.60479134337831,9.67118445116822
2018,-10.798287725139803,75.8434042108113,9.50157195609348
2019,-10.697751859249811,76.0826206100986,9.349556809446396
2020,-10.601526720888847,76.32403203997184,9.215846606128867
2021,-10.506837003528108,76.55849871518177,9.098301661405241
2022,-10.413973814127175,76.78740421939253,8.993654370925489
2023,-10.322495752076138,77.01043671401634,8.894327185205672
2024,-10.236461820421388,77.2118086905986,8.797330957893124
2025,-10.158307421256621,77.38209947167492,8.70009439687581
2026,-10.091735098066778,77.52397470582977,8.602027173357362
2027,-10.046299942471133,77.6362965925779,8.498898764846453
2028,-10.015593868122298,77.70540072098586,8.388017266926784
2029,-9.996775597145668,77.72848897729213,8.268174957001916
2030,-9.985380209410536,77.73622831591169,8.141914356906922
2031,-9.985199662788752,77.73277435715059,8.014277902345029
2032,-9.989399646953899,77.71816726521837,7.8912954664775325
2033,-9.993904043449563,77.70038711554463,7.777999658947304
2034,-9.995986355997145,77.67925022123296,7.678397812477843
2035,-9.995986506232889,77.66480027902327,7.594999839091252
2036,-9.995986629736139,77.64844667935992,7.530334573327789
2037,-9.99598671485287,77.63727820945627,7.4856821307623145
2038,-9.995986752170603,77.63939157933346,7.45999660687036
2039,-9.995986760864396,77.64669015561655,7.44809021263014
2040,-9.996732612929428,77.64423675400828,7.440598069974078
2041,-10.002079689317226,77.6514430990365,7.428880030089045
2042,-10.001789209609175,77.68261765430971,7.407690545794133
2043,-10.001361760143883,77.71622492466778,7.371460584230949
2044,-9.992865859702677,77.7494945266381,7.3136770260388
2045,-9.975846154684998,77.7819595067901,7.226171782595155
2046,-9.957928467898084,77.80353761259597,7.105702879500008
2047,-9.934481148275767,77.82035276589043,6.9315751556432055
2048,-9.910466317028781,77.82584452896624,6.695911213792608
2049,-9.881920745866676,77.83831607225987,6.392627147321919
2050,-9.845597238679895,77.8632210620296,6.024478724514766
2051,-9.79987219211109,77.89645987908465,5.601262030193777
2052,-9.749936011967632,77.93945877271594,5.128994190510467
2053,-9.687454412224344,78.01756080876173,4.624195539818139
2054,-9.60783439373051,78.1280784173349,4.097559055321284
2055,-9.517803688082928,78.271861706989,3.5622681830976113
2056,-9.398432846182171,78.45857030803083,3.02290326699291
2057,-9.253867725645966,78.68632090054763,2.4823116827297262
2058,-9.08730856288156,78.95857229510851,1.9473395533534967
2059,-8.894640569356145,79.2766954620023,1.4176815322688952
2060,-8.682325758214468,79.635125039834,0.9058813116186015
2061,-8.43981203612919,80.04593809922136,0.41682453903332695
2062,-8.170160117679181,80.50694091808849,-0.03537811088442648
2063,-7.873825368258219,81.0103468457015,-0.43472311148011994
2064,-7.557526037044448,81.55776579968948,-0.7781887236352466
2065,-7.210044755166644,82.16020407658897,-1.0617268692482071
2066,-6.842598926971051,82.80987531321848,-1.2920733450828734
2067,-6.4475627677533405,83.5083895074104,-1.4739488865751205
2068,-6.01591523012674,84.26400036471202,-1.6236351544808556
2069,-5.551476231120508,85.07357531111795,-1.7500059614798995
2070,-5.059681647102832,85.94251273496808,-1.8543283020359258
2071,-4.548511842871471,86.85857541067995,-1.941693774654825
2072,-4.017217834532858,87.83066428676786,-2.0196645316435586
2073,-3.46304461671946,88.85616074314008,-2.093028437632543
2074,-2.8965969236731173,89.92907445741783,-2.163408838933678
2075,-2.315758399813741,91.03417547140113,-2.2310506867498376
2076,-1.7292279523191079,92.17188647613519,-2.3012879559807358
2077,-1.126158618189722,93.33796710803863,-2.3747163213013587
2078,-0.5210149468030847,94.52421499599984,-2.450144467224921
2079,0.09811170338660083,95.72315645957728,-2.5281596916920552
2080,0.7228839421345286,96.94391875478776,-2.6092788838168746
2081,1.3546767410963994,98.17569510137315,-2.6939908005779074
2082,1.987382609779967,99.41949674677458,-2.781921068897863
2083,2.618226849952983,100.6835537249205,-2.872870346913515
2084,3.25466909856603,101.95761851733947,-2.965775495889214
2085,3.889829392948135,103.24833970701083,-3.060035043930393
2086,4.529354764348431,104.54657159873337,-3.1550034770845814
2087,5.167166289912245,105.83737515173561,-3.248781256257746
2088,5.8023202404270915,107.13763975512691,-3.3412207942827856
2089,6.4437355829159,108.42690477861774,-3.431954894591348
2090,7.074260641282627,109.70497473374722,-3.5156314272518663
2091,7.699534851494149,110.96674552679464,-3.589883178731623
2092,8.304907263372765,112.20898301068455,-3.6562782651873227
2093,8.895185892710435,113.40338052438618,-3.7133323187632143
2094,9.453619927536224,114.54667535570235,-3.760218922864087
2095,9.977760706124265,115.63003874592368,-3.7966717303579647
2096,10.467766184919975,116.6384059188652,-3.8235843547862687
2097,10.914783431156657,117.56674578663092,-3.842868625827358
2098,11.321405161378149,118.40118681425263,-3.8571447682558087
2099,11.68311835096348,119.13595585133103,-3.868897684470154
2100,12.007349005895895,119.78777126319005,-3.879786543934017
2101,12.298339407443596,120.34765255998077,-3.8907026860070233
2102,12.55187392574201,120.83513961482052,-3.8983936314796037
2103,12.781231068978329,121.26211344293331,-3.9062170520285244
2104,12.983566402310322,121.63234822885191,-3.915895760056678
2105,13.172736156885065,121.9697542439854,-3.9252267112403034
2106,13.340956628170021,122.28628033042061,-3.934300348902063
2107,13.500977371871798,122.59250269243162,-3.9419690051842937
2108,13.65693723592627,122.90029723130417,-3.9477204639077526
2109,13.805626467272825,123.21233799650928,-3.952950540595486
2110,13.952744728461214,123.53316895160722,-3.959412313971881
2111,14.108373456189895,123.86503066696964,-3.9689052725584113
2112,14.263711060920198,124.20677858997543,-3.9833979536883257
2113,14.428030363174864,124.55760277576707,-4.005042271835678
2114,14.603128094413535,124.91454665633056,-4.035587854611855
2115,14.783267794885308,125.28308908616235,-4.075059700739359
2116,14.963774676631624,125.66629481725232,-4.1225650456798375
2117,15.15142843262017,126.08040087218716,-4.1770652650235585
2118,15.346955887936439,126.51031140614047,-4.236377132505524
2119,15.553236983008452,126.96038497144234,-4.2973617544536165
2120,15.76530010055378,127.44057134577852,-4.357661522545598
2121,15.984362922363653,127.95063153937593,-4.416435551768112
2122,16.21783241514704,128.48481501095463,-4.472954325648345
2123,16.459140063018076,129.03555581274725,-4.527219326666165
2124,16.71376735525731,129.5996340561559,-4.579117135848352
2125,16.980889819337094,130.17817588835302,-4.629809744843808
2126,17.255551720295188,130.7704920516887,-4.67986779063322
2127,17.539271352389978,131.37658253895896,-4.728591297559931
2128,17.826353495321463,131.99713661425983,-4.776867497721471
2129,18.119219556814887,132.63613136129698,-4.824483713832019
2130,18.421541622489674,133.29130782089598,-4.8711239530486345
2131,18.72661859210667,133.96884249313314,-4.916938900720659
2132,19.036109576360303,134.66255886550422,-4.9616636236599
2133,19.350195313683574,135.37570200028642,-5.0054561439112035
2134,19.666122684446997,136.10939212728223,-5.04736790623447
2135,19.98949877693488,136.84940298393525,-5.08679208785528
2136,20.32673164402318,137.6030070408266,-5.123856623915029
2137,20.665500480189774,138.36315990329558,-5.159215522373365
2138,21.009320707461885,139.13368604827352,-5.192656978335777
2139,21.36669329411455,139.91095557208115,-5.224511391200935
2140,21.72286205575938,140.69387837197803,-5.255256675108026
2141,22.078907032338954,141.48910219754708,-5.284441503553187
2142,22.441801380452343,142.29338203859504,-5.313223409786414
2143,22.805809942523684,143.10405728010107,-5.342292768732382
2144,23.166939724070023,143.9221140153457,-5.372103542980461
2145,23.5294545224326,144.74755225759745,-5.402573299939858
2146,23.887518969750477,145.5793858849475,-5.433402365926586
2147,24.253008041711777,146.4121788393258,-5.46485383868594
2148,24.621657882527025,147.26102692419994,-5.497035489975463
2149,24.99142194215334,148.11183970193645,-5.529886062170853
2150,25.361995798738633,148.96584558650613,-5.5629740916774155
2151,25.741315317440073,149.82379171765243,-5.596000127524381
2152,26.115576903087344,150.68717143799202,-5.628653775860004
2153,26.495054772346485,151.55237495625047,-5.660300047997583
2154,26.879457844513343,152.41355110974942,-5.691258427504014
2155,27.256755747957627,153.28107648824485,-5.721189277732394
2156,27.626644098386468,154.14600326929684,-5.749697771383786
2157,27.99780462630175,154.999031498897,-5.77671999428792
2158,28.363179822969798,155.8463603030525,-5.802286230506588
2159,28.727048045783288,156.6948789449634,-5.826354233137702
2160,29.089228539178443,157.5462225266807,-5.848794606226076
2161,29.445728372861495,158.38629473528974,-5.869760555524149
2162,29.79693632049233,159.2159869170548,-5.889376505449202
2163,30.145306737176973,160.04514243272735,-5.907945401166879
2164,30.487435230863312,160.863768675153,-5.9257815827480735
2165,30.831253219955602,161.6727695945603,-5.942842744149318
2166,31.175542987379565,162.48020753776086,-5.959627891232334
2167,31.50993776613662,163.28440710728302,-5.976332213223374
2168,31.83767080015703,164.07595513927802,-5.993374034246304
2169,32.164849566208446,164.84661827318502,-6.011075072884017
2170,32.490913974190946,165.61430889881748,-6.029432471568374
2171,32.8174216212102,166.38340826862307,-6.048307926850413
2172,33.1376733699262,167.15269127664342,-6.067644949575894
2173,33.457959943382775,167.91963149944362,-6.087332641317829
2174,33.77047806481576,168.6800891403457,-6.107269097227762
2175,34.07871902776404,169.43918334956044,-6.127119435472997
2176,34.390191264511586,170.1884132846714,-6.146948395532245
2177,34.70216891237536,170.93605339829162,-6.166240241560204
2178,35.013563667431306,171.68210368481712,-6.185006248402358
2179,35.316739067561905,172.41722051976893,-6.20323429195848
2180,35.614042305558485,173.14474455797483,-6.220783548441312
2181,35.911700746691196,173.85055354412532,-6.2380588718621635
2182,36.20382949221455,174.55437777184784,-6.256166799053348
2183,36.4941374274491,175.24957541199194,-6.276550971022008
2184,36.776678887965566,175.93194049479098,-6.3013200836371865
2185,37.048973515914795,176.60039977289432,-6.332919930426572
2186,37.31292272692504,177.24282664793347,-6.371887950913882
2187,37.57065169323119,177.87269440469103,-6.41796025047067
2188,37.83126001712652,178.49136315754666,-6.470812920265838
2189,38.08665897369055,179.10547052746492,-6.529157457387501
2190,38.340701373160194,179.71438005655097,-6.591422189417456
2191,38.599801549534824,180.32362761704894,-6.655825889914746
2192,38.85627983154638,180.9415488099782,-6.720535837119968
2193,39.11429923726853,181.55078882296732,-6.7835753530086444
2194,39.37292607672163,182.1737611382598,-6.842738023400682
2195,39.63643876455354,182.79925726829185,-6.896107436449389
2196,39.895522043672884,183.42792613414497,-6.942296617286633
2197,40.152051245929826,184.0614246224258,-6.980236742424692
2198,40.40514361534212,184.6882096573113,-7.008339809515711
2199,40.64821981216691,185.32136961846015,-7.026952533910424
2200,40.88426505290902,185.96211200541538,-7.036902851679183
2201,41.1020520602023,186.59614094299593,-7.040238396566028
2202,41.3019004869411,187.2246815618634,-7.039021261030011
2203,41.47822924581898,187.86292782115785,-7.03567496038788
2204,41.62083849789766,188.49423936378963,-7.032440857835364
2205,41.735483686434144,189.11885522688934,-7.0303216488309825
2206,41.82527425024027,189.75196936449413,-7.029813111430988
2207,41.884590551695524,190.3820445770683,-7.0303832964666135
2208,41.92087751613938,191.01471824187956,-7.031617896380666
2209,41.93367982483335,191.64471106891844,-7.033973518827014
2210,41.92379662721121,192.26444037046736,-7.037902565450969
2211,41.896890085044504,192.8821395939677,-7.044057343069005
2212,41.84159207787264,193.4941393388895,-7.052807503931021
2213,41.76709483293319,194.09446692028445,-7.064714418449059
2214,41.66727186589384,194.69296564468613,-7.079511302341381
2215,41.53733557111482,195.28757609112068,-7.097237130824835
2216,41.38224484357291,195.8739355260692,-7.119182481621555
2217,41.19972596803858,196.4703597032933,-7.146693789517132
2218,40.985468327255695,197.06430274100322,-7.180576796550349
2219,40.750509647517,197.6559030709087,-7.221259550796579
2220,40.49501169069508,198.24129183672972,-7.270455957175966
2221,40.21553769819967,198.8206895641232,-7.328506201599113
2222,39.920139579212105,199.38888238982895,-7.3949435308078755
2223,39.60626211830608,199.9440213286989,-7.468363186547064
2224,39.27378350690842,200.49229961846942,-7.547183622706601
2225,38.93104101757676,201.03217269045675,-7.629103285490443
2226,38.56614522223837,201.55355807354007,-7.711561271016367
2227,38.18775614123503,202.0674789193605,-7.793326266564595
2228,37.78930528912655,202.5772204883719,-7.873761026865329
2229,37.37035695914079,203.08319280788018,-7.95279999661294
2230,36.92957621163202,203.57400545649136,-8.030217493120839
2231,36.48432119333804,204.06415232508508,-8.107154450839158
2232,36.01523854777722,204.5415310359792,-8.184603961377194
2233,35.53384672806446,205.00325881900784,-8.262346851292707
2234,35.04305355100133,205.45421839086438,-8.34085225336843
2235,34.54389594369691,205.89301361143768,-8.419613606170584
2236,34.039077503086105,206.32434440781546,-8.499490374216846
2237,33.51708932151507,206.74517278842035,-8.58053598874792
2238,32.98586724965241,207.14685536560685,-8.663013642443467
2239,32.438648002695075,207.55560917849365,-8.746733546748542
2240,31.87415181044663,207.9580791728272,-8.832088923902873
2241,31.301041285905026,208.35392828257557,-8.918257540858775
2242,30.71695654960433,208.7418626524393,-9.004890705689927
2243,30.125021019072403,209.13327270872702,-9.091770493566695
2244,29.519553539588646,209.5136990181709,-9.178202690167518
2245,28.914612559965015,209.8774204474337,-9.264407453470133
2246,28.30605220869345,210.24180013132016,-9.349771079219307
2247,27.70427065440884,210.59148903736124,-9.433844150665854
2248,27.085423965578414,210.9414338038188,-9.52110431294312
2249,26.447086611701447,211.29395373461153,-9.610874239027424
2250,25.815968724091945,211.63683171847129,-9.703238172666339
2251,25.192787675158474,211.9688097678026,-9.799341169866093
2252,24.583152594063357,212.28714590541864,-9.89988222476183
2253,23.992672609968416,212.58909815412852,-10.005560331488523
2254,23.426956852035485,212.8719245367415,-10.117074484181135
2255,22.891614449426385,213.13288307606672,-10.235123676974634
