frame_id,x,y,z
0,-0.0039704167057759,0.0429890766614199,-0.0811433705267805
1,-0.0031837427468443,0.0139666252180272,-0.0317478021706751
2,-0.0015950266704435,-0.0056103159637087,0.026302939723394
3,0.0004415814456523,-0.0171846024401731,0.0917588134912609
4,0.0025719315236695,-0.0221990897677506,0.1633697774687591
5,0.004441873485834,-0.0220966335028263,0.2398857899917224
6,0.0056972572543719,-0.0183200892017851,0.3200568093959845
7,0.0059839327515092,-0.0123123124210118,0.4026327940173791
8,0.004947749899472,-0.0055161587168913,0.4863637021917399
9,0.0022345586204865,0.0006255163541913,0.5699994922549005
10,-0.0025097911632214,0.0046698572358514,0.6522901225426949
11,-0.0096394495294256,0.0051740083717038,0.7319855513909567
12,-0.0195085665559,0.0006951142053639,0.8078357371355193
13,-0.0334113303587489,-0.0120947093518727,0.8759198558560316
14,-0.0514817408734612,-0.0349056129122689,0.9351172827541752
15,-0.0715506049137943,-0.0633043661811103,0.983833690004905
16,-0.0969674897914606,-0.1038003441469189,1.0208000982882517
17,-0.1277419061708751,-0.158217312270448,1.0477614796835415
18,-0.1619984008859533,-0.225617813303422,1.066696829076817
19,-0.2005485293921836,-0.3083496831521262,1.0759460721813452
20,-0.2440009585086527,-0.407238018292574,1.0758230335652212
21,-0.292761465969216,-0.5214124422504566,1.0706858866622415
22,-0.3470329419723278,-0.6559065475046217,1.0592529372905022
23,-0.406815387399534,-0.8109341545839213,1.0432813954848823
24,-0.4719059137137138,-0.9838136991752712,1.030742811886331
25,-0.539817230708054,-1.1722619111276396,1.0237779965004452
26,-0.611903622480849,-1.3776874915246191,1.0230459251892414
27,-0.6934915549585083,-1.6051911131643932,1.0238851367851518
28,-0.7798632314575485,-1.855380698490765,1.025831948658836
29,-0.8693657439987705,-2.125069060127381,1.0284788563907892
30,-0.9616947601489784,-2.4090255550027164,1.03104732127909
31,-1.0591315119318765,-2.708858451352256,1.0326110661931078
32,-1.1636237338465236,-3.024346381004692,1.0331408302532905
33,-1.2770468818425236,-3.3536110744209693,1.0327545881494566
34,-1.396203553012542,-3.6951725572663214,1.0320211755802768
35,-1.5201864550435782,-4.050004341052874,1.032207601645551
36,-1.6487927012060342,-4.41978177208588,1.0347660915596624
37,-1.7816165149797532,-4.805643550094981,1.0401482010867635
38,-1.91804922990892,-5.204981059179215,1.0495919422187798
39,-2.057279289238134,-5.609341249215163,1.0644468772555042
40,-2.2011821484567573,-6.026571758897616,1.0857468476898748
41,-2.3497482972621206,-6.457437308082834,1.114902035498604
42,-2.499628167336145,-6.895965166301982,1.1536167734149518
43,-2.65224071008866,-7.339602061161571,1.2021402198922029
44,-2.8080272090640226,-7.788516531331486,1.2606959614587372
45,-2.966581888351361,-8.243847275233385,1.329206977053161
46,-3.127397522054008,-8.70371182664913,1.409654701896746
47,-3.289119826341048,-9.167883785050304,1.5020848233885202
48,-3.4494168466551134,-9.633944040430222,1.6059444208703346
49,-3.610725149291361,-10.09645231900982,1.7210620923970663
50,-3.773794157444781,-10.557187106542573,1.845722378619095
51,-3.9408575554498224,-11.023393992644866,1.9777636437305823
52,-4.107096100452368,-11.498362469456955,2.1141222838374576
53,-4.272509794466162,-11.979898991752178,2.2518748780040734
54,-4.441917883214757,-12.460154243500629,2.388384150170344
55,-4.615168199780728,-12.93865447005014,2.521448557713029
56,-4.792108582381559,-13.418767982185695,2.648527395479101
57,-4.972586871833055,-13.906126235040526,2.767939533709805
58,-5.151479482501918,-14.395963969396396,2.8785438948251403
59,-5.328482083221286,-14.887878703288658,2.979214132733836
60,-5.508109593491611,-15.385830732454432,3.069440672441427
61,-5.689905516464022,-15.88995841501954,3.148111694320262
62,-5.873413350446505,-16.397275809961734,3.215030063613405
63,-6.058176590566267,-16.90342432901195,3.27130988008571
64,-6.2437387373539535,-17.411555101147766,3.318186526332484
65,-6.428897672342781,-17.922460521385716,3.3566470693812414
66,-6.611575046163955,-18.43264986215571,3.387925881509144
67,-6.794562488272546,-18.94125106548133,3.412777825547909
68,-6.978158628781434,-19.45043000644769,3.4324311607600824
69,-7.161754806268174,-19.96783307701651,3.4489041146291446
70,-7.344742334753207,-20.47889782591713,3.464568963542329
71,-7.525766926727234,-20.983015490728867,3.481137545076709
72,-7.702598077415482,-21.4895094942562,3.498494718183456
73,-7.880765148098931,-21.99361875483781,3.5173076034862283
74,-8.061622422460232,-22.49414084348369,3.537972514649995
75,-8.242479723025863,-22.997453491426327,3.559461988020991
76,-8.42272837559568,-23.498122300741134,3.581443068601123
77,-8.601921387840655,-23.994954907788525,3.603852195695789
78,-8.781228539950733,-24.486806742374423,3.626886295386271
79,-8.961819616235582,-24.97253323260432,3.650339798858261
80,-9.14324763121391,-25.45531401927707,3.673804258660958
81,-9.324903927173878,-25.94299842153508,3.696390207791129
82,-9.504098310196111,-26.42948542718992,3.717962307037621
83,-9.682185064449593,-26.91219157841464,3.738296852183892
84,-9.864693561647224,-27.393802624828897,3.7571619771436433
85,-10.049393283363694,-27.87163281430717,3.774453576978596
86,-10.234929945946073,-28.34706569323939,3.790362013486525
87,-10.420694885165569,-28.821705333660045,3.805622025200263
88,-10.603997901964227,-29.29071520059018,3.820378350227143
89,-10.785285991204644,-29.75666617176396,3.8347901208271473
90,-10.966688236912876,-30.225860503072376,3.848686061277611
91,-11.150333700887003,-30.69447205939209,3.862292483631205
92,-11.335923751985838,-31.162105901345303,3.875895323556611
93,-11.519146355805416,-31.629701168144184,3.8897123928581023
94,-11.70264097213217,-32.09068727185401,3.903574629072888
95,-11.885808439979414,-32.54329076033639,3.9173791201477135
96,-12.06626608416757,-32.99630847316418,3.931015373367418
97,-12.249391114168564,-33.44934378481027,3.944397242271526
98,-12.43638565134661,-33.902006785483366,3.9574136753738327
99,-12.624407345098833,-34.355838665398245,3.9700091466429326
100,-12.810613821690731,-34.803187165233254,3.98235817004749
101,-12.99529990741568,-35.245045921450426,3.994473186598386
102,-13.18044252343721,-35.6891300832495,4.00622498377851
103,-13.365937047428442,-36.13289225220067,4.017558453637711
104,-13.553133965191742,-36.57712985074841,4.028542122644356
105,-13.741928676405342,-37.02808224822648,4.039169774925485
106,-13.929326641718426,-37.4791075939519,4.049519839918043
107,-14.116377811234338,-37.92801988398272,4.059608570524286
108,-14.308307227815764,-38.3748191088984,4.069353816945618
109,-14.500498510115044,-38.81675244137946,4.078829828030379
110,-14.691603081438153,-39.25641591740953,4.08816626905695
111,-14.881823847477872,-39.70192717342382,4.097628412995432
112,-15.071262244272086,-40.14731935690544,4.106851946816928
113,-15.26157118974256,-40.592195008500994,4.115920251483172
114,-15.457671410176076,-41.04574756507572,4.125309333849571
115,-15.654642166984782,-41.49496164922604,4.134834238003839
116,-15.85083054215849,-41.9386373526958,4.144511876138205
117,-16.046135110218653,-42.38529312152293,4.154537456243767
118,-16.2432428806441,-42.83043200985331,4.164702059776148
119,-16.443802967536264,-43.27384019378916,4.1748880881674015
120,-16.647102095866174,-43.71766258816526,4.185052137031267
121,-16.852426973844512,-44.16142543713235,4.1952097008342415
122,-17.05977379718575,-44.605727438901496,4.2053697961645415
123,-17.266807428943082,-45.04821824890716,4.215336763958695
124,-17.473172804485966,-45.48547841167503,4.225439219471102
125,-17.679320719779597,-45.9175129565562,4.235744391285082
126,-17.888093549558818,-46.351772900165045,4.246041041456289
127,-18.097362215247653,-46.78651581522256,4.256692144852417
128,-18.30742534747496,-47.22214418314892,4.268070762917689
129,-18.522594996382583,-47.66120538984856,4.280687344196901
130,-18.73526023147744,-48.09598430355492,4.294501995134365
131,-18.945868040655583,-48.52428737377348,4.3095087900120745
132,-19.161468224123645,-48.94926990351368,4.325705989913659
133,-19.37637922813532,-49.37133439053202,4.343469496937664
134,-19.58909460145996,-49.793069325712594,4.362846417316252
135,-19.80215238760572,-50.2215190457092,4.383772121321772
136,-20.016009073854104,-50.65084666791678,4.405864160953562
137,-20.231121162512743,-51.08065725266038,4.428991252958379
138,-20.44794516457726,-51.51390068347104,4.4533534591675945
139,-20.664047641578968,-51.94051146869146,4.47839264627028
140,-20.87867727378837,-52.36228067480116,4.503776612590996
141,-21.09421995889844,-52.7930286568442,4.529407082881848
142,-21.310980006551627,-53.22329783638019,4.554922750013128
143,-21.52926174570577,-53.65031106291844,4.579930809585585
144,-21.74936952244745,-54.07762614745543,4.603969406919941
145,-21.968717750650125,-54.50222613082472,4.6268583339287215
146,-22.187148559071748,-54.92430470844791,4.648643258255399
147,-22.40851750906197,-55.34936334564656,4.669608187149806
148,-22.62972860881219,-55.77371008321023,4.689845155092367
149,-22.85017889492625,-56.19793607297537,4.709523613875575
150,-23.07017271245678,-56.624991199388575,4.7286966931258245
151,-23.290014382266964,-57.05138473038104,4.747919872203495
152,-23.510753862500227,-57.47790905212868,4.767669979657955
153,-23.734317352536102,-57.90771528293413,4.788355843664316
154,-23.954871101889506,-58.33369202047973,4.809842055208282
155,-24.17166378042108,-58.75523553705556,4.832266413132372
156,-24.390481577693308,-59.17824977737112,4.855965947942013
157,-24.607269215299723,-59.5994452689141,4.881054718178358
158,-24.82052974457332,-60.01882956253528,4.90753679530464
159,-25.03264903165772,-60.437610111406144,4.935082761582927
160,-25.243931405294106,-60.853172435726414,4.963410513442668
161,-25.454681204101487,-61.26611271704718,4.992443523586159
162,-25.66520278304545,-61.68233491753388,5.022332853083967
163,-25.87788198316177,-62.09472760925165,5.052692507628701
164,-26.09196747870632,-62.503886979408456,5.0832979095933615
165,-26.305025887547576,-62.9202139440538,5.114103248221044
166,-26.51751369371776,-63.337406247307534,5.144697699087173
167,-26.730633011105425,-63.7516930987894,5.174697506982319
168,-26.94646219958168,-64.16341409217752,5.203708453776135
169,-27.16220961942653,-64.57397794346836,5.231389166266465
170,-27.377576646675884,-64.98479335592927,5.257646835110497
171,-27.59317195914452,-65.3972690309484,5.282249097512413
172,-27.806714316288485,-65.8117445803146,5.3045659354712
173,-28.01760454904948,-66.22663521081967,5.325249802791828
174,-28.22838068321459,-66.64228050228317,5.34521064156736
175,-28.439499210788966,-67.05626720656555,5.36524084634117
176,-28.65216226175156,-67.46939274251265,5.385466664942484
177,-28.8684482294841,-67.88776233105513,5.403958146656168
178,-29.082675507358385,-68.30446578773963,5.42333022978287
179,-29.294083230991298,-68.71910057155664,5.448555093415619
180,-29.50683128534249,-69.13777180951011,5.4851464911669385
181,-29.71812796914864,-69.55356927659098,5.538211749864506
182,-29.92767461903565,-69.96510433327617,5.613130929570586
183,-30.136079889296365,-70.3763371956979,5.71610023554629
184,-30.34395245937478,-70.7912281310559,5.848709250765853
185,-30.5526466243726,-71.20958847407624,6.010221518107115
186,-30.764392911555007,-71.62900500328605,6.198329643530828
187,-30.976551818061075,-72.04706446015028,6.415389013927044
188,-31.18806958468557,-72.46357819268214,6.660226618168228
189,-31.39630675959483,-72.88250652781477,6.930469447330912
190,-31.60557541360972,-73.30123501981222,7.221255716868116
191,-31.81691981096438,-73.71817388839425,7.528570261953307
192,-32.029832739377234,-74.1325852850555,7.848726488018835
193,-32.23893700507068,-74.5474191838311,8.176075106592174
194,-32.443776134409006,-74.96545277864848,8.506809131180628
195,-32.64881437686012,-75.38963595597295,8.838737087662135
196,-32.85364595424331,-75.81647804219203,9.167836678511154
197,-33.05796655099257,-76.24458549452488,9.488879703381553
198,-33.26157328850231,-76.67046764861038,9.796933538303808
199,-33.46436475102103,-77.09707443022533,10.0887324416192
200,-33.66708658079068,-77.5261969241998,10.36200510670897
201,-33.87146208567459,-77.95864009760672,10.616382190036626
202,-34.07155605198157,-78.39138697295536,10.855525739586238
203,-34.26645545591422,-78.8236451299772,11.082296463667346
204,-34.46026946093129,-79.25877106741794,11.300793843471835
205,-34.649448711075514,-79.69079373583754,11.513278886826283
206,-34.83232886160966,-80.12110168114192,11.722769521853117
207,-35.0105856862393,-80.55861577722769,11.932619634849368
208,-35.184016290759175,-80.99924161744761,12.139538063735715
209,-35.352620671703754,-81.44098188398797,12.342312478684509
210,-35.516601706309466,-81.87974213661522,12.539966961983309
211,-35.67555678288551,-82.31786850407822,12.734976704263918
212,-35.82783106835578,-82.75654830161851,12.92941575490252
213,-35.973427739978256,-83.19598279252185,13.121604537096976
214,-36.11544278558993,-83.63637320977024,13.311122434662044
215,-36.25313057326316,-84.07792077872357,13.499532606624069
216,-36.38177324575621,-84.52082672714691,13.6897506104479
217,-36.50380739391404,-84.96529228447122,13.881863048522758
218,-36.6202867559227,-85.41053255119269,14.07936784230606
219,-36.734053656161706,-85.85460376267659,14.288430931768373
220,-36.843283352878224,-86.29542813258541,14.506263551833069
221,-36.947975842111255,-86.73400430094162,14.734338957693632
222,-37.049955883008266,-87.17650448786772,14.975862125952272
223,-37.14846260767919,-87.62252615091587,15.235125344277954
224,-37.24303950382971,-88.07265286886124,15.513917877699852
225,-37.33353440518936,-88.52862704904494,15.813384088262008
226,-37.41720954944143,-88.98575057418735,16.130328839573394
227,-37.49331360635925,-89.44163623697025,16.462609506404696
228,-37.564536772752255,-89.89393788620573,16.809150604533258
229,-37.63098369525471,-90.34674998699028,17.168323212544415
230,-37.691446570972616,-90.80206992807004,17.536553725937456
231,-37.744860272089234,-91.26399223443656,17.909022574590313
232,-37.79046396557129,-91.72910170941792,18.28155221538676
233,-37.82854676072793,-92.19321756352572,18.65214028038667
234,-37.86057833795211,-92.65506944205409,19.02118379580876
235,-37.88554424117549,-93.11170331174768,19.38651082209208
236,-37.90192851161771,-93.5643140795928,19.74650674572775
237,-37.906127952276975,-94.01632120104134,20.10156159628833
238,-37.8998151738804,-94.47007505950188,20.448448069596047
239,-37.88328500175131,-94.9237770745068,20.785582298496504
240,-37.85399937597479,-95.3734040824514,21.11353906189081
241,-37.81677758182784,-95.8215075991681,21.43516340821216
242,-37.77266956543426,-96.26649024704535,21.75130292559522
243,-37.71908653000016,-96.70453006740844,22.06512469221108
244,-37.65592707455129,-97.14220184740986,22.374691466151702
245,-37.58349555264126,-97.58090677071849,22.678093643487458
246,-37.50250206232574,-98.01896947246632,22.97709592810198
247,-37.411172610784405,-98.45760168486352,23.266746979093128
248,-37.30891375694788,-98.89601107532006,23.54360054313845
249,-37.19618202468944,-99.33332566089328,23.80331041762617
250,-37.075819786856265,-99.76498567920088,24.04167220395424
251,-36.94783654014431,-100.1887900400945,24.25887296249997
252,-36.81086403266546,-100.60682072637464,24.45780378165172
253,-36.66880986035286,-101.02236309224978,24.63306651217168
254,-36.52184139848125,-101.43661197018604,24.78736220780075
255,-36.36625520347532,-101.84674735390138,24.927615915006715
256,-36.20560374477797,-102.2528362493012,25.05765652871893
257,-36.04125081000123,-102.65387995514632,25.1795839753521
258,-35.87395720308198,-103.04571690908514,25.295724612955283
259,-35.69981666047089,-103.43076038474132,25.404706345533413
260,-35.519139242418106,-103.81258495388596,25.506334617192177
261,-35.33486562781038,-104.19836907275592,25.60145868308481
262,-35.14516787240517,-104.58254421984014,25.68939813180114
263,-34.95155813064546,-104.96293192982442,25.770933520183025
264,-34.757433523465686,-105.33637683150712,25.84891186522233
265,-34.56350416250356,-105.7035455099067,25.925115830044
266,-34.36903013793271,-106.06801503133194,26.00075066302305
267,-34.17010518758965,-106.43259696653516,26.073844928913463
268,-33.96987603433394,-106.7964150964592,26.142168410589083
269,-33.76835219950667,-107.15966566204978,26.203919981992414
270,-33.56386110352969,-107.51959589496995,26.25593563143627
271,-33.35762011936834,-107.8800277439368,26.296555336874167
272,-33.15084660545612,-108.24255858183292,26.32475269748168
273,-32.94475789186755,-108.60463681314108,26.340931538237097
274,-32.74265285302409,-108.9664636448708,26.34642481950011
275,-32.54378585420595,-109.32824029106044,26.343195371391403
276,-32.34323613152474,-109.69016794107849,26.33582084450813
277,-32.14384289081311,-110.05244782520576,26.32421662742072
278,-31.946661784312965,-110.41528113277236,26.311284244314777
279,-31.74950978421946,-110.77886896019716,26.306402909862587
280,-31.555073938698488,-111.14065977701684,26.305577393422293
281,-31.36425776719217,-111.50323705724776,26.30695250621
282,-31.174726153966187,-111.87256766666272,26.30920660028746
283,-30.98612402537168,-112.24435593047932,26.311921337448208
284,-30.798902177378192,-112.61760318615129,26.31485708116008
285,-30.61590298717103,-112.99251066709895,26.317781802100885
286,-30.434997352008622,-113.3654576989845,26.320722011533025
287,-30.25573827213296,-113.73504816649556,26.323637636862884
288,-30.0808159677967,-114.10403488572176,26.32642361728246
289,-29.90794918310546,-114.4724178631738,26.32928832629339
290,-29.735631454243126,-114.8404109251778,26.332254703488243
291,-29.563000505862576,-115.21036609432292,26.335330234441347
292,-29.39198252479344,-115.58081345240198,26.33866360264664
293,-29.22272016195348,-115.95036945756296,26.34229467393184
294,-29.052117438492104,-116.32158570684112,26.346245863469864
295,-28.881948381841767,-116.69426094990146,26.350537146537217
296,-28.713110783899044,-117.06819394001144,26.355198490550976
297,-28.54575681217208,-117.44318343362733,26.36025874936212
298,-28.377957086449378,-117.81627537029384,26.3656610506788
299,-28.20926652296911,-118.18965071662588,26.371310981562445
300,-28.03755288524467,-118.56887383313163,26.37704188523872
301,-27.86753400227418,-118.94649370946964,26.38277328886996
302,-27.69981284095494,-119.32250531346368,26.38842498996398
303,-27.5324632140943,-119.70032809472124,26.39390276799308
304,-27.36634740920799,-120.07955956974834,26.39899876972576
305,-27.202226273002083,-120.46099716146344,26.40355103823317
306,-27.04075921975004,-120.84873531232834,26.4073791254098
307,-26.882504175634345,-121.23660594231212,26.41065686199069
308,-26.72717200917119,-121.62182436113736,26.413479124190733
309,-26.5734959263317,-122.00674091348276,26.415926290940888
310,-26.424977694689883,-122.38820027201176,26.41824183696572
311,-26.281778996871548,-122.7671960692164,26.42046512687701
312,-26.142176535213306,-123.14694651141627,26.42252735296824
313,-26.007134051032207,-123.52960069188376,26.4245797024738
314,-25.876666755322205,-123.9131587683654,26.426509109067705
315,-25.74971072328439,-124.29339634157326,26.427965170081524
316,-25.62986919316353,-124.67373283438752,26.42927415405476
317,-25.517303849373203,-125.05536312148747,26.430491826607952
318,-25.410189926931256,-125.4353331446955,26.43142541390054
319,-25.30928826858106,-125.8134416562613,26.432237447464413
320,-25.21505538410513,-126.19047349870358,26.4329857945002
321,-25.12764345000828,-126.5683723367325,26.433661427704543
322,-25.046900284311977,-126.94264124736216,26.434169559425435
323,-24.973276688245434,-127.31328023075696,26.43443485388969
324,-24.909412168286984,-127.68478620374655,26.434431420705927
325,-24.85358022403283,-128.0513935841474,26.434057621975217
326,-24.80608138960845,-128.41290615913894,26.43335726277015
327,-24.76620241162027,-128.77871858701155,26.432495889477828
328,-24.73292564040617,-129.14259152925095,26.43117794715976
329,-24.706545900820103,-129.50372756436633,26.42931633031426
330,-24.68721537109065,-129.86467408125026,26.42701500618492
331,-24.674781879705225,-130.2242907061931,26.42436445417533
332,-24.66804329217305,-130.5815712324837,26.42136177143736
333,-24.66461689901181,-130.93564362196577,26.417849357675063
334,-24.669575619839424,-131.285769958192,26.414341588831142
335,-24.68276728542524,-131.63156033418437,26.4108708216668
336,-24.698814644523345,-131.97489722764925,26.407154268939053
337,-24.71979607779724,-132.3177972623612,26.40245081236631
338,-24.74660937743476,-132.6590731053841,26.39678738650088
339,-24.77910235987853,-132.99416074724587,26.390323176935134
340,-24.81970846083894,-133.32507091504746,26.3835353444992
341,-24.868129051926218,-133.65278969113615,26.376689575622503
342,-24.91974771684727,-133.97745125249745,26.36979120757709
343,-24.979485212514,-134.2993238975608,26.363185120148664
344,-25.04794450825146,-134.6188101035113,26.35711155544465
345,-25.12299651098913,-134.93644652142444,26.35167613523444
346,-25.205097718612564,-135.2490820375481,26.34660052673292
347,-25.29440029762883,-135.5559242545336,26.342120552021587
348,-25.39075209059449,-135.8604638785934,26.338617899190705
349,-25.493696594531443,-136.1635729568606,26.336263513698714
350,-25.603380279186275,-136.4672437825617,26.335240931364787
351,-25.722138311707337,-136.77476162250875,26.33576050547857
352,-25.845049910351243,-137.07928341985027,26.33778482327189
353,-25.971065111518264,-137.38060793626772,26.34126828137669
354,-26.102874155025773,-137.68517575090556,26.346272154987943
355,-26.240781355461607,-137.98654627085392,26.352836352042424
356,-26.38553233882924,-138.2837208302633,26.36084114757265
357,-26.53844464511224,-138.57904557552916,26.37013620835213
358,-26.696469817980017,-138.87117890539906,26.380682644240466
359,-26.86020321494528,-139.1589133683313,26.392260947387417
360,-27.029388053155024,-139.44117568682697,26.40414352095113
361,-27.205544763256395,-139.72084865659082,26.416041161537407
362,-27.38836901451313,-139.99971076031846,26.427803574169165
363,-27.575731706250203,-140.2766845095556,26.440001598166123
364,-27.77017087093528,-140.54713880801182,26.45255429445217
365,-27.97078300197547,-140.80987375480083,26.4653226481962
366,-28.174678160105884,-141.06502352701332,26.47810486254189
367,-28.384441960913275,-141.315609267006,26.49075718560537
368,-28.600673569776767,-141.5616234270767,26.503197013311063
369,-28.820530596703616,-141.80212688776882,26.51535716909933
370,-29.045837785127027,-142.0336960125331,26.52705706519264
371,-29.277340766777755,-142.2573244329168,26.53823731465181
372,-29.51483666311945,-142.4764986608629,26.54935623174737
373,-29.75583814710328,-142.69115163349267,26.560089989458284
374,-30.000792220576265,-142.90247067852852,26.57037082404686
375,-30.251625100136994,-143.1130702564411,26.580286394966848
376,-30.50717012548541,-143.31557064823227,26.58996699071376
377,-30.766219447768627,-143.5083820421611,26.59955205131733
378,-31.02897914205204,-143.6955317962052,26.60916951192474
379,-31.29834232668146,-143.87749366069977,26.61852738229957
380,-31.573862004237068,-144.0540714256628,26.627645112670432
381,-31.85320619643317,-144.22842041172655,26.63654667896217
382,-32.133839997869714,-144.39477084889492,26.64508936160269
383,-32.41636067671089,-144.5539151251319,26.65323886796132
384,-32.70766911892901,-144.71128339489076,26.661086630366977
385,-33.000560100614216,-144.86231168116203,26.66883259275024
386,-33.294877643370484,-145.0060013185488,26.676463595553447
387,-33.594474160599724,-145.14282185516072,26.68383039770989
388,-33.898129116481186,-145.26968926195008,26.69091775229918
389,-34.2059756608847,-145.3869984753622,26.697740913407465
390,-34.51659040777529,-145.50072052377382,26.704299906193764
391,-34.828448480466875,-145.60790135172763,26.710452639866865
392,-35.13930348461844,-145.7089384212484,26.716366700616337
393,-35.44769586541096,-145.80355921648038,26.722392425844305
394,-35.76437318896965,-145.89069040319905,26.727832835177747
395,-36.08377367226339,-145.96924782207387,26.7325250343456
396,-36.39868007519271,-146.04145356572434,26.736301244079087
397,-36.71710284518493,-146.110627244108,26.739312181026623
398,-37.04231075827924,-146.17578275828242,26.741298603566
399,-37.37637679866073,-146.2371884174065,26.742448486815384
400,-37.709989793527775,-146.29155898888033,26.742910637001422
401,-38.04037171173131,-146.33958122373664,26.742778158947928
402,-38.36935431335917,-146.38661821486303,26.74211165734004
403,-38.70547932334743,-146.42827864354123,26.74082420922324
404,-39.04586884719223,-146.46497255719984,26.738929236623264
405,-39.3832441212214,-146.49408132192477,26.73680491060572
406,-39.71328674318153,-146.52000253110634,26.73429963945197
407,-40.04734373952003,-146.53959421430525,26.73183704336048
408,-40.38767197951478,-146.55629130390244,26.72971155950272
409,-40.72658533714648,-146.56795312700396,26.72802529017012
410,-41.06048975562761,-146.57180759206526,26.72685472256449
411,-41.3923905761351,-146.5691132924006,26.726082523742484
412,-41.726445837242125,-146.5634908805704,26.725698279526213
413,-42.06070205119538,-146.55225462093605,26.725737039840304
414,-42.39764782172704,-146.5368894970633,26.726320805105672
415,-42.73545743974156,-146.51726177520962,26.72744354519836
416,-43.07133669411811,-146.49209106838867,26.729087522038128
417,-43.405047512534345,-146.46361158611415,26.731360659659085
418,-43.73886294495366,-146.434612642613,26.733487098001778
419,-44.07314626200058,-146.40016882088625,26.73560839635987
420,-44.405057610155865,-146.36047256889867,26.737838692174
421,-44.74524316276275,-146.32440783102038,26.74032098124665
422,-45.09204046349191,-146.28990098920562,26.742776407237
423,-45.44169948885296,-146.25527169469314,26.745078777901007
424,-45.788967553238166,-146.22045289071662,26.747476711986376
425,-46.13174882914859,-146.1827588536193,26.749698939071177
426,-46.47716515334498,-146.1437869062573,26.75154754382924
427,-46.83036300061221,-146.10176021524128,26.753003767702488
428,-47.18464314297273,-146.05848413410715,26.75388383992171
429,-47.53596930592637,-146.0153925382157,26.75414047239058
430,-47.88738201213963,-145.97228458142888,26.75396022478214
431,-48.23993312502801,-145.9284621979063,26.753490019243387
432,-48.59549493632006,-145.88047197589853,26.75293139463553
433,-48.93957367839632,-145.83015999325175,26.75191716727616
434,-49.27917770043783,-145.7800928733231,26.750562449030426
435,-49.61923821169784,-145.72757728978522,26.74893879320411
436,-49.96751204196533,-145.6752947485278,26.74701585081976
437,-50.31868021663504,-145.61832742622906,26.7448904809678
438,-50.6709528523674,-145.55727905740827,26.742662914495234
439,-51.02645909403248,-145.49926102014976,26.740453554480787
440,-51.38227060362407,-145.43932486847265,26.738375647259225
441,-51.73659939581205,-145.37732722868793,26.736434340474908
442,-52.09096529679333,-145.31869911587722,26.73457726642802
443,-52.44406535410074,-145.26269720361466,26.73285733882178
444,-52.79707599474483,-145.2049105106583,26.731391847608663
445,-53.15003975722965,-145.15382683750207,26.73024067664016
446,-53.50544394804975,-145.10629504614778,26.729412927496035
447,-53.862537211320266,-145.05933675747747,26.7288977668198
448,-54.21878464158618,-145.0098008737403,26.7286817591498
449,-54.57652142664304,-144.96097685299273,26.728528340388223
450,-54.9364970009578,-144.9130709672853,26.728246735981653
451,-55.301046529311904,-144.86722776766362,26.72777249674677
452,-55.66555359925101,-144.82459185511323,26.727077204112486
453,-56.02941522661029,-144.7831835121364,26.726181738097143
454,-56.394456142141976,-144.73965035973194,26.725236500424945
455,-56.75536219688389,-144.6980361530349,26.72410305410577
456,-57.11109674236427,-144.65858490609097,26.722713355161847
457,-57.46850292416575,-144.6188824981845,26.72103481174481
458,-57.827029123432766,-144.57818685677532,26.719107703405044
459,-58.18472029744596,-144.53818298636787,26.717037722952693
460,-58.53969272211456,-144.4985312989757,26.714814173247525
461,-58.897377524310734,-144.455070224569,26.71248830261285
462,-59.25838147868132,-144.4080010001728,26.710077041139588
463,-59.62311357492253,-144.36188763243567,26.70753949539609
464,-59.99198277445003,-144.3174721900133,26.705125864603502
465,-60.363781226514256,-144.27357238357155,26.70284256718591
466,-60.73713941487309,-144.230930310307,26.700461893792056
467,-61.10643883334293,-144.19124357206385,26.698285632873937
468,-61.46903362905604,-144.15282929793574,26.696490622909007
469,-61.834404234440846,-144.1152853423973,26.69536336369445
470,-62.20316822060496,-144.0800933518764,26.694628426245384
471,-62.57473781661045,-144.04487112741862,26.6941521148615
472,-62.9483996978931,-144.00586383018148,26.69381110708772
473,-63.3234406286811,-143.96957913886936,26.69365460831725
474,-63.6991111768601,-143.93601706286438,26.69360460138668
475,-64.07145426144169,-143.8986699682133,26.6935297914462
476,-64.44544457171327,-143.8612926572483,26.69319694164984
477,-64.82123238691287,-143.82528124716558,26.69258415924693
478,-65.19877013115406,-143.78774875308477,26.69173605647629
479,-65.57801028284948,-143.75224877766175,26.690517379872027
480,-65.95745017475886,-143.7189901230061,26.6889336229443
481,-66.33704220706696,-143.68273965337684,26.687112125465287
482,-66.714571414875,-143.64827897995343,26.68520918345591
483,-67.08529583404136,-143.61571631014263,26.68334724496269
484,-67.4538797565792,-143.58532034670012,26.681761732428942
485,-67.82885608289659,-143.559109311413,26.67997059110561
486,-68.21135846888492,-143.53654990274563,26.67784340126287
487,-68.59798277960174,-143.51918877701831,26.675423671268128
488,-68.98372139517619,-143.50784604380476,26.672915804061955
489,-69.35938900074491,-143.50067917148183,26.67035736420792
490,-69.73261304171547,-143.49463423735017,26.66738391148665
491,-70.104967903572,-143.49749341938144,26.664425677590373
492,-70.4764421912117,-143.51124900998798,26.66173659775552
493,-70.84861018677303,-143.532276119622,26.659353253695528
494,-71.22314765068907,-143.56050346534423,26.65694171084112
495,-71.59925380648791,-143.5970227967965,26.65441706717929
496,-71.97520437578058,-143.64015375473565,26.651988366927856
497,-72.3444890745032,-143.69106528547053,26.64966353544696
498,-72.70140820388251,-143.74761422144735,26.647332192622915
499,-73.05666241684884,-143.80986334146843,26.64500818456557
500,-73.41319237119407,-143.8774730208321,26.642745397215258
501,-73.77219642268875,-143.95282545271246,26.64054199591561
502,-74.13022037260309,-144.0392730242153,26.638560729174475
503,-74.48599293995377,-144.13332503838976,26.63675916483521
504,-74.83905381813355,-144.235371404894,26.635265236354225
505,-75.18671281088474,-144.34775829171244,26.63438338467595
506,-75.53333271847401,-144.4698106533496,26.63415600090545
507,-75.87845703528005,-144.601523466519,26.63450294073761
508,-76.21680990885218,-144.73954023879654,26.635172781263943
509,-76.55803003757876,-144.88942941883732,26.6357998974771
510,-76.90323586016186,-145.050723111549,26.636249270557045
511,-77.24522147541325,-145.2170466175756,26.63681021348257
512,-77.5759694568938,-145.38607944807583,26.637395273954667
513,-77.88801205222728,-145.55231645230486,26.63793213568449
514,-78.202895809009,-145.72105469152498,26.63833117063761
515,-78.52012815165565,-145.89913975465458,26.63885206892784
516,-78.83803713462169,-146.08746718431064,26.63956335146907
517,-79.15636561609115,-146.281808382358,26.64031206462251
518,-79.47075772507758,-146.4789401716561,26.64095273704088
519,-79.775688747291,-146.67631187147825,26.64140098881255
520,-80.0771120672082,-146.88167123730864,26.64164812268102
521,-80.37139680658325,-147.0892770385257,26.64163069586961
522,-80.6543649093138,-147.2932480211334,26.641265535597743
523,-80.94066819151139,-147.50826715916676,26.64073430281683
524,-81.22564832179435,-147.72923888307076,26.64005933383401
525,-81.507819737932,-147.9549758783201,26.63927741369916
526,-81.78981881200033,-148.18950547500248,26.638391553557184
527,-82.06870485011693,-148.43014615216194,26.63742449529756
528,-82.34360859965132,-148.67803241973988,26.63650885258124
529,-82.61722004189653,-148.94034146360795,26.63589612367788
530,-82.88797553013357,-149.20739019936943,26.63550506084201
531,-83.15240644675895,-149.4694473502489,26.63528440970428
532,-83.41192999255773,-149.73717789960222,26.63513444246183
533,-83.67212633394222,-150.0107159430882,26.635163255767647
534,-83.93284899384267,-150.28886157422724,26.635455147942373
535,-84.18663910217154,-150.56698378903718,26.63605944540764
536,-84.43651596785251,-150.84664427582538,26.636955721950663
537,-84.68187278026652,-151.1247313338313,26.638158391743524
538,-84.92866698034379,-151.4040266511065,26.63976870896046
539,-85.17822757397447,-151.68943549414195,26.6415844586748
540,-85.42944560660125,-151.978875019578,26.64353286921959
541,-85.68227027283787,-152.26523383222803,26.645568393713887
542,-85.93105831093601,-152.54784119019956,26.64770286675208
543,-86.17362798854988,-152.82589215052056,26.64989508485357
544,-86.42034746263234,-153.10418035509014,26.65204685268953
545,-86.66771526596335,-153.382848390664,26.65411411849162
546,-86.91333849652415,-153.65801482456823,26.65606996395701
547,-87.16487228476593,-153.9363842877188,26.65791039163292
548,-87.41745160898849,-154.21380957065867,26.65966478130275
549,-87.66958518266897,-154.48772736708176,26.66136705153257
550,-87.92457194529044,-154.76169543183073,26.66308443712058
551,-88.18073935094264,-155.03927158109977,26.664717341966533
552,-88.43718959420721,-155.31986467498868,26.66630209360053
553,-88.69366902209333,-155.6006589975352,26.66802831684469
554,-88.95118160615048,-155.878725205609,26.66977467861157
555,-89.20768631430745,-156.14877819974188,26.671549516806223
556,-89.46602214296792,-156.41913134764437,26.67340770718273
557,-89.72715794485953,-156.69295168984408,26.67523202839424
558,-89.99035376804498,-156.9678771516835,26.67711827045968
559,-90.2531222445998,-157.24129328447407,26.67930483681021
560,-90.5178461411242,-157.51716034081718,26.68171510431232
561,-90.78512461933748,-157.79507582917572,26.68433815426293
562,-91.05231812098202,-158.07027453224612,26.68719254382209
563,-91.31957566534814,-158.34456595520763,26.690192575941403
564,-91.58765427626952,-158.61654894074616,26.69329518921913
565,-91.85487810740509,-158.87951459392437,26.69656917375145
566,-92.12145016591616,-159.14252216303876,26.700107318810552
567,-92.38902339780144,-159.406160261114,26.70385738503979
568,-92.66241708290868,-159.6667410666645,26.707693101076185
569,-92.9393975797184,-159.93003858622257,26.71152274728507
570,-93.22012273017744,-160.19344924689446,26.715329226655783
571,-93.50555615625991,-160.44791629592171,26.719176313581794
572,-93.79367026052408,-160.69766668800813,26.722861687723046
573,-94.08401804812505,-160.9428740014562,26.726302127983462
574,-94.3791882759639,-161.18192826603877,26.729495825252663
575,-94.67958671232722,-161.41362202351,26.732418578319912
576,-94.98551768165186,-161.63693647985522,26.73510538355542
577,-95.29718404062858,-161.8491171255999,26.7376974854864
578,-95.61468723898255,-162.05056476878386,26.740107386914488
579,-95.93637431808524,-162.23985815933926,26.742262385302496
580,-96.25712154388049,-162.41182963000355,26.74419735972956
581,-96.58144393586348,-162.56828863792873,26.745340647461884
582,-96.91113139601067,-162.71020866705445,26.745722538628428
583,-97.2470956468064,-162.835975563763,26.745726671338424
584,-97.5873585038986,-162.9472646934887,26.74544504007922
585,-97.92994176163754,-163.0440635033267,26.74494250677447
586,-98.27286716837853,-163.12274714125445,26.744335614359905
587,-98.61415655103198,-163.18573304948157,26.743877000377378
588,-98.95367103034695,-163.2315798296494,26.74367215433152
589,-99.29486004272076,-163.25686841307825,26.743771185656627
590,-99.632911336789,-163.26950097636444,26.74425574522557
591,-99.96256471445402,-163.2770656857596,26.74504792073908
592,-100.29231175394553,-163.27191018694387,26.74611102091924
593,-100.6157606982697,-163.2536278901418,26.747477423378776
594,-100.93154203272132,-163.22320741367557,26.749253408593773
595,-101.24330840725138,-163.17708671827336,26.751535697828857
596,-101.54994389926388,-163.11499329675257,26.754635576075053
597,-101.85128114881084,-163.03911565909263,26.75863370973486
598,-102.1482319153108,-162.95025456770728,26.76357376617991
599,-102.44120388454064,-162.84867833614328,26.769611678258595
600,-102.72777186618606,-162.7351919667361,26.77683728143748
601,-103.00413291224952,-162.61113712750313,26.78533565324654
602,-103.27175991034623,-162.47732296485435,26.79488888578032
603,-103.5300384539786,-162.3319710157528,26.805301290530103
604,-103.77785259922652,-162.1724668304414,26.81638058578012
605,-104.01738224294212,-162.00317315779978,26.8275849696522
606,-104.25027652956928,-161.8247062836351,26.838791786178497
607,-104.47632936889796,-161.6358604211218,26.850509932492148
608,-104.69214360826606,-161.4385851486118,26.86290995977894
609,-104.89634973013116,-161.23309431035128,26.87582502950748
610,-105.08960587778634,-161.01979039138217,26.888880031996184
611,-105.270187441823,-160.7967255662544,26.9018506656254
612,-105.43613146315316,-160.56530353310217,26.914575184748315
613,-105.58510596606648,-160.32625802884152,26.92679368106316
614,-105.7186253825596,-160.08154654142186,26.938069768998723
615,-105.83404963725128,-159.83527696974224,26.948260834111693
616,-105.93829888741146,-159.58322689906802,26.957589279872835
617,-106.03062498328347,-159.32653419545517,26.96609087079222
618,-106.10947199994617,-159.06560639568997,26.97381245644961
619,-106.1779866898176,-158.8019234188281,26.980973453511805
620,-106.23495298679482,-158.53709940476773,26.9878873632988
621,-106.28053827552937,-158.2709582634185,26.99459214687647
622,-106.31616283531292,-158.00538243557634,27.00077789746754
623,-106.34294572551698,-157.73963568242254,27.006903816673404
624,-106.36073479405196,-157.4751266956508,27.01321227415684
625,-106.36810667253994,-157.21540909330938,27.01989209560957
626,-106.3641451300295,-156.9575958901795,27.02741634402025
627,-106.34915069492476,-156.70089721085907,27.03559455886236
628,-106.32159973544584,-156.44242609532793,27.044206410471688
629,-106.28453758853524,-156.18573610106455,27.05329116287474
630,-106.2382781368809,-155.93202211999602,27.06197071112537
631,-106.18185888149674,-155.678195955626,27.06942347874395
632,-106.1168047457095,-155.42760996583533,27.074826860116712
633,-106.04417523968986,-155.18125779419503,27.077113330665885
634,-105.9661501565396,-154.93584996278133,27.075239015330304
635,-105.87755512567055,-154.69071577225492,27.06778327446729
636,-105.77688940415584,-154.44625020891883,27.05359059717717
637,-105.66460956256702,-154.20601107597903,27.031995228153782
638,-105.54644795717452,-153.9697341928139,27.00164609338794
639,-105.42420588432664,-153.7362171265659,26.96185860245559
640,-105.2944291276998,-153.50734069877953,26.912804670462044
641,-105.15615075257352,-153.2796142359407,26.853230001293465
642,-105.00951911192914,-153.05164414199112,26.782684747322115
643,-104.85275694447016,-152.81993972592107,26.701237001970323
644,-104.68647292342416,-152.5846980152419,26.609354630724766
645,-104.5123257117333,-152.3479062401331,26.50753685898773
646,-104.3331545162277,-152.10949307007218,26.39650279301854
647,-104.1493144300103,-151.87200588226546,26.276530461777163
648,-103.96065899486264,-151.63683322589492,26.14854111897056
649,-103.76495448344306,-151.40437759208578,26.013546946782327
650,-103.5594630416124,-151.17121953701053,25.873298933236256
651,-103.34417894701636,-150.93616418733393,25.727628144159105
652,-103.12341437475912,-150.7021656094521,25.573931242606296
653,-102.89483413952888,-150.46942503701035,25.41385031161468
654,-102.65873870908064,-150.23715753729508,25.250901907581387
655,-102.41502338326244,-150.0034193619876,25.088759331221844
656,-102.16596943593689,-149.77270732142148,24.930996615517667
657,-101.91248035174884,-149.54523518739197,24.779059318534426
658,-101.65262672194116,-149.31885807464317,24.633128715678257
659,-101.38189360522408,-149.09787170616508,24.494261069403613
660,-101.10163530048264,-148.88228863128293,24.36288750964668
661,-100.81920597107413,-148.66976258214342,24.23971669900328
662,-100.53450420588874,-148.46163519830043,24.12373753938628
663,-100.24692707056508,-148.25890015626396,24.013450214675995
664,-99.95378434019678,-148.0602787959267,23.90764010360635
665,-99.65188172391524,-147.86328921106443,23.80469258031817
666,-99.34075702335132,-147.66552914856396,23.7015064703974
667,-99.0242658687919,-147.466600334981,23.594847017347785
668,-98.69961667240788,-147.26979233873908,23.48215721060844
669,-98.36756080587996,-147.0762975405988,23.36206732051724
670,-98.03093754632704,-146.88940538785957,23.23402688619944
671,-97.68721199657529,-146.70321206516132,23.093718738170924
672,-97.33502988175046,-146.5171214710392,22.938451999933708
673,-96.97408691786804,-146.3337481174255,22.76669683995132
674,-96.602301499422,-146.1491317320823,22.579040356084125
675,-96.22177928910196,-145.96346098617153,22.373964611217023
676,-95.8374886786524,-145.77914911340278,22.148628988659222
677,-95.44405231079492,-145.59478739376175,21.90692780347169
678,-95.04057232050306,-145.4089670709134,21.65179140672584
679,-94.63049971038274,-145.22027933354366,21.38603438818044
680,-94.2146999514649,-145.03113736649905,21.111231580618124
681,-93.79198039325162,-144.8417298057952,20.829195969905715
682,-93.36041477129255,-144.64809638619357,20.540147867512225
683,-92.92325127770414,-144.45285151379798,20.245160187129795
684,-92.48171101813564,-144.25638498938355,19.948076330252
685,-92.03802888016531,-144.05493766846598,19.65206324397418
686,-91.58977268489052,-143.84857244434406,19.35821404155604
687,-91.13710980378868,-143.640476402524,19.0705848565606
688,-90.68267656394424,-143.4352092358815,18.79343741918988
689,-90.22225907319536,-143.22982105070434,18.52963269159154
690,-89.75737516019757,-143.02252070997378,18.281939596507435
691,-89.29223355040233,-142.81250317520937,18.05126239933034
692,-88.82744608429093,-142.60278532549162,17.841008869061362
693,-88.36227091294259,-142.39415949952172,17.65398795696714
694,-87.89752270260492,-142.18326907644737,17.49252731904672
695,-87.43203609942915,-141.96951036158754,17.355973726957757
696,-86.96552200048674,-141.7534795501109,17.243973546319324
697,-86.49843695349868,-141.53906982103013,17.15738847689977
698,-86.0312374392482,-141.32373378057284,17.096038259131262
699,-85.56528730866167,-141.10826887475827,17.05826470373248
700,-85.10444355171686,-140.89891450851513,17.039801671676674
701,-84.64272141182644,-140.6862761314327,17.0385019711643
702,-84.17983180161454,-140.46956394220487,17.05131508940527
703,-83.72105063835197,-140.25239864788625,17.074706757087593
704,-83.26251916518865,-140.03182625999415,17.106750727268945
705,-82.80425455315131,-139.80904171982598,17.144644334024445
706,-82.34539268837543,-139.58746455892089,17.185152054777113
707,-81.89181806029598,-139.36393942756004,17.226942857927156
708,-81.44354591227358,-139.13847391539036,17.268071558275615
709,-80.9945915594727,-138.912141361082,17.3095079238031
710,-80.54931594997304,-138.68588089581326,17.349056457248704
711,-80.11015382941336,-138.4616974063557,17.38512569006445
712,-79.67761373789514,-138.24475860196117,17.418846700237843
713,-79.24971682397867,-138.0309047049248,17.447949895426802
714,-78.82850026444574,-137.819916878982,17.47080855128678
715,-78.42137439641662,-137.6132041725086,17.48673024387163
716,-78.03094133239439,-137.41356885781164,17.495980011360427
717,-77.65910034162995,-137.2229013302323,17.499049451722282
718,-77.30245233667696,-137.03828616591252,17.494144358280842
719,-76.96266805576809,-136.8648910846934,17.48139132662663
720,-76.64232486127166,-136.7033323602861,17.461077244669276
721,-76.34345165045502,-136.55159922526462,17.43320545800459
722,-76.06528571211084,-136.41385320986865,17.398120218923932
723,-75.8087457516229,-136.28970438570448,17.356477373265708
724,-75.57484618646616,-136.17613576641162,17.30906510551329
725,-75.36587139603519,-136.06972785285393,17.257389446320065
726,-75.18106431801431,-135.9700831745035,17.20268462705295
727,-75.01966733568554,-135.88384774954815,17.14607027190437
728,-74.87813108781737,-135.81082454262048,17.08872317068595
729,-74.75478547546717,-135.74862378570757,17.032143668762508
730,-74.65288054417834,-135.69651170265263,16.978416164022455
731,-74.57089456115779,-135.65073345560927,16.927756582328048
732,-74.50578983231499,-135.60949047045165,16.880249922962633
733,-74.45142700559599,-135.57486485193124,16.835030316385723
734,-74.41089955249765,-135.54591745817993,16.791085766523516
735,-74.3811583879927,-135.52144089044984,16.747243704911927
736,-74.35459759214635,-135.49995946429496,16.702739275011186
737,-74.33375395085295,-135.4797290872742,16.655917082434836
738,-74.3182965004083,-135.458951197599,16.60489282926353
739,-74.30832860703835,-135.43769709763066,16.548209853077065
740,-74.30373523809176,-135.4205471509936,16.485991121891935
741,-74.30351590671478,-135.40839440973414,16.416935956632525
742,-74.30371517974699,-135.3977185103338,16.337161550868363
743,-74.30362043748634,-135.39139976014349,16.245896894710253
744,-74.30290642953021,-135.3901198785497,16.14281168568483
745,-74.30279237099009,-135.38978441118817,16.027657283453955
746,-74.30231456387915,-135.39273954794152,15.89914226684638
747,-74.30206075785965,-135.39897269904233,15.757553602532797
748,-74.30588648087155,-135.40418811548227,15.603828683079744
749,-74.31069576612346,-135.41328355226003,15.43883257927823
750,-74.31572394041004,-135.4258489482858,15.264276320177558
751,-74.31949681595503,-135.43826360062403,15.081435506768791
752,-74.3205402275651,-135.4507287147041,14.89275939274174
753,-74.31974242486346,-135.463231637243,14.701404911285708
754,-74.31902955859573,-135.47362150776664,14.510301339011876
755,-74.31753931590941,-135.48250033436034,14.321820276359064
756,-74.31525643778686,-135.48944543791455,14.139212002926268
757,-74.31314333931573,-135.49318219642515,13.966022539974531
758,-74.30947542284414,-135.49532302750563,13.804918364338128
759,-74.30182363883647,-135.49346557224104,13.658213718838962
760,-74.2854687859104,-135.48311711009006,13.527128413112134
761,-74.26365461256634,-135.46649377575184,13.412467064937664
762,-74.23801501947469,-135.44278302474035,13.314729913948218
763,-74.20738019355744,-135.4102407724487,13.233613218151431
764,-74.17007630099047,-135.37121319172357,13.168963369553651
765,-74.12473384517439,-135.32707631201532,13.119856623716284
766,-74.07028766200739,-135.2764843951959,13.083438303437772
767,-74.00597687723112,-135.21467222347772,13.058139189465829
768,-73.93209062875863,-135.14142600726296,13.042368735420933
769,-73.85009866672544,-135.0591590156797,13.033814121614515
770,-73.75690497117505,-134.9641122741039,13.0305816172781
771,-73.65295655673563,-134.85707818733263,13.031907513246098
772,-73.5407883364637,-134.74147617098066,13.038139838549196
773,-73.41547957307324,-134.61455354335695,13.044437095333722
774,-73.27733463620538,-134.47690904425409,13.048597211964449
775,-73.13188300579115,-134.3284714174502,13.047083038445376
776,-72.9771983802541,-134.1721903294854,13.051132605954011
777,-72.81344229843889,-134.01025901409602,13.075701003108671
778,-72.64431922244542,-133.84428692736765,13.142427469474905
779,-72.46688657114183,-133.6724645954141,13.251178817306014
780,-72.28326529841644,-133.49539589790623,13.393654736735463
781,-72.0991847472592,-133.3160980263404,13.556078847855456
782,-71.91002847647087,-133.1314157333686,13.73739145739966
783,-71.71475224622458,-132.94154527006702,13.936237669685324
784,-71.5141676399286,-132.74601290589442,14.150855759245786
785,-71.30928915748932,-132.5473660501365,14.380246094945983
786,-71.10133417616325,-132.34520980155602,14.622156244294036
787,-70.89172292318854,-132.13410982194475,14.873554559305491
788,-70.67918871831068,-131.9180936573474,15.126320221869372
789,-70.46344249451606,-131.6981600585421,15.376570534739972
790,-70.24504224568751,-131.4743761746684,15.62077990773054
791,-70.024647280035,-131.24050257962864,15.862102342564835
792,-69.80301843551732,-130.99694172759783,16.101816888483544
793,-69.5810180556801,-130.7507379082189,16.341539652773054
794,-69.35463833088785,-130.4960542730695,16.58205826000201
795,-69.12479227692828,-130.23270970427868,16.823062630008774
796,-68.89731371299169,-129.96600603685863,17.06532456601562
797,-68.66819491955319,-129.69480468367044,17.30520274031112
798,-68.43760330921344,-129.42131177707623,17.54201285723994
799,-68.2097507965929,-129.1531752076129,17.78168879111315
800,-67.98387756189325,-128.8824086969521,18.039479015806258
801,-67.75850745133442,-128.6086447799282,18.32558308198456
802,-67.53105610096092,-128.33476784164907,18.645533966229685
803,-67.30649652369698,-128.063528608618,18.97706144003584
804,-67.08726738511061,-127.79655739875712,19.30677921084876
805,-66.87631390856062,-127.53419148643644,19.623939570277265
806,-66.66932516880208,-127.27649946781548,19.93838125814937
807,-66.46738155064543,-127.02550628753596,20.252391667712946
808,-66.27682413154454,-126.7871175673706,20.563405036565243
809,-66.09663652903032,-126.55764305609188,20.87024545750052
810,-65.92788965390953,-126.33829777414527,21.17135100194632
811,-65.77215597059019,-126.1331049175586,21.464681045311167
812,-65.63060215648716,-125.94293242222656,21.745911238494287
813,-65.5032434526262,-125.76918398111714,22.01359654689044
814,-65.3888129832422,-125.6097774874037,22.27233617918473
815,-65.29050811628126,-125.46484693502656,22.52898934269739
816,-65.20862744536261,-125.33518966549563,22.787396888928285
817,-65.1421565374093,-125.22436347492288,23.04812660680388
818,-65.08967513220459,-125.12894895712152,23.309825010292588
819,-65.05026449628312,-125.047348760033,23.572337897064987
820,-65.02509318210495,-124.98171198173736,23.83527505280813
821,-65.0100539469755,-124.93378532938948,24.09576270019918
822,-65.00241725033545,-124.90076403400364,24.352679461371977
823,-65.00228638050066,-124.87721620712094,24.607130019660502
824,-65.00737875968201,-124.85730752530158,24.858650518578028
825,-65.01585313423493,-124.83921173783207,25.106774051872183
826,-65.02644023537059,-124.8293049135008,25.34998751605115
827,-65.03847621465822,-124.82450136371487,25.587214443618663
828,-65.05102900764169,-124.82158121222184,25.81883341144416
829,-65.05998808745278,-124.81719037671128,26.04893952716899
830,-65.06601156723869,-124.8116625414049,26.27945475042064
831,-65.0704328114501,-124.8041725919273,26.51087576044092
832,-65.07710740556622,-124.7929093735693,26.740160634789017
833,-65.08004940295507,-124.77881453427982,26.969851555134493
834,-65.07744796997778,-124.75988068017612,27.20096049137728
835,-65.07153680687843,-124.73517285752382,27.43346291039795
836,-65.06454961765905,-124.7038902787525,27.66680699796584
837,-65.05558289937632,-124.6644280668276,27.89989126161737
838,-65.04205107343505,-124.61839870372718,28.13252170482177
839,-65.02714839825569,-124.56493010211965,28.365218876013746
840,-65.01238704036685,-124.50341851736182,28.598272932894474
841,-64.99614197209436,-124.43352857851356,28.830800155705145
842,-64.97886971112364,-124.35519322616652,29.06153996832644
843,-64.96102678185206,-124.26959980167337,29.289659763738687
844,-64.94306971628873,-124.17936277816456,29.514815761722293
845,-64.92545498208555,-124.0809243488884,29.73762090631056
846,-64.908639079693,-123.97407823129018,29.95837769670751
847,-64.89307850235956,-123.85794816942251,30.17749997571549
848,-64.8771482280594,-123.7319262880896,30.39365328885804
849,-64.86236045590817,-123.59879726579116,30.60670055704568
850,-64.85190948725376,-123.46298671410013,30.81710975342153
851,-64.84112814619225,-123.3216789249962,31.026787198852062
852,-64.82942294053531,-123.17249922236654,31.23707026766543
853,-64.82014344854758,-123.01316849463056,31.448851564849647
854,-64.8165378703999,-122.84811655757632,31.66190236198853
855,-64.8186157136953,-122.67775846155914,31.876883838087508
856,-64.82460292516389,-122.50041886464216,32.09481106727854
857,-64.83262403920885,-122.32113128719531,32.318939473991826
858,-64.84238422110455,-122.14070067357798,32.55066975939796
859,-64.85662437871667,-121.9557033782286,32.789503270479926
860,-64.87382091906773,-121.76667184655736,33.036767320259216
861,-64.89457874467122,-121.57619708849924,33.291225923389035
862,-64.91859039320381,-121.3850799584281,33.54874310393487
863,-64.94742695461979,-121.19043341929238,33.811508764478184
864,-64.98093627792007,-120.9936535967976,34.07911549146645
865,-65.01724294229341,-120.79849538075672,34.34975391048552
866,-65.05715847187258,-120.60227299917578,34.62480648819043
867,-65.1020371712694,-120.40559772150306,34.903853059904705
868,-65.15390670373449,-120.21028072249555,35.186093677950275
869,-65.2097217946058,-120.01431129982376,35.47072700022484
870,-65.26872730764813,-119.817903275083,35.7579853495331
871,-65.33087255414992,-119.6254194033044,36.04817616969283
872,-65.39590393091098,-119.43464775722806,36.33826467696146
873,-65.46427224369509,-119.24560092500712,36.62744290734907
874,-65.53871844932931,-119.06244037911377,36.916780324123735
875,-65.61691054673288,-118.88275291179316,37.20627176095278
876,-65.69809718781224,-118.7051499521188,37.49629139359399
877,-65.78456279535082,-118.52909483767434,37.78666704542067
878,-65.87640882535011,-118.35773865217418,38.0789991683946
879,-65.97272796475919,-118.19088769677104,38.37396525142843
880,-66.07001837839088,-118.02290636857964,38.67275621086692
881,-66.16954689806049,-117.8582873653624,38.97624443976375
882,-66.2723482854052,-117.699030519855,39.2843231657797
883,-66.37948644038104,-117.54271842845304,39.59555519792079
884,-66.48913532371958,-117.3866653729304,39.90971917922586
885,-66.60037623923185,-117.2322800628205,40.22633334795272
886,-66.71478355510506,-117.08506562997331,40.54435988975786
887,-66.83114307458295,-116.94368213074657,40.86461301670331
888,-66.9467252953121,-116.80874590066206,41.18652902871013
889,-67.05874053848565,-116.6847539297344,41.507512382914925
890,-67.16739040029869,-116.5693600533151,41.82842329753962
891,-67.27145755155996,-116.4621744003505,42.14784994129412
892,-67.36830575991345,-116.3666877798912,42.461565988295234
893,-67.4574817045602,-116.28336977809978,42.7685000179249
894,-67.53792403114895,-116.21242167085596,43.06723316802633
895,-67.61100416014025,-116.15377637032752,43.35741850457596
896,-67.6730926255016,-116.10709860540528,43.63365009933304
897,-67.72747239395915,-116.06971995165776,43.898918288836384
898,-67.77525078453152,-116.04107584539628,44.15470034431561
899,-67.81637712169969,-116.02319740487036,44.39845832077616
900,-67.85025794836129,-116.01537463251336,44.629956972329815
901,-67.87562642584004,-116.01572924009533,44.85157103471148
902,-67.89628865813222,-116.02211465400453,45.061076766763655
903,-67.91376059078968,-116.03211594872904,45.25904145779694
904,-67.92885376282365,-116.04304989572894,45.44537216603148
905,-67.9405010842698,-116.05303406536578,45.61971199726931
906,-67.95022991918172,-116.06304189635615,45.784977393560894
907,-67.96057636127397,-116.0751510852295,45.94656315892122
908,-67.97128804776288,-116.08748337951964,46.10442690753395
909,-67.98298885340499,-116.09824018235702,46.25825381560521
910,-67.99704829587266,-116.10762692551457,46.40757772994147
911,-68.01483594609418,-116.11953682259887,46.550188154088936
912,-68.03681402436966,-116.13357998776802,46.684766007326
913,-68.06095170374395,-116.14700782666642,46.81068523915718
914,-68.08719831226144,-116.16351231165535,46.92644005393478
915,-68.11540168595171,-116.18250231308268,47.03114588924108
916,-68.14530819484017,-116.20102798558426,47.1237896719184
917,-68.1794527044105,-116.21982718265672,47.20485318226371
918,-68.21784092191125,-116.23950362043728,47.27480819740982
919,-68.25636368689922,-116.2605269043446,47.33346779224598
920,-68.2977619459311,-116.28598521722138,47.38143231595425
921,-68.34279745644272,-116.31468364251424,47.42076236768289
922,-68.39272554374628,-116.3439684455714,47.45473219496415
923,-68.44686057707062,-116.3773465509044,47.47928483619772
924,-68.50429905512635,-116.41532671452607,47.49531467151247
925,-68.56225246266595,-116.4559113945806,47.50476363383793
926,-68.6235092838424,-116.49903349891552,47.506836211050775
927,-68.68897300373966,-116.54449176027371,47.50246717576173
928,-68.75620698852492,-116.59195072513748,47.49567949021439
929,-68.82673479864772,-116.6409407870248,47.488003575014496
930,-68.89964720736027,-116.69205808233956,47.48219563193561
931,-68.97464303807713,-116.74906156110862,47.48254422999455
932,-69.05212808354281,-116.80913557916574,47.485498233864256
933,-69.13240667025272,-116.8695030285039,47.48948034626276
934,-69.21568166359259,-116.92707988719226,47.4940912963349
935,-69.30205457759071,-116.98891045077846,47.49917363520942
936,-69.39227104985497,-117.05638328140373,47.50458406418229
937,-69.48785145614416,-117.1254039418783,47.51003304342628
938,-69.5853447509707,-117.19556578988733,47.5155120855565
939,-69.68369147952292,-117.26825237242352,47.52096274367377
940,-69.78263802322809,-117.3427886935468,47.52640870390236
941,-69.88287005370223,-117.41561277085256,47.53183810210477
942,-69.9827353482618,-117.49383515288244,47.53741058785749
943,-70.08220507174293,-117.57889303824628,47.54321064071125
944,-70.1855877825597,-117.66924437726932,47.54895389750116
945,-70.29024526310029,-117.7639911583755,47.55447131644663
946,-70.39013355438738,-117.8588713097873,47.5598138638963
947,-70.4924511704071,-117.95599612360202,47.56485634425942
948,-70.59567832991617,-118.05477195528844,47.56942957458531
949,-70.69415341299592,-118.15279989225392,47.57352699581792
950,-70.78886491696073,-118.25430431979188,47.57723837138021
951,-70.8834515855176,-118.36230633968886,47.58067139651818
952,-70.97841492639256,-118.47554399456573,47.583832871094
953,-71.07345056705343,-118.59039661424823,47.58682718805288
954,-71.16796871215658,-118.70830769225525,47.58971803535025
955,-71.25839008432949,-118.8290051660026,47.59258931567467
956,-71.34434424076211,-118.95154991380556,47.59536375314126
957,-71.4296272715333,-119.07355928107822,47.59810202239585
958,-71.5138742856529,-119.194658037569,47.600924421064256
959,-71.59490520456745,-119.31933808587516,47.60376037625111
960,-71.67339336021315,-119.44640958024048,47.60652962156648
961,-71.75005040509085,-119.57070060653486,47.60916662323804
962,-71.81985738629264,-119.69757430052007,47.61173726514731
963,-71.88455026118201,-119.82457339964944,47.61434272854297
964,-71.946712103098,-119.95411906715024,47.61696204991813
965,-72.00301765200147,-120.0785956035144,47.61942793718067
966,-72.0566006475775,-120.20137586644128,47.6219510552836
967,-72.10762632158894,-120.32938172319624,47.6246668543867
968,-72.15733826944802,-120.45636964317931,47.62750531333176
969,-72.20252989257486,-120.58475497512696,47.63050996714508
970,-72.24116594683636,-120.71472514552669,47.63366613592952
971,-72.28184386979443,-120.84124525641546,47.637030428799946
972,-72.31828203015083,-120.96953046171218,47.64057144606383
973,-72.34694727479959,-121.09908272547142,47.6441734280867
974,-72.36958860007189,-121.23164528539566,47.64785538016972
975,-72.39097649721646,-121.37011009910562,47.65185259306676
976,-72.41104247131257,-121.51268611531492,47.65627239593356
977,-72.42537296427474,-121.65420565787848,47.6613088773272
978,-72.436708884806,-121.79332289042794,47.667284690746406
979,-72.44527421905497,-121.93121633604092,47.67397733057981
980,-72.44996528445104,-122.0687886611839,47.68121813524659
981,-72.45105675704279,-122.2045640849624,47.6893478042392
982,-72.44876405024627,-122.33773388169682,47.69753838935785
983,-72.43737929956957,-122.46920497031266,47.70486414824252
984,-72.42145580058128,-122.59673096022291,47.71063439790911
985,-72.40257420494287,-122.71871200483808,47.71281902281184
986,-72.37885879692084,-122.83984128714548,47.709194129381565
987,-72.35208230545717,-122.95569821104904,47.6983225049205
988,-72.32299604807042,-123.06330065191626,47.6786019978261
989,-72.28931562640986,-123.16328718442271,47.64853047825686
990,-72.2502190366812,-123.25678688401844,47.60716851287484
991,-72.21124715015438,-123.34874144452608,47.55401283276856
992,-72.17389088234168,-123.43693468911874,47.48854097282683
993,-72.13458464697503,-123.52479032314962,47.40834820540899
994,-72.09295515337847,-123.6121033343233,47.31350446155989
995,-72.05140032783942,-123.69195923432986,47.21107856857933
996,-72.00819899504246,-123.76694197155044,47.0973371862203
997,-71.9599188876752,-123.8433856767272,46.97139813031046
998,-71.91039236813008,-123.91772831018932,46.83465474508239
999,-71.8599106255754,-123.9899830910359,46.68625847492168
1000,-71.80855686158449,-124.06044493184298,46.52781350747315
1001,-71.75578525302443,-124.12825780898716,46.36571130517917
1002,-71.70316168616762,-124.19022723094378,46.19863746358885
1003,-71.65113601835871,-124.24774175685316,46.026786084906654
1004,-71.59747461425293,-124.30784569555271,45.85059235306102
1005,-71.54150488945872,-124.36745502163964,45.67028095089518
1006,-71.48315214196262,-124.42477863798943,45.488269349271775
1007,-71.42410429153948,-124.4791456685276,45.30730650989681
1008,-71.36607940302225,-124.53001944938912,45.12749826137554
1009,-71.30893383415511,-124.57601137918394,44.95060453557976
1010,-71.24896415554193,-124.61470824140292,44.77809071291443
1011,-71.18889816847809,-124.65027150047086,44.61096199962341
1012,-71.12956851169159,-124.68369978149406,44.45066897257579
1013,-71.0695408029427,-124.71492594881023,44.30070786777764
1014,-71.0091490259676,-124.7440170893374,44.16057293504401
1015,-70.95021349791966,-124.77117443392775,44.0298935445668
1016,-70.89694611165328,-124.79673335092536,43.90831231641492
1017,-70.84569733596953,-124.8211633701376,43.79938067697374
1018,-70.79550138277796,-124.84386833828096,43.702301473403736
1019,-70.74979706762356,-124.86108921819806,43.61593423332847
1020,-70.70866480291572,-124.87361972673703,43.536651812743656
1021,-70.67069288794082,-124.8865992316256,43.4570134822481
1022,-70.6371249348391,-124.89959036817312,43.38066669105517
1023,-70.60806237594181,-124.90984453338368,43.30640655725046
1024,-70.5837320234266,-124.91568576345202,43.2340033510203
1025,-70.56488249609178,-124.91773806876908,43.16551366642502
1026,-70.55098554902105,-124.92020220654275,43.09887457363968
1027,-70.53927510765482,-124.92280977645846,43.02876480632569
1028,-70.52876431322954,-124.92945393661776,42.95719548349115
1029,-70.52219406683575,-124.93758727033148,42.88446414979245
1030,-70.51993763410904,-124.94582119115076,42.811343800739365
1031,-70.52198276621924,-124.95375314536012,42.74142347521651
1032,-70.52704031431905,-124.96098066969267,42.67430961623717
1033,-70.53232893205599,-124.96710131747024,42.6094957410294
1034,-70.53772273242362,-124.97171255788204,42.54945650191857
1035,-70.54484360815962,-124.9782338091732,42.494090056385744
1036,-70.55375671286829,-124.9878599346457,42.4438367047073
1037,-70.56191175584344,-124.99763686398008,42.40044832379223
1038,-70.5689240410686,-125.00736336982725,42.363381395614994
1039,-70.57620258080294,-125.01683825450198,42.32969963084373
1040,-70.58359519053573,-125.02586025213768,42.30070569586533
1041,-70.59094971961528,-125.03422815707276,42.27464078527828
1042,-70.59811402677478,-125.04174078029354,42.24889567805533
1043,-70.60493599146476,-125.05232612841168,42.22258866863996
1044,-70.61126343600503,-125.06103875430648,42.19226406281127
1045,-70.61694420427263,-125.06607885562082,42.15526217099036
1046,-70.62182613035633,-125.0674464378464,42.11138055575844
1047,-70.62575706398322,-125.06514153417798,42.05900321050368
1048,-70.62858485262329,-125.05916417383249,41.99671580934903
1049,-70.63015734079262,-125.04951438079944,41.923368577602
1050,-70.63032240986102,-125.04001409510684,41.8378166928507
1051,-70.62967353759561,-125.03226067841464,41.73949601261432
1052,-70.62968039192683,-125.02370254089912,41.6283086224154
1053,-70.6298325683671,-125.01454091535491,41.50496083332569
1054,-70.6304305944133,-125.00497702957006,41.37001693493221
1055,-70.62954509875703,-124.9952121300764,41.2241847287848
1056,-70.62732823351776,-124.9854474251618,41.06909278892765
1057,-70.62393216117957,-124.97588414152531,40.90543163495082
1058,-70.61950902876399,-124.96672347838108,40.7352933055454
1059,-70.61421099429035,-124.95816665451872,40.55977431286515
1060,-70.60819021022802,-124.95041487886068,40.38047241107238
1061,-70.60159883703415,-124.94366937454598,40.19826095135179
1062,-70.59458901351738,-124.93813132614288,40.015978886259504
1063,-70.58731287117688,-124.93400190527528,39.83712448867997
1064,-70.5799225427145,-124.93148228572704,39.66508625171328
1065,-70.5725701704892,-124.9307736584553,39.50238087820243
1066,-70.5654078979451,-124.9320772163124,39.35142761882804
1067,-70.5585878567244,-124.93559413112294,39.215714846268725
1068,-70.55226220649514,-124.93972579932824,39.09462102373522
1069,-70.54658313741201,-124.93972806501144,38.98201943740307
1070,-70.54170282232924,-124.93973009363336,38.88109975527595
1071,-70.53777344115821,-124.93973190445516,38.7908055564758
1072,-70.5349471767583,-124.93973352197152,38.70981402677847
1073,-70.5333762109064,-124.93973496877072,38.63689940212749
1074,-70.53321272740239,-124.93973627099466,38.57065634464942
1075,-70.5353545405035,-124.939737458122,38.50914328005116
1076,-70.54157569991315,-124.93973855080743,38.45043622814977
1077,-70.54589029821567,-124.93973962649996,38.39353126473674
1078,-70.54648755431853,-124.9397407400324,38.33652583522528
1079,-70.54560119965662,-124.9397419210452,38.276813585876646
1080,-70.54338340866633,-124.93974317903606,38.21383442260462
1081,-70.53998636784276,-124.93974454498874,38.14593494611205
1082,-70.5355622729036,-124.93974606631788,38.0706261549465
1083,-70.53026330180779,-124.93974775876966,37.98703182105123
1084,-70.52424163300128,-124.93974963900315,37.8942291392445
1085,-70.51764943179106,-124.93975170032904,37.79248346262334
1086,-70.51063884268713,-124.93975389897048,37.6839486808469
1087,-70.50336201797658,-124.93975620505655,37.57007157807281
1088,-70.49597111047665,-124.93975858973307,37.452247657569
1089,-70.48861827770538,-124.93976103241272,37.33145128056801
1090,-70.48145569708483,-124.94074961662784,37.207714088292256
1091,-70.47463557080677,-124.94486926839107,37.07983619550745
1092,-70.46831002449449,-124.947824306637,36.94793444934759
1093,-70.46263120917654,-124.94861605309558,36.812698904167824
1094,-70.45775128066406,-124.94744572264786,36.675432101745336
1095,-70.4538224161898,-124.94451456813012,36.53550245165501
1096,-70.45099678667347,-124.94002383120612,36.39284728539206
1097,-70.44942656296317,-124.93417475341032,36.2474101331598
1098,-70.44926391545994,-124.92716857550865,36.09917804442672
1099,-70.45066101338577,-124.9192065361558,35.94824341650417
1100,-70.45377002775109,-124.91048987720684,35.79453518513631
1101,-70.45585320050327,-124.90121986857125,35.63797246151814
1102,-70.45660048646405,-124.89159774676828,35.47898461035523
1103,-70.45971528087212,-124.88182471256502,35.317853253184296
1104,-70.46194941419913,-124.8721020198288,35.15556309167339
1105,-70.46254774800425,-124.86263090921052,34.99255127745087
1106,-70.46166245444441,-124.8536126246112,34.82864586061334
1107,-70.45944569386677,-124.84524838885504,34.66474603664552
1108,-70.45604963167621,-124.83773943378772,34.50129351991377
1109,-70.45162644130238,-124.83128700558136,34.338001741010544
1110,-70.44632828834091,-124.82609233639592,34.175295939833234
1111,-70.44030734259802,-124.8223566658833,34.013219905575504
1112,-70.43371577646117,-124.82028123832816,33.85158259385962
1113,-70.42670576640941,-124.82006730529,33.689823484211765
1114,-70.41942947591082,-124.82093002579184,33.52770203650012
1115,-70.41203906006345,-124.820925744753,33.36472631180422
1116,-70.40468669804841,-124.82072947026536,33.20049834699053
1117,-70.39752455134052,-124.81994374321631,33.0352948353142
1118,-70.39070480845584,-124.82112013446704,32.86951738544396
1119,-70.38437963811973,-124.8240574045254,32.70296189831355
1120,-70.37870121229666,-124.8285543196802,32.53512854153163
1121,-70.37382170183477,-124.83440964430308,32.36561450270004
1122,-70.3698932667127,-124.84142212337628,32.19500818844234
1123,-70.36706807984685,-124.8503765944554,32.02358488819911
1124,-70.36549832771847,-124.86321671866224,31.8513996373918
1125,-70.36533613455984,-124.87544556982962,31.678535718619187
1126,-70.36673365258973,-124.88586323202718,31.50541590552309
1127,-70.36984303810038,-124.89446968219303,31.333142316104883
1128,-70.37192653068277,-124.9012649505091,31.16151780738716
1129,-70.37192845980717,-124.9062490427398,30.990766245979973
1130,-70.37193036070664,-124.90942193675204,30.82099602270232
1131,-70.37193220003117,-124.90803079510148,30.65282842642032
1132,-70.37193399129468,-124.90347173546716,30.48625600984548
1133,-70.3719357736947,-124.89936544761628,30.320885139371576
1134,-70.37193754109438,-124.8955106820196,30.157094996664
1135,-70.37193929214448,-124.89170619758949,29.99483182800597
1136,-70.37194103394118,-124.88775076821518,29.833277045468392
1137,-70.3719427672815,-124.883443156669,29.672183889722604
1138,-70.37194449717482,-124.87956820312738,29.511782007630003
1139,-70.37194623568017,-124.87806956014876,29.352671934162288
1140,-70.37194798479288,-124.87827224085282,29.19408364994245
1141,-70.37194974868005,-124.88057369835006,29.03598667512359
1142,-70.37195149077003,-124.8824223293566,28.87947431021474
1143,-70.37195321724991,-124.88401938366728,28.724157278895955
1144,-70.37195492887577,-124.88556610136384,28.57014242784486
1145,-70.37195662720497,-124.88726372391298,28.417466017043456
1146,-70.3719583108139,-124.88931348752592,28.266433546183944
1147,-70.37195997907425,-124.89191662981116,28.117278206808063
1148,-70.37196163617355,-124.89527439691813,27.96979700093368
1149,-70.37196323893859,-124.89576609263176,27.824744604707423
1150,-70.37196477471839,-124.8919956010417,27.682050592754656
1151,-70.3719662760444,-124.88671575756491,27.54116758499142
1152,-70.37196774051876,-124.87992655790964,27.40231145646409
1153,-70.37196915632487,-124.87064191080329,27.265693177885
1154,-70.37197049566883,-124.85671689630676,27.131964009213064
1155,-70.3719718012409,-124.8424472007108,27.000998595940505
1156,-70.37197309977975,-124.8300314052064,26.87228981228827
1157,-70.37197444483017,-124.82376521339536,26.74473024288748
1158,-70.37197582319891,-124.82150373246608,26.61764457176524
1159,-70.37272285399055,-124.82226087323484,26.49079790140196
1160,-70.37583740166947,-124.8260366219712,26.3640916291724
1161,-70.3780713209627,-124.83558382485307,26.23814096271006
1162,-70.37866945498739,-124.84852028800724,26.11271259133657
1163,-70.37778392081252,-124.85908042508922,25.9874469239417
1164,-70.37556691541118,-124.87069205575742,25.86275198137516
1165,-70.37217059804068,-124.8815616213638,25.737905244899093
1166,-70.36774713912786,-124.89062004085233,25.611805084768644
1167,-70.36244871064027,-124.8978673188664,25.484139732644262
1168,-70.35642747899865,-124.90330345015246,25.355102626062592
1169,-70.34983560228349,-124.90692841457168,25.22564700084664
1170,-70.34282526064014,-124.90874223129916,25.09472182692547
1171,-70.3355486182867,-124.90775882050752,24.961860847298524
1172,-70.32815782248784,-124.90183327148556,24.82712502707944
1173,-70.32080507618093,-124.89526125600509,24.69114073290944
1174,-70.31364255584,-124.88904143475295,24.554061896687347
1175,-70.306822435403,-124.88297257693591,24.41522882586383
1176,-70.30049686712464,-124.876853413114,24.27594828997753
1177,-70.29481800775355,-124.87048268187031,24.1371187442552
1178,-70.28993801937385,-124.86365913131498,23.99915435960953
1179,-70.28600910389731,-124.86000344106242,23.86219302236793
1180,-70.28318344141508,-124.86091172442664,23.72641077918788
1181,-70.2816131738749,-124.86363115318996,23.59182385591322
1182,-70.28145046349397,-124.86816171448427,23.459010968771192
1183,-70.28284746257475,-124.87351730696103,23.32859188761479
1184,-70.28595630685847,-124.87755299887,23.201678850831733
1185,-70.28803927576641,-124.8845645107664,23.077874274318745
1186,-70.28804070061159,-124.89435061579682,22.956931885518507
1187,-70.28804208529328,-124.90221314218007,22.83796097968729
1188,-70.28804347694103,-124.9137164281606,22.721536492164567
1189,-70.28804488465052,-124.92984152921944,22.6076884768693
1190,-70.28804624926676,-124.94313747102105,22.495286448623546
1191,-70.28804757021408,-124.95534664550055,22.385903644537827
1192,-70.28804885453398,-124.96705265779924,22.279409223719945
1193,-70.28805010950902,-124.97785304310644,22.174789572789948
1194,-70.28805134890754,-124.98734534809486,22.070443673646054
1195,-70.2880525638533,-124.9941410080741,21.96596625764271
1196,-70.28805372441302,-124.9956926196998,21.86185211414283
1197,-70.28805490341414,-124.99971531064556,21.75821929091752
1198,-70.28805612321614,-125.00840262514149,21.654951814817547
1199,-70.28805735954377,-125.0185992616986,21.55150153298676
1200,-70.28597705672702,-125.0299027358639,21.44886661769065
1201,-70.28287086665036,-125.04092445580312,21.347501265117653
1202,-70.28147653376558,-125.04911700270358,21.24733922500729
1203,-70.279560384346,-125.05837359785971,21.148530050631507
1204,-70.27728027728085,-125.06830431049782,21.052195165760388
1205,-70.27559989879855,-125.0761604552562,20.960355705228693
1206,-70.27330003068256,-125.08288121912337,20.870790762926795
1207,-70.27219719920596,-125.0892715627016,20.78307966309196
1208,-70.27568857824673,-125.09600226351886,20.6971150701383
1209,-70.28209845272528,-125.10743191432384,20.61281781948817
1210,-70.29204122947318,-125.12654643788665,20.530481482872588
1211,-70.30683569456737,-125.15320745334616,20.45086695037631
1212,-70.32759767849673,-125.18070182258028,20.374713053877024
1213,-70.35449456683457,-125.20962822966348,20.302563103700127
1214,-70.38661465069241,-125.24387568929276,20.234657730783624
1215,-70.4277133273094,-125.28337708496382,20.17094895670601
1216,-70.47810443564286,-125.32694508730437,20.11122244193221
1217,-70.5361153794521,-125.37209942746742,20.054051374364764
1218,-70.60265917704221,-125.41991338100904,19.99987060867249
1219,-70.67834451704425,-125.47217799176096,19.94907815831183
1220,-70.76347575604694,-125.53157479829687,19.902385980384658
1221,-70.85597135808972,-125.5978983997692,19.859075245995147
1222,-70.95658265308063,-125.67076139713278,19.819105683673406
1223,-71.067438688599,-125.74540019139069,19.782549864490324
1224,-71.18539277557066,-125.82597632399649,19.75019606883769
1225,-71.31103835480796,-125.9120998565134,19.72328319227949
1226,-71.4488396352763,-126.00075376581415,19.702773459393704
1227,-71.59311508125603,-126.09891534023174,19.689183982759864
1228,-71.74354512973393,-126.20678580394676,19.68351644040556
1229,-71.90530280909334,-126.31779032883576,19.686667474990287
1230,-72.07351687087687,-126.43534844307898,19.69683076132348
1231,-72.24651349290112,-126.56145248797706,19.71273931568197
1232,-72.42581627827597,-126.6968403480322,19.733920460274003
1233,-72.60787582775548,-126.84198150295605,19.766307097306857
1234,-72.79072340487195,-126.99609104651611,19.813798054783668
1235,-72.97542602661781,-127.1569569037382,19.880073564423107
1236,-73.16086780924522,-127.32471746662932,19.96368994770448
1237,-73.34583138753642,-127.49838413317804,20.0650737275183
1238,-73.5289979830054,-127.68178719944991,20.18574600961303
1239,-73.71183726835602,-127.87298297521504,20.326052458321048
1240,-73.89478104099776,-128.0707841758995,20.48340783392694
1241,-74.07589870179577,-128.2745871724706,20.653799933897368
1242,-74.2532596287159,-128.48445490984037,20.835470181432783
1243,-74.42729564825392,-128.7031721080779,21.02670806783105
1244,-74.59947651245072,-128.9344936257996,21.226075264862544
1245,-74.77056494442515,-129.17426215176343,21.431984196876805
1246,-74.93919522722335,-129.41929057491734,21.641862607322487
1247,-75.104914044188,-129.6691135743727,21.853501662150368
1248,-75.26747105979292,-129.93050721655007,22.063653430199345
1249,-75.42610925711799,-130.2034715481721,22.27039106405765
1250,-75.5826057779505,-130.48123056434855,22.473134402221948
1251,-75.7361522785195,-130.7670025071875,22.67022837927512
1252,-75.88478960755563,-131.06137857249954,22.86035934239751
1253,-76.02831799774722,-131.36039846975652,23.0439852940918
1254,-76.1639521727453,-131.66627425504942,23.21925859598037
1255,-76.29002211370884,-131.97979083415646,23.384134035000884
1256,-76.40901389078448,-132.3004786470865,23.537194611647063
1257,-76.51676622786464,-132.6303524740785,23.68815073305884
1258,-76.61266090865419,-132.9670099839795,23.83756244513079
1259,-76.69816765615033,-133.3055560802755,23.978996348986463
1260,-76.77227212912554,-133.65122402699677,24.10711925487451
1261,-76.83436562892798,-134.00260512196752,24.222575080929463
1262,-76.8842451201157,-134.35164873211363,24.33033846101417
1263,-76.92419509007993,-134.70318549370302,24.43010364450829
1264,-76.95376853232118,-135.0566041339964,24.5220643195918
1265,-76.97124210280637,-135.4079486018493,24.60528016239995
1266,-76.97946134191501,-135.75970329394434,24.68341738555393
1267,-76.97783085541379,-136.1122555437706,24.75952203877119
1268,-76.96681030747307,-136.46808978877868,24.836515142415514
1269,-76.94736650530774,-136.82049704969302,24.916863543174017
1270,-76.91844947847244,-137.16906227437454,25.000584481962
1271,-76.87686183662899,-137.51773993577666,25.08629877102845
1272,-76.82686496230349,-137.86404390128922,25.16993070444857
1273,-76.76830667944441,-138.20754653348575,25.251494472774525
1274,-76.69662123559128,-138.54602997144346,25.333343500255
1275,-76.61470170156332,-138.88016322938984,25.419393104741648
1276,-76.52254806939371,-139.20972493302358,25.510033594211706
1277,-76.41726724412099,-139.53377602995445,25.603124147076457
1278,-76.30134338723164,-139.85164570925548,25.69753624355488
1279,-76.17672996754888,-140.16293147589542,25.79276109757122
1280,-76.04352526582544,-140.4674991781088,25.88832533928615
1281,-75.89655493319106,-140.76823585357525,25.98435965131686
1282,-75.7359711153233,-141.06294795498215,26.081003264633708
1283,-75.5672525086165,-141.34418872662488,26.173353537668525
1284,-75.38852363884162,-141.61779495212576,26.2658970207188
1285,-75.1984453806428,-141.88435016047654,26.362537264708514
1286,-74.99595369588314,-142.13935729087174,26.46982943102984
1287,-74.78526053586504,-142.38791525651092,26.58858587742209
1288,-74.56683761054988,-142.62901783144162,26.71924768285586
1289,-74.33728576894393,-142.8555536386913,26.862469122268884
1290,-74.10335185087101,-143.07382901304152,27.019324957294742
1291,-73.86775018200919,-143.28503125607216,27.189831032086616
1292,-73.62783806848829,-143.48540137758815,27.37317107717645
1293,-73.38335874215815,-143.67433569192792,27.567514451624568
1294,-73.13506928283537,-143.8528329068026,27.77054922021152
1295,-72.88169981884148,-144.02559130474646,27.97772181583397
1296,-72.6263463512105,-144.190201861725,28.18700233733968
1297,-72.36751762739212,-144.34389253663127,28.395920797456583
1298,-72.09887391255344,-144.48720421970685,28.60510165674984
1299,-71.82898993329724,-144.62108015474425,28.81429954622477
1300,-71.55922953256285,-144.74571407705363,29.021128883366803
1301,-71.28533142512553,-144.8626473281955,29.220234879706464
1302,-71.00810714155124,-144.96738299034888,29.41114294949578
1303,-70.72772408506086,-145.06010975803864,29.592503215716768
1304,-70.44357489510227,-145.14377754866294,29.76265787677996
1305,-70.15713369219986,-145.2180509230211,29.922733214863044
1306,-69.86841948741161,-145.28193121808496,30.072751902863345
1307,-69.57890636095708,-145.331659346041,30.21432127964208
1308,-69.2900684866487,-145.3704535078775,30.346841273991515
1309,-69.00176321915261,-145.39970982293593,30.47038038748185
1310,-68.7136861938214,-145.41707794576132,30.585279122561488
1311,-68.42842303164814,-145.42336283964767,30.69066766931938
1312,-68.14613162336168,-145.4195581489348,30.785957070279235
1313,-67.8629563862698,-145.4049218402986,30.87064943016504
1314,-67.58488328524092,-145.381867084305,30.944894028972094
1315,-67.31297749909555,-145.34999893139806,31.008793069223547
1316,-67.04338340471229,-145.3040172122544,31.06195621080613
1317,-66.77630709060634,-145.24821758625816,31.105330480217223
1318,-66.51114368563725,-145.1840011818301,31.1400646258579
1319,-66.24951821823818,-145.11197167855642,31.167507423219444
1320,-65.99097418202783,-145.03313527044452,31.18856153872898
1321,-65.73489337602788,-144.94671464768254,31.204037272203266
1322,-65.47904078136823,-144.84787919445884,31.21345551972493
1323,-65.22407144120285,-144.74783469419978,31.21847038488003
1324,-64.96966770735972,-144.6483847514653,31.22037942236733
1325,-64.71004330826969,-144.54402795832706,31.2194485147538
1326,-64.44844512343379,-144.43228397769118,31.21566595796603
1327,-64.18485223156644,-144.31415145813247,31.2096843831669
1328,-63.917692269786365,-144.19620513631455,31.20253667706656
1329,-63.64838415126109,-144.0722727155755,31.19510961476896
1330,-63.37676617897722,-143.9407719198637,31.18786788199328
1331,-63.099640923000415,-143.80244068851897,31.179793667379816
1332,-62.8188838892426,-143.66090386501378,31.17140935669087
1333,-62.53478989602455,-143.51577152329963,31.163418699024025
1334,-62.24461797484556,-143.36456335933795,31.156679955422764
1335,-61.94781018654707,-143.20875515247957,31.151211531510008
1336,-61.64391003828273,-143.04995684055544,31.14711488921749
1337,-61.33256248693262,-142.8899125286625,31.14419887920453
1338,-61.01640384183548,-142.72667853303528,31.142331461649665
1339,-60.69723539521576,-142.55946999594235,31.14143163795749
1340,-60.37469891776271,-142.38848816553264,31.14144921344613
1341,-60.04863910827309,-142.2177562067548,31.142275513659406
1342,-59.72055864986034,-142.04907270803326,31.14388789858447
1343,-59.39070796509554,-141.8800873286946,31.146321257161045
1344,-59.0587319994398,-141.7112025603951,31.14933515265847
1345,-58.72373295501319,-141.54183480925934,31.15282131888889
1346,-58.38413967722439,-141.37024166377236,31.15683342515308
1347,-58.04056407588819,-141.204943203896,31.161574068966274
1348,-57.69226433420619,-141.04675194683597,31.16718414896695
1349,-57.34005511548607,-140.8866757109087,31.17388214379081
1350,-56.98566104712819,-140.7313563006127,31.182084865938968
1351,-56.6300008606099,-140.58199362043604,31.19153057805904
1352,-56.27160167195263,-140.43644277357137,31.202417131775533
1353,-55.911072165085,-140.29517753810694,31.21359768208518
1354,-55.54752975961583,-140.15661316742077,31.223738453606835
1355,-55.17833941230252,-140.02095513129834,31.23204772659189
1356,-54.80436150477775,-139.88659098437702,31.237879841917945
1357,-54.42864513662465,-139.7547231598012,31.239706140389263
1358,-54.05484235613002,-139.62534745081624,31.237002311480424
1359,-53.68213776516279,-139.49543849909057,31.23079791152626
1360,-53.31344926652497,-139.36897595919456,31.215953251239696
1361,-52.95212594413621,-139.25326840382877,31.18547149846229
1362,-52.605879601275085,-139.14509350511608,31.134037664799607
1363,-52.27867616221739,-139.0442576242611,31.057797940436807
1364,-51.97219077352505,-138.9514986926439,30.95423282533789
1365,-51.689571465679386,-138.8672863595328,30.818607407736
1366,-51.43264808546299,-138.79182190771172,30.64856742612202
1367,-51.204973144592,-138.7250382538186,30.443074288435017
1368,-51.00462045001803,-138.66935282308685,30.20278524983149
1369,-50.82993134907527,-138.62375186093138,29.928228822734905
1370,-50.6793841298549,-138.5858875355419,29.620257116705584
1371,-50.553738343916464,-138.55434690953598,29.280747620579337
1372,-50.45220838805854,-138.52852115493636,28.913216564973474
1373,-50.37113897887616,-138.50458408348337,28.52231165539609
1374,-50.30844922527405,-138.48776879377832,28.110456562415514
1375,-50.26077616500487,-138.47765262155576,27.681316270072045
1376,-50.223605391256754,-138.46832991122807,27.23807692901156
1377,-50.19201672200841,-138.45758271130975,26.786483240579223
1378,-50.16068420624173,-138.44498330521336,26.331822475286074
1379,-50.1238760937983,-138.42804544065586,25.87949088060253
1380,-50.08331632423221,-138.40690156522635,25.43055566238411
1381,-50.03803480063559,-138.3817251936462,24.98784673390145
1382,-49.98793071338144,-138.35500078422086,24.55332226027985
1383,-49.92803317773787,-138.3227722609484,24.12808634725881
1384,-49.85528741367512,-138.28464222952226,23.710317154974835
1385,-49.77172625389785,-138.2477935252296,23.291577436347872
1386,-49.67841359618694,-138.2092804880823,22.87067883415572
1387,-49.575781188079056,-138.16552601647794,22.44834219705037
1388,-49.46230415787985,-138.11599762669638,22.02614865511612
1389,-49.34102654480911,-138.06411895452888,21.603244122804725
1390,-49.21057883279297,-138.00929888962,21.17808247343213
1391,-49.06517795739701,-137.94885593538982,20.74951630226212
1392,-48.90441815043078,-137.88681743639222,20.3185963783555
1393,-48.72829939537088,-137.82298211082502,19.88708769894048
1394,-48.537227438058,-137.75292008782483,19.45592440980609
1395,-48.33201381518811,-137.67508844544005,19.027710009378325
1396,-48.11387586684671,-137.59026442917408,18.604458568471
1397,-47.88443675267567,-137.50381530132233,18.187457471075547
1398,-47.64283542113271,-137.41218323821283,17.777896469953763
1399,-47.38939140327126,-137.31417582280912,17.378160670772647
1400,-47.12547417598054,-137.2067718265374,16.991396326769976
1401,-46.85275758670476,-137.09258982958434,16.62120369437897
1402,-46.57172855722124,-136.97241962830725,16.271057847241984
1403,-46.28142590392575,-136.84941652014976,15.941803761899283
1404,-45.99093283077845,-136.72056348341025,15.633762946925492
1405,-45.70299787392028,-136.5842706541437,15.348391979295776
1406,-45.41549001476935,-136.4402025823138,15.088419551872384
1407,-45.12637967625316,-136.29104489661657,14.860245965625277
1408,-44.8376507730536,-136.13560274862056,14.661970033722396
1409,-44.55371497808777,-135.97072515443324,14.485785654572322
1410,-44.274012443819615,-135.7973512458595,14.331839236817077
1411,-44.00112054183715,-135.6164746441966,14.200151929521798
1412,-43.739298725025655,-135.4272190661355,14.091539078255495
1413,-43.48702660267805,-135.23172947270942,14.004145750194509
1414,-43.24339689719611,-135.0311806838006,13.935271222489884
1415,-43.006529703752186,-134.82402574228598,13.88121653174355
1416,-42.774443665307686,-134.61187291173647,13.842444340853756
1417,-42.54741840221921,-134.39450839498053,13.817822415239752
1418,-42.32666998374452,-134.16797192739162,13.806074937943231
1419,-42.11052456579051,-133.9314586041545,13.804600554771774
1420,-41.89730831495928,-133.68555210194629,13.810462689600683
1421,-41.685347404411296,-133.43239740183725,13.820845193444892
1422,-41.47296793899768,-133.16427939521645,13.83475706200328
1423,-41.25849606845914,-132.88039315982311,13.850378589862872
1424,-41.04025797985603,-132.58684393582357,13.866153498932809
1425,-40.81866136266103,-132.28369881301091,13.881602470546062
1426,-40.5909766887497,-131.97036163772157,13.896123176521916
1427,-40.35279230393847,-131.6434758592953,13.910398933622272
1428,-40.10836640445652,-131.3028402061112,13.9245700966355
1429,-39.8593386181728,-130.949641998657,13.938696386606312
1430,-39.60195037977112,-130.58662988898354,13.953225401240894
1431,-39.33462610240084,-130.21326721549195,13.969123828895016
1432,-39.05841575270368,-129.82736799979824,13.985117678192458
1433,-38.77712547616166,-129.42282717960546,13.993657923008406
1434,-38.487711275905845,-129.00695734299407,13.99864600675818
1435,-38.19140572265507,-128.58315187684656,14.003046063262838
1436,-37.893587352288485,-128.15315480688514,14.009242008804804
1437,-37.59268310259023,-127.71542492547792,14.018862040142247
1438,-37.29038774299431,-127.26899623370332,14.033252998750076
1439,-36.98994753628587,-126.81313248602709,14.053308631788044
1440,-36.69161736986327,-126.3501186154343,14.079533386081929
1441,-36.39648715129054,-125.88036966747916,14.112619341350245
1442,-36.10780632289024,-125.40435517974586,14.153191224142104
1443,-35.82653989016688,-124.92281303895972,14.201315193732055
1444,-35.554224763217086,-124.43674945895904,14.256707739202506
1445,-35.29283914464952,-123.94743897745036,14.318894956977337
1446,-35.041975340071616,-123.45260253201316,14.38753542454907
1447,-34.80256728982083,-122.95245395527137,14.461880119602863
1448,-34.5751742430671,-122.45162435942626,14.541037031244086
1449,-34.36481966040522,-121.94843839056384,14.624350590882496
1450,-34.17122963309083,-121.44152761765088,14.711042995234322
1451,-33.98857165721016,-120.92948506724257,14.800212204033397
1452,-33.82313603553682,-120.41747848426618,14.890239531744452
1453,-33.67659092659691,-119.90652667860842,14.979811341921938
1454,-33.54756807794478,-119.39542389616996,15.06806215900893
1455,-33.43409055323935,-118.88296437738272,15.154542979907054
1456,-33.33525484654492,-118.36896702235929,15.238555316841826
1457,-33.25268599488956,-117.85410263741667,15.31980345663546
1458,-33.181155815487,-117.35511756872329,15.397952261646129
1459,-33.12364006672238,-116.8556494997835,15.47434930620616
1460,-33.08302325846946,-116.34923432580842,15.54957417654044
1461,-33.0571487702112,-115.84590696437208,15.621866730453013
1462,-33.044659469644685,-115.34943193986386,15.689791567442407
1463,-33.04621919650897,-114.85845424711069,15.751457524978424
1464,-33.06334861915734,-114.36285049508588,15.80946223049932
1465,-33.0950548541386,-113.86861518047547,15.864972401527256
1466,-33.1400314790624,-113.3789966864778,15.918602175312875
1467,-33.19655084243548,-112.902387842293,15.960282402872403
1468,-33.26555578487555,-112.42517061936206,16.001350714118598
1469,-33.34584998611399,-111.9446285557294,16.048531717780552
1470,-33.435645975473044,-111.46723874935358,16.1007423620537
1471,-33.53117047156684,-110.99883597352468,16.159055906295983
1472,-33.62999766077688,-110.54261911310518,16.22603088335231
1473,-33.73914834049234,-110.07810474197127,16.31753481107345
1474,-33.855451746651944,-109.61184336172596,16.43095030174743
1475,-33.97141714728093,-109.15329265461814,16.560680633257864
1476,-34.0946737816521,-108.69648386356886,16.719573482281103
1477,-34.22357186352146,-108.23811490935728,16.909941379144925
1478,-34.355411622538846,-107.77389760394296,17.135541844066555
1479,-34.49384254751283,-107.30718422310431,17.401146653765405
1480,-34.63742670857336,-106.84460580414856,17.70139592373701
1481,-34.78283613590227,-106.393570717334,18.02911698916497
1482,-34.93116064436192,-105.9408363350856,18.38707955648242
1483,-35.083555436605806,-105.48402423328884,18.774501385478608
1484,-35.24449644088041,-105.00910409241725,19.186829230675187
1485,-35.410455680080354,-104.53152144710484,19.61538444646588
1486,-35.57914591021108,-104.05411515092511,20.05642032587104
1487,-35.75240994061173,-103.56865404927191,20.50437300421128
1488,-35.935418924212286,-103.0650793983878,20.95588610814976
1489,-36.127309071181024,-102.552714725678,21.40344783317443
1490,-36.32620498273276,-102.0381106213698,21.83881012379807
1491,-36.52901417865617,-101.51811691866088,22.255618398895383
1492,-36.740519100227,-100.98248444432772,22.656418710417967
1493,-36.96241364702298,-100.42454561696464,23.050321261133924
1494,-37.18646304434662,-99.8682313991749,23.42113215742299
1495,-37.411219348143,-99.31716042208784,23.7664315128865
1496,-37.63702314518035,-98.76807541016252,24.09082293084176
1497,-37.864704387605855,-98.21592931685656,24.39533847320434
1498,-38.09331548440748,-97.65982329040064,24.68001431547537
1499,-38.32180458982222,-97.10520097065027,24.943876341859127
1500,-38.556989630148855,-96.5396596427355,25.203842077369167
1501,-38.79654305124343,-95.96352126546832,25.462646623810343
1502,-39.038579880214336,-95.38154771561784,25.72244853176316
1503,-39.284725153268965,-94.80111862835264,25.98862072210736
1504,-39.53371398160843,-94.2206887111034,26.256622504637782
1505,-39.7819190770001,-93.64326404713054,26.52625682137256
1506,-40.02900999091926,-93.05727888865025,26.80940689575318
1507,-40.27691925531012,-92.4657359099026,27.10756642275543
1508,-40.52450752589834,-91.8710877695896,27.420294090769
1509,-40.7702023940001,-91.26930715353296,27.74531598345424
1510,-41.01461441429727,-90.66307555333069,28.08700231950156
1511,-41.25697133832442,-90.05298412275113,28.445621627180703
1512,-41.498289529281465,-89.4356092788168,28.817725756213527
1513,-41.73699977197505,-88.81041443737107,29.199702347885555
1514,-41.96947478908099,-88.17601110637843,29.58754497408647
1515,-42.1913537211159,-87.52998612834843,29.978076093497663
1516,-42.40425845876038,-86.87650102505243,30.37049130298845
1517,-42.60742441059427,-86.21895433942711,30.760395693755267
1518,-42.79465971749456,-85.5662729989562,31.1391995222092
1519,-42.965851564147066,-84.91988085079669,31.502536268431207
1520,-43.125974561709626,-84.27501011911933,31.84877449645468
1521,-43.27325472874111,-83.63253292925842,32.172802185377684
1522,-43.41089328115927,-82.98865585553175,32.47333947184706
1523,-43.5439813912545,-82.33133105686336,32.75779536982584
1524,-43.66967807345389,-81.67230782356081,33.02012872517073
1525,-43.78752809128,-81.00970539598814,33.25896125155741
1526,-43.899087368389736,-80.34370740695493,33.472995789497865
1527,-44.00795562076984,-79.67424885262606,33.66154711879246
1528,-44.11277227891848,-79.00870862260075,33.823496007301465
1529,-44.21037329581071,-78.35990709498874,33.95944587003187
1530,-44.30258140282804,-77.714538765696,34.0721365310316
1531,-44.39340239373473,-77.07005620943836,34.162108568794295
1532,-44.48563421471097,-76.42285211575494,34.23123538886671
1533,-44.579477164864976,-75.76769792496785,34.28225417152281
1534,-44.67368350325355,-75.11283948783799,34.31876642252048
1535,-44.765485734075085,-74.46836026109644,34.34392526403941
1536,-44.860331342867305,-73.8200458087445,34.35827827712063
1537,-44.95644316073678,-73.17158807909321,34.362980204900275
1538,-45.05352824738642,-72.5223958988669,34.3600208234692
1539,-45.149606490051454,-71.86951938394733,34.3512601085422
1540,-45.24746636592624,-71.217518295318,34.33916391308468
1541,-45.34817304407371,-70.56859368199713,34.326090057789536
1542,-45.451068386129705,-69.9206635270179,34.31257639237747
1543,-45.56026278602573,-69.27151161893768,34.299249402219125
1544,-45.67652659498887,-68.62293654275716,34.28699363683881
1545,-45.79874521477767,-67.97882730869114,34.27579760334808
1546,-45.92849101584317,-67.33636399699384,34.266188364274264
1547,-46.06548058857729,-66.6967414759641,34.25882485526638
1548,-46.20585841381048,-66.06324504076517,34.25413018376332
1549,-46.35530601394495,-65.43245103763299,34.251055652403
1550,-46.5159328139188,-64.80516442876748,34.24892718138608
1551,-46.68799246032411,-64.18641878534086,34.24709875017542
1552,-46.86792333125784,-63.58313811261517,34.245488459401194
1553,-47.053115786087,-62.99984534188394,34.243957061505974
1554,-47.24828369591669,-62.41290751222901,34.24177885281088
1555,-47.45080350380284,-61.83096546877249,34.23902919440032
1556,-47.65584683642359,-61.265462366087455,34.23587855473401
1557,-47.866303497315336,-60.70235065000016,34.2325308392672
1558,-48.08458723043099,-60.14240843897613,34.2287382270889
1559,-48.30841176208452,-59.59174721453912,34.2245594621736
1560,-48.5363220693668,-59.0575387515973,34.2203299910758
1561,-48.76849940898514,-58.52983456638385,34.21565344421981
1562,-49.00351908768727,-58.00537957600467,34.21063127675761
1563,-49.2422959784061,-57.47954268914184,34.20570615237331
1564,-49.48356201096343,-56.95124642810261,34.20119897009327
1565,-49.725947693773975,-56.422269277019936,34.197225365493225
1566,-49.96798209938809,-55.89549403583129,34.193936511059576
1567,-50.21306425434908,-55.36984739624272,34.19066057699145
1568,-50.46041810000269,-54.84433573108792,34.18745383592628
1569,-50.70522311407491,-54.31996947080983,34.18485792725129
1570,-50.94651179263802,-53.79930942841433,34.18287836686823
1571,-51.18234596134656,-53.28877020788222,34.1815945826076
1572,-51.41564017163981,-52.77813037214789,34.18072422043756
1573,-51.64796550593351,-52.26121765058194,34.180309445303514
1574,-51.878566841920126,-51.738233292152046,34.180274052149976
1575,-52.102777144603365,-51.21575207646954,34.18035103691584
1576,-52.324543359880366,-50.68895653379675,34.18052670933495
1577,-52.54362725739639,-50.15856422008604,34.18072927659265
1578,-52.75369708828064,-49.64161011056715,34.18094603961275
1579,-52.95637924715062,-49.1324763962335,34.18108888762658
1580,-53.15189721665425,-48.62976067016789,34.18112050086202
1581,-53.34587821589324,-48.11820958850294,34.18095710421601
1582,-53.53939248921789,-47.5979388625542,34.179960594717684
1583,-53.7316564181423,-47.07486878677292,34.1780550592985
1584,-53.91850608992018,-46.55990754161808,34.17570800945765
1585,-54.09889348739495,-46.056225955775936,34.17300395417431
1586,-54.277403501877416,-45.55001376567344,34.16996511639129
1587,-54.4562355406497,-45.03911095141957,34.16680106984655
1588,-54.6326487340935,-44.52741072909407,34.16355487217614
1589,-54.80649663672117,-44.01670918563466,34.16020223017608
1590,-54.97864155628934,-43.51089951095184,34.156550878981854
1591,-55.15004717595413,-43.004681486285705,34.15258441442952
1592,-55.32087136885229,-42.49806265617279,34.148400391329844
1593,-55.48888047466167,-41.9942612280403,34.14448732202836
1594,-55.656003838660446,-41.493742559080594,34.14084449786207
1595,-55.82103366609196,-41.00009631340575,34.13749800293057
1596,-55.985414825257685,-40.50108613029005,34.13424278871713
1597,-56.14798515902579,-39.99877558862374,34.13085072616429
1598,-56.30777842577016,-39.495823604752765,34.12746826598558
1599,-56.46494679746501,-38.99357598165887,34.124428010227206
1600,-56.62461386418609,-38.493378487361966,34.12146340870359
1601,-56.786403493802894,-37.9955524840435,34.11846027325043
1602,-56.94325059485256,-37.50481652309759,34.115261696736326
1603,-57.09658791493087,-37.02144751067912,34.112027130953514
1604,-57.25276590615163,-36.52856433783399,34.108630835396234
1605,-57.41074068544816,-36.03244953626334,34.10491262491487
1606,-57.567720660416896,-35.53619135628563,34.10074028335033
1607,-57.72415281848898,-35.03979482476839,34.09625144075836
1608,-57.882267665229534,-34.54420324182642,34.09208951117008
1609,-58.03725838782046,-34.05704833114904,34.08807959983789
1610,-58.1881378268417,-33.581044352379074,34.084120173205065
1611,-58.34268756272684,-33.09597690543245,34.079700151980106
1612,-58.494775356667695,-32.61088515879855,34.07502568791625
1613,-58.64282630975877,-32.129421665947966,34.0703139878143
1614,-58.79130455398766,-31.64527996901119,34.065657315446984
1615,-58.93980433968345,-31.161347057461,34.0607710954636
1616,-59.08783491763676,-30.675947595940027,34.05558290358354
1617,-59.234787917493456,-30.186606312273987,34.0501326266126
1618,-59.38029437377856,-29.698064134833928,34.04477037712857
1619,-59.523242603264165,-29.220327831852327,34.039751972665336
1620,-59.66307144825264,-28.74843930738356,34.03475092723356
1621,-59.80130125295791,-28.275890885512503,34.02979512318486
1622,-59.93867762478919,-27.801482654942,34.02488714131215
1623,-60.07530202438271,-27.32722535725984,34.020180642107604
1624,-60.211377335527686,-26.8523769125349,34.01541440873647
1625,-60.34704622439434,-26.37811961716643,34.010459520708785
1626,-60.48093601405502,-25.90371140056657,34.00552570122926
1627,-60.61177547987815,-25.42841019443444,34.00052211867032
1628,-60.74001162182813,-24.95339829241352,33.99548463722562
1629,-60.86635454563272,-24.47793360939613,33.990341195406444
1630,-60.99080740760995,-24.001274063153385,33.985400434139805
1631,-61.11201973323846,-23.52361587551788,33.98077876615162
1632,-61.23019756230117,-23.042072061266246,33.97648525273167
1633,-61.34356692132674,-22.56019623521512,33.97214250392143
1634,-61.45288295483944,-22.08016935229152,33.967535738763736
1635,-61.56301561090916,-21.6010480502008,33.96260834516811
1636,-61.67117643202962,-21.12188902916606,33.95753897462478
1637,-61.775716316867374,-20.64268727177204,33.95245198628927
1638,-61.87744996733372,-20.160354545328666,33.94740478453792
1639,-61.97729357568585,-19.67824319874113,33.94233589566394
1640,-62.07464800379415,-19.198332955543627,33.93725172941304
1641,-62.168853855054685,-18.719479256612807,33.93234632481
1642,-62.260075694362,-18.24627041846222,33.92789254910846
1643,-62.34838585185955,-17.784882055330552,33.924060439987464
1644,-62.43596433770719,-17.324385869094534,33.920735510276586
1645,-62.521647040695385,-16.859869048532193,33.91767265916706
1646,-62.60543397419544,-16.392901281459075,33.914760679493654
1647,-62.6890484541574,-15.9274428292034,33.9117573990346
1648,-62.76944523494326,-15.46087924821634,33.90895455468658
1649,-62.84617352989607,-14.99380672192738,33.90649250650041
1650,-62.91979133190353,-14.532129184225065,33.90440244198733
1651,-62.99014958581209,-14.068735246188997,33.90216469500297
1652,-63.05574564086852,-13.60203510896552,33.89958719255166
1653,-63.116633425012175,-13.135787805801945,33.89673483943652
1654,-63.17585815665561,-12.66993042207426,33.89393052091185
1655,-63.23252204020209,-12.202475700639816,33.8911628080971
1656,-63.28165368581097,-11.733360796568554,33.88823702909195
1657,-63.32614299461724,-11.263591895844076,33.88472228691007
1658,-63.36885070606039,-10.795161270166574,33.88055489619357
1659,-63.41286961899815,-10.331220007546008,33.87587621549903
1660,-63.45363405960208,-9.86465675662386,33.87067999718315
1661,-63.490693220762566,-9.393881708870234,33.86505794610718
1662,-63.52612546532456,-8.922653879582704,33.859150834738216
1663,-63.56211060366566,-8.454732283531532,33.85318704241179
1664,-63.59850217425627,-7.989727015453271,33.847230578704554
1665,-63.63124176279097,-7.525023640771774,33.84121261324129
1666,-63.66124233825828,-7.058007681749832,33.83553917541311
1667,-63.69016251276047,-6.589275303411059,33.83030824381014
1668,-63.72053716836135,-6.124730422327286,33.82532707937169
1669,-63.75003113489594,-5.657261668640407,33.82042069178554
1670,-63.77954789319007,-5.18626530856088,33.81547080680028
1671,-63.8117744878102,-4.717645256768365,33.810587576533834
1672,-63.84371955839037,-4.248112070046626,33.80604762653692
1673,-63.87342968471578,-3.778659397983616,33.80188688425517
1674,-63.90131384799936,-3.312639594544675,33.79788481997549
1675,-63.93067081829467,-2.8431424823970604,33.79365560366813
1676,-63.96075498139948,-2.369765584148589,33.7890452022723
1677,-63.98664572606919,-1.8986141230110376,33.78426222676171
1678,-64.01326368258987,-1.4265998286904735,33.77968118103435
1679,-64.04135445446684,-0.9527315774981552,33.77534762262527
1680,-64.06761919002446,-0.4739211716963006,33.77081132659823
1681,-64.09164900263514,0.0037262041273572,33.76592551275686
1682,-64.11465171546625,0.4794131387440771,33.760769132777924
1683,-64.13799679426795,0.9555528719023304,33.755818356400695
1684,-64.16224534921213,1.4318058124415818,33.751099306983534
1685,-64.18650339351197,1.909756733705228,33.74653206460702
1686,-64.2113320455749,2.389066044867068,33.74206309469529
1687,-64.23729242502853,2.8683250567727057,33.737675414774934
1688,-64.26258327968313,3.346338878833916,33.73342782778308
1689,-64.28436544469906,3.824050807914918,33.7293196425715
1690,-64.30755956465478,4.3024042091528765,33.72577254051248
1691,-64.33381855750238,4.779218136090575,33.72295338186209
1692,-64.36324390007607,5.250938990062748,33.72075201314835
1693,-64.39314853797495,5.72427565409657,33.71936362358166
1694,-64.42262898718553,6.19942936244802,33.71865456442239
1695,-64.45402041820915,6.670093713134771,33.718231677729456
1696,-64.48270644807208,7.14297757255469,33.718053798548
1697,-64.50808410904465,7.619268263553159,33.71806599417692
1698,-64.53197815647391,8.09480428431657,33.718112913475245
1699,-64.55829481307292,8.569246073575032,33.71803197327779
1700,-64.58612107277735,9.044178404235174,33.717849939335615
1701,-64.609724732268,9.51926162935164,33.71776537472255
1702,-64.63331634426567,9.994156190382304,33.7176429253669
1703,-64.65628724476389,10.469460777419917,33.717305706604144
1704,-64.67320958689429,10.942690842361149,33.7164377710441
1705,-64.68570834333184,11.416733384492767,33.71513933481935
1706,-64.69392426812394,11.891392193743991,33.71356356104369
1707,-64.69968524357822,12.367409365562864,33.71197613950973
1708,-64.70294054915497,12.845526981422015,33.709716541195824
1709,-64.70293506718625,13.325548823879911,33.70668296755843
1710,-64.69662355858499,13.810361850683089,33.702916916078046
1711,-64.68603365767991,14.296412479350376,33.69888536595647
1712,-64.67235798959166,14.780319853398073,33.694822709865605
1713,-64.6546296954712,15.258530364455696,33.69097600005911
1714,-64.63208472397606,15.737752913291382,33.68735968155915
1715,-64.60561703873084,16.219174836358466,33.683912450842904
1716,-64.57486845370852,16.698634613248224,33.68035105136775
1717,-64.53887526053035,17.17579264015091,33.67644998004135
1718,-64.4968766178273,17.65223369086811,33.672400359055324
1719,-64.44831458755985,18.127618163329203,33.66848869518096
1720,-64.3928340949669,18.6043592816894,33.664907608939124
1721,-64.3311902701806,19.08165963151337,33.66159855178073
1722,-64.26683415681272,19.55341406365012,33.65829602410433
1723,-64.20063116405267,20.022710811395044,33.65525814307774
1724,-64.13048140109264,20.49054097324161,33.65261196069763
1725,-64.05105841835034,20.959992729430443,33.65053452716516
1726,-63.96708000873471,21.427713764762505,33.64869733435689
1727,-63.879291793978034,21.89271045354999,33.646976465592985
1728,-63.78459781403202,22.35827223780641,33.64537262207313
1729,-63.685076387117554,22.825069941755544,33.644226483608094
1730,-63.58132666798731,23.29270863278478,33.64371814982246
1731,-63.47101358327282,23.757630498309,33.64393154570471
1732,-63.35408638963183,24.2228524931444,33.64447286112791
1733,-63.23144286354833,24.688180929283245,33.64539510440265
1734,-63.105059925275135,25.14811436654454,33.647413806171585
1735,-62.97432886144447,25.6090975765803,33.65057858227218
1736,-62.838199743165774,26.070129371626503,33.654911707187914
1737,-62.695050784610125,26.526784090793505,33.66025706782151
1738,-62.54554448929339,26.9850327602012,33.66616035363983
1739,-62.38909122247321,27.44447289138394,33.67250164319938
1740,-62.2267593721859,27.89832850651645,33.679388359135466
1741,-62.05982012848496,28.34915119732569,33.68679791367178
1742,-61.88813083756261,28.79654350879767,33.69491345415674
1743,-61.71159004415856,29.24118043770853,33.70426363327799
1744,-61.53238068327745,29.683871164549576,33.71436495092407
1745,-61.34975146393181,30.12243472466452,33.724805331543074
1746,-61.1614719329088,30.553451664230906,33.73521926196328
1747,-60.9684043000604,30.983899220184384,33.74581496516724
1748,-60.77070642405252,31.41536720673001,33.75656089709638
1749,-60.56624612399406,31.844230734530925,33.76711620566079
1750,-60.35796399892547,32.269751941384754,33.77746833678176
1751,-60.14722003169221,32.69132711369373,33.78748354840484
1752,-59.93233850686086,33.108486672741,33.79712083109536
1753,-59.7159081372652,33.52089523805476,33.80601078260192
1754,-59.497481948152846,33.92736547867457,33.814152304230795
1755,-59.275032358405866,34.32568539310504,33.82162914866915
1756,-59.0495230470676,34.72021774999794,33.828368265082744
1757,-58.82201915965562,35.11216246372985,33.83444210653941
1758,-58.59368729061045,35.50165370360279,33.84019438386275
1759,-58.3649870690373,35.89278171738388,33.845477746465825
1760,-58.13411723542116,36.28634642869124,33.85019168062856
1761,-57.89834014420456,36.67583595984735,33.85425584203745
1762,-57.660697805530816,37.06406604760007,33.857674048007404
1763,-57.42255019725538,37.45064176606136,33.8603900430182
1764,-57.1821202015125,37.82986040352596,33.8624922958373
1765,-56.942601959588345,38.209034619208666,33.86398162744927
1766,-56.70550759627916,38.58995547881356,33.86499283304341
1767,-56.46921214053068,38.96906517473195,33.86589863844473
1768,-56.23417206206916,39.34938066387003,33.866754225311254
1769,-55.99993656549061,39.73169433342824,33.86750745155584
1770,-55.763561919407564,40.11264961073147,33.86801637312907
1771,-55.52489278359958,40.49271186705701,33.8684979205284
1772,-55.28603472079254,40.87427086707552,33.869074598861275
1773,-55.050029757837066,41.2577920045223,33.86983576773352
1774,-54.81494857937241,41.64267154208242,33.870446503667566
1775,-54.58125339728628,42.02731967049981,33.87095955251693
1776,-54.35021227105295,42.40898776689488,33.871465869773466
1777,-54.12091030586585,42.78861495636276,33.87171707650773
1778,-53.894561000681456,43.16799229987196,33.87190703926291
1779,-53.67146548468149,43.549935504063335,33.87279758611075
1780,-53.45172203039814,43.93450745848669,33.87442884389607
1781,-53.23684276298475,44.32369544113435,33.87658509234344
1782,-53.02829861302588,44.71756235333341,33.87889268984678
1783,-52.8252761587687,45.11234915370844,33.881510245519486
1784,-52.62824330370822,45.50844575183213,33.88433323364795
1785,-52.43577792040055,45.9084666064368,33.88722698896337
1786,-52.251023508274194,46.3084514647746,33.89011050036262
1787,-52.07519739197266,46.70760291463542,33.89285146994813
1788,-51.907590737668,47.10618927534309,33.895174991948544
1789,-51.74997875022216,47.51091946578806,33.89715636783264
1790,-51.6037309071554,47.92199473605119,33.89892430858675
1791,-51.46981096146142,48.33310866849257,33.90056630380447
1792,-51.34669534407668,48.7471482378509,33.90198628977964
1793,-51.23484625592005,49.16370341601312,33.903170246382594
1794,-51.13512597320532,49.58116427228884,33.90405402101892
1795,-51.04788955501308,49.99792087148374,33.904731067072106
1796,-50.97314651205633,50.41356318234659,33.90523247932848
1797,-50.912015870162335,50.83097819933773,33.905396395499004
1798,-50.86302799148818,51.24661231004486,33.90541507962835
1799,-50.82514246260965,51.65807072502422,33.905417907210634
1800,-50.799072561974725,52.06394475158893,33.90586480787901
1801,-50.78573123894796,52.469400448246176,33.90662909289632
1802,-50.78633009476839,52.87541636335689,33.907672974045724
1803,-50.80396505091121,53.28105338821685,33.90915800348016
1804,-50.83417200462462,53.681818760666246,33.91121918170564
1805,-50.87605319519059,54.07571263180282,33.91380572432598
1806,-50.93214658529218,54.4651524412614,33.916736169702425
1807,-51.002300035119966,54.84624918628684,33.91999072637276
1808,-51.08666000233481,55.21859283724656,33.9236492813168
1809,-51.18725721470895,55.587349461397935,33.92753688025062
1810,-51.3014522872513,55.947690911678166,33.931201498446136
1811,-51.42849011822136,56.297416100592656,33.934413388039374
1812,-51.5679141965573,56.638875366514256,33.937051782432896
1813,-51.72154923056612,56.97206872467034,33.93893601148731
1814,-51.88983649549197,57.29718484483747,33.93994943022724
1815,-52.07196445542455,57.61267667438552,33.940066283226855
1816,-52.26661435815235,57.91739963863149,33.93949086823751
1817,-52.47212189381239,58.21253602262284,33.93832404387604
1818,-52.687932296433374,58.49774622463022,33.93673315421648
1819,-52.91587342757233,58.77477687406298,33.93465844276081
1820,-53.15412883747493,59.04162811569638,33.93212909410992
1821,-53.398692823157255,59.294477997220255,33.92929792087401
1822,-53.65291361135699,59.5364818498748,33.92647481162473
1823,-53.9157203488488,59.76704851669099,33.92379859842557
1824,-54.18320876896828,59.98376474233214,33.92113312372622
1825,-54.4568484944012,60.19119454135486,33.91835754158206
1826,-54.736928633861794,60.38994164287457,33.915485608843035
1827,-55.02268838885836,60.57664949194427,33.91256505145989
1828,-55.31306258326812,60.75386965837106,33.910110513865895
1829,-55.60758902696956,60.92040726332283,33.90828486044142
1830,-55.90799418190824,61.07324536816306,33.906809458180874
1831,-56.213720102968416,61.21359142137316,33.90570096183997
1832,-56.5240059496506,61.344041441897126,33.90482534365383
1833,-56.83788798135432,61.46875274855612,33.90421134882107
1834,-57.15419962549756,61.58477545901337,33.90392109279686
1835,-57.47173309049498,61.69072099581365,33.9037272073232
1836,-57.7906944357764,61.78658935984338,33.90352538570804
1837,-58.11397668875364,61.87278306258734,33.90306555215036
1838,-58.44113286342169,61.95010707090708,33.90216879330919
1839,-58.76983103215363,62.019768818918806,33.9007415894443
1840,-59.10250774502105,62.07955634154218,33.89890151579546
1841,-59.43825951390976,62.1308707789202,33.89673859126209
1842,-59.77429787009105,62.18082350038203,33.89413736977144
1843,-60.11341124791248,62.22666589436406,33.89134696103891
1844,-60.45724875960261,62.2650246557612,33.88831894463569
1845,-60.8049957463337,62.28945919808771,33.884904160592015
1846,-61.15573597106217,62.30956540435221,33.88103376473113
1847,-61.50916130154983,62.32553696734851,33.876718786658074
1848,-61.86253093612623,62.330262474844176,33.87195726107656
1849,-62.2199539217189,62.32729556077542,33.86685449008619
1850,-62.58142453211747,62.31921966973435,33.86138571827664
1851,-62.9444079597429,62.30589642491135,33.855574074767055
1852,-63.31123930234352,62.28652087807429,33.849609773743346
1853,-63.68101510679418,62.25850454390228,33.84362691795138
1854,-64.0510484606498,62.21520557156029,33.837593304190754
1855,-64.42352223099489,62.16326580661878,33.83172454856065
1856,-64.79812635163034,62.106259807639255,33.82616023342997
1857,-65.17364348226145,62.04713743851075,33.820762455794
1858,-65.54677488304337,61.97898851507745,33.81593391675703
1859,-65.91735888932536,61.90061312941376,33.811810915093936
1860,-66.2869158597853,61.81442452822944,33.8080191680498
1861,-66.65696618323868,61.71941651464506,33.80441968118611
1862,-67.02734819291864,61.61498536072671,33.800969501469474
1863,-67.39476309280646,61.50092979519505,33.79773259030404
1864,-67.76088342438571,61.37745107439987,33.794654559269496
1865,-68.12569967353639,61.245152923486245,33.79176757802506
1866,-68.48606519598346,61.10504152309134,33.78928300047328
1867,-68.84588620425409,60.95470368220234,33.787139869779494
1868,-69.20515699470748,60.79413940172768,33.78505006864998
1869,-69.56154562961773,60.62576189209635,33.78233638560776
1870,-69.91282160779502,60.45238684443823,33.77906644575739
1871,-70.25928355702379,60.273807989103005,33.77522831558196
1872,-70.60534494867566,60.082775621883336,33.7708311162093
1873,-70.94856922875577,59.881635865136914,33.76577092132523
1874,-71.28820697450448,59.67197852375172,33.760011248654855
1875,-71.62202453101649,59.454809788807495,33.75345706652769
1876,-71.95484109968605,59.2277164794772,33.74607983609192
1877,-72.28665668964342,58.98971250786164,33.73792758928104
1878,-72.61265212051974,58.74106614851157,33.729077611736685
1879,-72.93795082960396,58.48888884284201,33.7196030755278
1880,-73.26285712612693,58.235172887848464,33.70963766390217
1881,-73.5828561875689,57.97696417052658,33.69939756607705
1882,-73.90048602848795,57.71064203664704,33.68895519340566
1883,-74.21605479080934,57.43521285415186,33.67846128009015
1884,-74.53068148126745,57.15423442200635,33.66805052077947
1885,-74.84350512956989,56.86509226309261,33.65766913321921
1886,-75.1545409644147,56.56659904910238,33.64739835595383
1887,-75.46454980706241,56.258821866743645,33.63742311889044
1888,-75.77637396318616,55.94209614935593,33.62783234949762
1889,-76.08971860635525,55.6170256182458,33.61878344919566
1890,-76.40260685210765,55.28448229839562,33.61052274938973
1891,-76.71595168242466,54.94560657482842,33.60261652874599
1892,-77.03050438911679,54.60279323882008,33.5948578377942
1893,-77.34539950055543,54.25986420801821,33.587055878118164
1894,-77.6597716072151,53.91340002831125,33.579695668618456
1895,-77.97437205281994,53.56042232333888,33.57286745649661
1896,-78.290113860869,53.19804831196693,33.5663611100626
1897,-78.60502011722392,52.83010408869904,33.56025328642306
1898,-78.91879600243242,52.456400983944256,33.55488899636033
1899,-79.23428384286773,52.07465995563619,33.550922074051336
1900,-79.55432590848498,51.6893108821041,33.54770979025548
1901,-79.8777200984955,51.30076881426218,33.54496345369304
1902,-80.19908931432093,50.907358353742005,33.54264623311777
1903,-80.52289766546924,50.51136029418128,33.540643463559405
1904,-80.84868864558115,50.11398963008456,33.53881023001345
1905,-81.17108515565754,49.71329844793914,33.537007561446124
1906,-81.49455132140119,49.31009176676151,33.53511900664205
1907,-81.81863064067959,48.90517455026048,33.53300143634979
1908,-82.13794598423786,48.499351707607445,33.530576349534115
1909,-82.45696147776702,48.09342825795727,33.5277762055504
1910,-82.77687350744583,47.688209182763366,33.52456335730618
1911,-83.09732701139288,47.28449944514169,33.52103382153968
1912,-83.4180683719313,46.88310400998802,33.51719487148306
1913,-83.73803813561489,46.484827834893615,33.51282003882626
1914,-84.05378533016186,46.090475852991446,33.50746975146569
1915,-84.36683035810378,45.69810022526509,33.501107352321
1916,-84.67866441942303,45.30891596719584,33.493763220836875
1917,-84.99101075045013,44.9252038401886,33.48575824886062
1918,-85.2979343029963,44.54528843311809,33.477274640989094
1919,-85.59852209318365,44.16838489012571,33.468487783026816
1920,-85.89688320391862,43.79442617769917,33.459438505937875
1921,-86.19235821001995,43.426898804131525,33.450380436016026
1922,-86.48449060219855,43.06679639471003,33.44143778789919
1923,-86.77302680850083,42.710695314277885,33.432685549064615
1924,-87.05791608018676,42.36147835846136,33.42356788613594
1925,-87.33840330935408,42.01854934021574,33.41379512889384
1926,-87.61144336734138,41.67573596068752,33.40352989273714
1927,-87.87906380495187,41.33686016516741,33.39271238633509
1928,-88.14171156320685,41.00530282456679,33.381397925501965
1929,-88.39679789458748,40.68434918481464,33.3697096002387
1930,-88.64888842437168,40.370575670305534,33.35749388128409
1931,-88.89783098959309,40.06358734001092,33.34479207623821
1932,-89.13875566952439,39.76392077978244,33.33169703206023
1933,-89.37475517485566,39.47459717192088,33.31828854396913
1934,-89.60734165846024,39.19422041630403,33.30469154058874
1935,-89.8349916154147,38.91890149099853,33.2910743019096
1936,-90.05836439224923,38.65105782353897,33.2776276574898
1937,-90.2782208253918,38.38967566635229,33.26430769073677
1938,-90.49542320986173,38.1324072052413,33.251197201568345
1939,-90.71093531068831,37.87401763754103,33.239103409058025
1940,-90.92582228462774,37.6144868527087,33.2278533672193
1941,-91.14125066601808,37.35918216037998,33.217230584757665
1942,-91.35559865708306,37.106896093340126,33.20642731294319
1943,-91.56828235389784,36.85642119691597,33.19444457797977
1944,-91.781080200339,36.60655004025429,33.18107569462392
1945,-91.99577062852082,36.35607519099796,33.1672445625293
1946,-92.21176976150969,36.103789204012855,33.150189314762656
1947,-92.42745583455007,35.8484846227194,33.12672312108942
1948,-92.64607702412572,35.58895406081828,33.09217720458333
1949,-92.86764292365108,35.32399008772008,33.042047945803134
1950,-93.0903796184894,35.05238524806504,32.972185734645
1951,-93.31738306615104,34.77675407170151,32.87852480369899
1952,-93.54851063488864,34.498686380290664,32.758350422000866
1953,-93.78183618995172,34.21892004401071,32.60961978558854
1954,-94.01822199339026,33.93725802193551,32.432935544475555
1955,-94.25752162467464,33.651713045726865,32.22774555710442
1956,-94.49699423146828,33.36235635347181,31.99312329033634
1957,-94.73866733836844,33.07321531971356,31.73068673885681
1958,-94.98359087174288,32.78310261431716,31.44258715086029
1959,-95.23196777184552,32.485443475686466,31.131190446046304
1960,-95.4859808726645,32.18681267173802,30.798019112524265
1961,-95.74382885384276,31.88741139495712,30.44739485420824
1962,-96.00105074627685,31.58106729400671,30.08408710208687
1963,-96.26084380944556,31.27093569823568,29.71303085982697
1964,-96.52381089828664,30.95820894619124,29.34001540305748
1965,-96.7895461241983,30.646310638978576,28.969868201290573
1966,-97.05754224368955,30.332357955369936,28.60685428936827
1967,-97.32719053435012,30.0147610482815,28.256462382326223
1968,-97.59778082864064,29.693050321603074,27.92330460736383
1969,-97.87139140596206,29.36689038534025,27.610399952805064
1970,-98.14533455780968,29.0385451650565,27.32114105518476
1971,-98.41409364820822,28.70961195708403,27.054507216526183
1972,-98.692776018632,28.368257507837285,26.81006226447842
1973,-98.9779826134232,28.01817959977233,26.58816206859119
1974,-99.26123110560266,27.664490935642988,26.38794650072648
1975,-99.54739140845916,27.30766114892272,26.20967422639099
1976,-99.8363113344148,26.948293965382184,26.054031196303733
1977,-100.12281660424422,26.58712720227557,25.921840282125427
1978,-100.41147275546795,26.227785800271583,25.81345293297125
1979,-100.70347620833816,25.86867996708732,25.72876141342388
1980,-100.9983705997412,25.50283247486876,25.6651756708736
1981,-101.29361781129349,25.136415549615013,25.625012321029345
1982,-101.58907137767912,24.76922795089599,25.608653863013235
1983,-101.88539078828065,24.394694944556875,25.615003858697648
1984,-102.18313388353651,24.019391294691808,25.644355297733146
1985,-102.48184986327011,23.64450433257513,25.696157249738235
1986,-102.77849355402772,23.266006654681377,25.771562731488764
1987,-103.07975963632566,22.88382709200051,25.86851035907756
1988,-103.38580025724036,22.50093901012832,25.9852355512794
1989,-103.69022507756053,22.11968428053737,26.120755277201923
1990,-103.99846527842614,21.73227659519835,26.273409781796623
1991,-104.31022037978724,21.33850968961643,26.440400967636645
1992,-104.62249904730666,20.94173588904204,26.619511469537684
1993,-104.928853862969,20.54987818624938,26.80586658365849
1994,-105.23927752687186,20.14911767999148,27.00092901185369
1995,-105.55531679646772,19.736805130632447,27.203652406654832
1996,-105.8829236701367,19.310198282416486,27.40902042832377
1997,-106.2126714330323,18.87863717226003,27.613050258777527
1998,-106.53700761758718,18.448083511926274,27.81002301163866
1999,-106.86343813555224,18.016325840820723,27.999978113637145
2000,-107.19409711037572,17.582735308179124,28.183271619954137
2001,-107.5260407434441,17.14804975865816,28.36109424922373
2002,-107.86119517055585,16.713141267761017,28.53422624221247
2003,-108.19970303193593,16.277816139966713,28.70369464573377
2004,-108.53846840017364,15.83871777058356,28.87198070015618
2005,-108.87013076217058,15.40732271986032,29.037149466035665
2006,-109.20155474954736,14.97238332397004,29.205742706341766
2007,-109.53723942229549,14.52894321908231,29.38014033629193
2008,-109.87688032540972,14.084445004999957,29.56110197730438
2009,-110.2248564744033,13.636155625808684,29.752561075743
2010,-110.5801659821008,13.181937288805509,29.95460391413207
2011,-110.93531038609252,12.728132781754944,30.163082193256106
2012,-111.2852562983454,12.27881843943686,30.376420845321007
2013,-111.6258044868979,11.838347735792007,30.59649069447303
2014,-111.97348116729934,11.39180384876328,30.831418240259325
2015,-112.32472567963735,10.941596599568175,31.077992721642744
2016,-112.66785824323702,10.500104723703622,31.33234510417644
2017,-113.00153063104662,10.068910047073429,31.59143861476337
2018,-113.33763335300917,9.634150948325024,31.856445636335003
2019,-113.68294791832176,9.18635028114348,32.12679811007176
2020,-114.02132098178002,8.746250849270604,32.394403753593764
2021,-114.35039262284523,8.314677713209443,32.654428728561285
2022,-114.67262588838412,7.884753043834676,32.9025668990881
2023,-114.99035264928388,7.460168823467853,33.13934116445786
2024,-115.30246016087492,7.044278224572764,33.36364928067677
2025,-115.60521908969014,6.638766588321681,33.5744493518709
2026,-115.90712109880302,6.229620900128775,33.77413535003005
2027,-116.20882750352644,5.816605129321264,33.961400361927346
2028,-116.50881094044124,5.400930475564824,34.13527481585009
2029,-116.7986964393989,4.996594439030424,34.29148824361874
2030,-117.08447317148162,4.588549656320773,34.43330402399252
2031,-117.37482605777274,4.165297783809371,34.56706603668857
2032,-117.66340897625544,3.7422085918878434,34.6894428393329
2033,-117.95240493824606,3.3120017627370046,34.803233885820305
2034,-118.23976681580648,2.875099869479,34.90944776329678
2035,-118.51411289428204,2.447714033577232,35.0045444150514
2036,-118.7775720469213,2.026508700856432,35.09260966419442
2037,-119.0355799430058,1.6032707597806586,35.179425491474966
2038,-119.29650191391794,1.1682451254350108,35.2721838471562
2039,-119.55039286615256,0.7346482133216445,35.365539993264434
2040,-119.78955115195154,0.3159555665706405,35.456263088565194
2041,-120.02226523516748,-0.1031195242492026,35.547743961257865
2042,-120.2521823568756,-0.5264597164301523,35.64210922543503
2043,-120.4819136487073,-0.9578143592934864,35.73914668371616
2044,-120.70205566854575,-1.3871139546371043,35.83448802006444
2045,-120.91222085087902,-1.8141459469989087,35.928820043563924
2046,-121.1159596623649,-2.243441997308175,36.02108019639133
2047,-121.31529965301591,-2.671582635490551,36.111491370106215
2048,-121.50760136533168,-3.0973730337646725,36.199708597444726
2049,-121.69292128171296,-3.523767257445472,36.28535099356753
2050,-121.87965084076382,-3.962432176719462,36.37137796320562
2051,-122.0664141086264,-4.403920339749766,36.455125947270325
2052,-122.24909497254596,-4.84387618309386,36.53443429617869
2053,-122.42211340994398,-5.282330405152873,36.60817751016653
2054,-122.5896641670098,-5.722066366221376,36.67653933928005
2055,-122.75846931269524,-6.175703088041187,36.74262956727822
2056,-122.92264239134836,-6.630686523095497,36.80480343090776
2057,-123.08553294076192,-7.086408697494553,36.86317056536442
2058,-123.24654752689976,-7.543451966298154,36.917578052804046
2059,-123.40101905949167,-7.998691706979284,36.96735699573382
2060,-123.55269431004652,-8.452708944195493,37.01280827767936
2061,-123.7053071623947,-8.913974645513367,37.05523086480022
2062,-123.85507594978232,-9.37795715824895,37.09223537583386
2063,-124.0014425772641,-9.835768306196451,37.124010989027305
2064,-124.14395048974646,-10.284205835257978,37.15076562681723
2065,-124.2865796976226,-10.740768504403178,37.17522327979317
2066,-124.42583287621568,-11.202855320864764,37.19740147714034
2067,-124.56239280177653,-11.665918205152062,37.216956436500425
2068,-124.70072044157628,-12.12720845224867,37.23315242741251
2069,-124.83761843752342,-12.59041806674385,37.24767465987982
2070,-124.97248380354227,-13.054955910426749,37.2614192448501
2071,-125.10572227572692,-13.517872105849976,37.273781177659096
2072,-125.23495124879744,-13.982657402247945,37.28485603891284
2073,-125.35957155084488,-14.448519419603643,37.29490180504536
2074,-125.48222256377784,-14.912306999825775,37.30428089659725
2075,-125.60356373028664,-15.377309598567397,37.312983431909366
2076,-125.7234485937488,-15.843733491602798,37.3210122388174
2077,-125.83933917237133,-16.312723286050833,37.328361277589536
2078,-125.9557503729088,-16.785423466678164,37.33536555714173
2079,-126.07237782488912,-17.259854321413364,37.34217727854745
2080,-126.18409791095928,-17.732663583421676,37.34889668682316
2081,-126.29572990969103,-18.20693939468125,37.35555841630129
2082,-126.40801943233151,-18.68268677346483,37.36222984312567
2083,-126.5177691078853,-19.160849096462613,37.36880982679792
2084,-126.6247728932379,-19.64236968972621,37.375185525793086
2085,-126.73056765703728,-20.126793216659014,37.38140014372604
2086,-126.8355556904852,-20.61431965286872,37.38772491339412
2087,-126.93817588738344,-21.097206242730767,37.39412991994559
2088,-127.03670957876386,-21.56736434908047,37.4005874472616
2089,-127.13209483125584,-22.044678333971405,37.40730982032031
2090,-127.2239257586664,-22.52264054456032,37.41411086539326
2091,-127.31355091206036,-23.00005105241109,37.42100342763144
2092,-127.40578955333451,-23.47892051596441,37.42801523164065
2093,-127.493453012112,-23.96332441870895,37.43516690736685
2094,-127.57390737781252,-24.45274146403704,37.442472590050826
2095,-127.6507696541358,-24.93137892098116,37.449655394800274
2096,-127.72182738669144,-25.407485859673177,37.45691998468403
2097,-127.78752762773212,-25.884858197713285,37.46435061160754
2098,-127.85020227490976,-26.36060891091962,37.471977470090906
2099,-127.90949638575094,-26.84104442528169,37.47963917910383
2100,-127.96525779007196,-27.325963501983026,37.48727437265654
2101,-128.0175370943286,-27.808657238002475,37.49475486683529
2102,-128.06658796557426,-28.29267922532729,37.50228532002381
2103,-128.11270526355054,-28.780210418125307,37.509885137587546
2104,-128.15476992510412,-29.27030751519481,37.517246704752736
2105,-128.1918657562291,-29.762027210717093,37.52457591587876
2106,-128.2247345651048,-30.255364460754308,37.531914257701374
2107,-128.25286591106988,-30.747231049383856,37.53919538127908
2108,-128.27514396747165,-31.240979352070127,37.54630551917871
2109,-128.291563056029,-31.738589085127188,37.5534699870209
2110,-128.3048133187916,-32.238915635771406,37.561098814494514
2111,-128.31011374650706,-32.734126166386545,37.568940682628
2112,-128.30783900026591,-33.22130517821718,37.576927635165966
2113,-128.30419939994323,-33.720465651715394,37.58523048641784
2114,-128.2957963970059,-34.22236728764794,37.59391338150634
2115,-128.2818063034603,-34.72217023171519,37.60302855980393
2116,-128.2628885705617,-35.22383474448702,37.61280391786609
2117,-128.2390970945991,-35.72749917803813,37.62329159763296
2118,-128.20975230632462,-36.23026377376012,37.63447699667265
2119,-128.17608554248278,-36.72654215983426,37.64639845540071
2120,-128.13736557811524,-37.21445881659335,37.65904324928342
2121,-128.09217795072786,-37.70615054260424,37.67252182066135
2122,-128.04336496910727,-38.19946400143228,37.68642005277625
2123,-127.98910189744473,-38.69406382110766,37.700788265981686
2124,-127.92938871310436,-39.18854885525052,37.71553514719352
2125,-127.86605006585702,-39.67835507313856,37.73067166333764
2126,-127.79624360254576,-40.16274044627027,37.74590837124497
2127,-127.72056852319272,-40.644087166489136,37.76103403517829
2128,-127.64161045955828,-41.12615002865625,37.77585427009947
2129,-127.55439793779082,-41.60517428025519,37.79035568214958
2130,-127.4590831180036,-42.08074988848868,37.804466334875656
2131,-127.3609418291568,-42.5579086483203,37.818066649238105
2132,-127.2576927715353,-43.03262324578466,37.8311975986816
2133,-127.14813381813453,-43.504297522520176,37.84388569993647
2134,-127.03201136481508,-43.97366936828652,37.8563835893729
2135,-126.90927469008246,-44.44054173610248,37.868375588905415
2136,-126.78023760394744,-44.902927357164,37.879698719942375
2137,-126.64703360360429,-45.360897465748266,37.8905064853441
2138,-126.50910918874612,-45.81465750671175,37.90085814050849
2139,-126.36617903885464,-46.26360879139353,37.91067283537605
2140,-126.2211362681693,-46.710369930798464,37.91979412690161
2141,-126.07499527728736,-47.15232224768209,37.92814893391248
2142,-125.92806611756126,-47.59006443230167,37.93561595073477
2143,-125.7783687216784,-48.02339108648343,37.941951609853525
2144,-125.6261059626182,-48.45116183751098,37.94694814749593
2145,-125.4715821788463,-48.87357037630064,37.95050271325001
2146,-125.31520321139604,-49.29424156593599,37.95259539104644
2147,-125.15539471757836,-49.71049388329178,37.95338007993741
2148,-124.99382099704128,-50.12093873125396,37.95284339263776
2149,-124.83392989696536,-50.52530773163157,37.95064889637064
2150,-124.67349090264844,-50.92346676024521,37.94698693071116
2151,-124.51205704201006,-51.316615728291936,37.94203441823055
2152,-124.35242001247852,-51.70938566444968,37.93608864552164
2153,-124.19250139316286,-52.09734844313691,37.92932099930384
2154,-124.03200639034254,-52.482503909413495,37.92193471294621
2155,-123.87387890028154,-52.87135547880422,37.91408934658391
2156,-123.71411110188484,-53.25645642882449,37.90594311000796
2157,-123.55270866978005,-53.63601570588028,37.897640724336334
2158,-123.3921050678937,-54.013725219349446,37.8892631790552
2159,-123.22976224755246,-54.387905477869,37.88105575189724
2160,-123.0655337685121,-54.75996014489296,37.87318044971664
2161,-122.90007902535524,-55.13035458087918,37.86570972304512
2162,-122.7368459212592,-55.5023069221445,37.85848053453643
2163,-122.5774987963727,-55.87681077182324,37.85156615307222
2164,-122.42046330458372,-56.250710850799095,37.84506839692323
2165,-122.2661452193058,-56.62360466931597,37.83891056788711
2166,-122.1148488901023,-56.99628964428315,37.8330052919619
2167,-121.96677727889494,-57.37286020795855,37.82720588330709
2168,-121.82203178931364,-57.750970212781006,37.82159874394909
2169,-121.68061240135896,-58.12943233142963,37.81621084062184
2170,-121.542417667113,-58.50804532359244,37.811066352587815
2171,-121.40724469403372,-58.8866079505018,37.806194953691296
2172,-121.27495082343604,-59.26491897317983,37.80151380641624
2173,-121.14690872415352,-59.64277712734182,37.79687801785173
2174,-121.02438961948474,-60.01998114907058,37.79253515685889
2175,-120.90620089761316,-60.39632981595106,37.788558608933855
2176,-120.790010599266,-60.77162192567789,37.78480028406205
2177,-120.67617377955878,-61.14565623141221,37.78119441697466
2178,-120.56558824305884,-61.51943138233867,37.77767994432377
2179,-120.45982518734236,-61.89724302923558,37.77425095379278
2180,-120.35538276961704,-62.27312440705804,37.77092176946152
2181,-120.25195661266508,-62.64449207765945,37.76771532992474
2182,-120.15243983242814,-63.01389757257941,37.76463165994051
2183,-120.05465263714154,-63.38113968718452,37.76159988742312
2184,-119.95725028352444,-63.748203191498206,37.75866983789409
2185,-119.86104760232584,-64.12152865048515,37.75587345974129
2186,-119.76954623466018,-64.49467542840759,37.75314850083336
2187,-119.68365344411755,-64.86565876202172,37.75052850352247
2188,-119.60326778543222,-65.23467989283819,37.748241891390826
2189,-119.52818637754277,-65.6019400686074,37.74604710173804
2190,-119.45810489276288,-65.96764053765472,37.74381155700446
2191,-119.39261755710392,-66.33198254915492,37.741480339027184
2192,-119.33121719121286,-66.69792017250201,37.73928178140224
2193,-119.27329510698966,-67.06425854338012,37.73727486390079
2194,-119.21814113808551,-67.42757823905751,37.73537433844675
2195,-119.16494373294202,-67.78828175611544,37.7336273525157
2196,-119.1127899136936,-68.1477576794857,37.73195496729717
2197,-119.06066527916444,-68.50855341523666,37.73012705535879
2198,-119.0103437774713,-68.8667757406688,37.728271052510735
2199,-118.96181588884168,-69.22182847701657,37.72636731343332
2200,-118.91183349420976,-69.57431540475585,37.72426483291255
2201,-118.8620184930112,-69.92759304374319,37.72204516928288
2202,-118.813116488988,-70.2808689906587,37.71980721926089
2203,-118.76512743182236,-70.63112629289175,37.71763725357627
2204,-118.71724294950722,-70.97916993160126,37.71554791208386
2205,-118.66719958440636,-71.32679099620034,37.71355928716684
2206,-118.6141889926055,-71.67693936985171,37.71169742457148
2207,-118.55821111030528,-72.02612433904426,37.71037886391453
2208,-118.49926593514994,-72.37415220891151,37.70956695365221
2209,-118.43735348492412,-72.7220291901614,37.709177920738405
2210,-118.37536366991476,-73.06969235077278,37.70893340203874
2211,-118.3145042871662,-73.41515440906367,37.70868215945153
2212,-118.25284598549214,-73.75835250907018,37.7083734371594
2213,-118.19054095138388,-74.10029285975288,37.70784417300585
2214,-118.12774138575642,-74.44296775450286,37.70700589798405
2215,-118.06459950642306,-74.78952830363964,37.70586051076893
2216,-118.0012674697398,-75.13943785820358,37.70453309866944
2217,-117.9378974022803,-75.49010794244585,37.702971015782886
2218,-117.87464136366675,-75.8346284126026,37.70096274068211
2219,-117.81165162177544,-76.17910444409635,37.698381400373954
2220,-117.74908035652255,-76.52433345519286,37.69525133214987
2221,-117.68707969532606,-76.86790221656078,37.69164725449075
2222,-117.62580181190712,-77.21015032285472,37.6874747786684
2223,-117.5653988633174,-77.5504790767508,37.682758476887706
2224,-117.50602305684448,-77.89137297440435,37.67752063730348
2225,-117.44782651326756,-78.2299450305245,37.671786404682
2226,-117.39096139931856,-78.56639145122844,37.66574976448531
2227,-117.3355798641182,-78.89997015077888,37.65971507042503
2228,-117.2818340662549,-79.22993904909646,37.65354513234448
2229,-117.22896891388348,-79.5586803592783,37.64725618299399
2230,-117.17373632895568,-79.88994897121385,37.6409298510105
2231,-117.11775804812952,-80.2172371930614,37.635014973412034
2232,-117.06177968972942,-80.54054501211148,37.62956323093128
2233,-117.0058013681888,-80.86638009502582,37.62401987945972
2234,-116.94982309195352,-81.19480952793324,37.6179845477886
2235,-116.89384482553852,-81.523848559787,37.6116700798183
2236,-116.83786645885424,-81.84719076586617,37.60558127661146
2237,-116.78188808978204,-82.17154504125949,37.60022591465629
2238,-116.725909755567,-82.49929861721847,37.59566008400804
2239,-116.66993146384462,-82.83078689844042,37.591763687580375
2240,-116.61395315964948,-83.16265752935504,37.588606190275584
2241,-116.55797479281104,-83.49173088822818,37.5861585126153
2242,-116.5019963131172,-83.8146546223128,37.58425681548494
2243,-116.44601783085838,-84.13833887567786,37.58288729028709
2244,-116.3900393692972,-84.46417221829411,37.58198836817581
2245,-116.33406086540236,-84.78819437749391,37.58154202922079
2246,-116.2780823221801,-85.11026700275644,37.5812982882176
2247,-116.22210376952196,-85.43217611691131,37.58117607997108
2248,-116.1661252017617,-85.7537833639736,37.58133251864521
2249,-116.11014660383644,-86.07388129560098,37.5815398743806
