frame_id,x,y,z
0,-0.051601795133832,-0.032905983958055,0.0069801105954662
1,0.0007462915369449,-0.0044644519373673,-0.0022752026287239
2,0.0269893725485798,0.0126193682243752,-0.0067987143656325
3,0.0236888552209971,0.0109883324963747,-0.007201333401261
4,-0.0125938531258784,-0.0167147031521669,-0.0040939685216108
5,-0.0852973451721225,-0.0778468827520479,0.0019124714873166
6,-0.1978602135978103,-0.1797653503340662,0.01020707783952
7,-0.3506234764645024,-0.3337745861304771,0.0194142027097528
8,-0.5512123861653366,-0.5532247062887835,0.0299507551192544
9,-0.8091098794093152,-0.8265385267579765,0.041694228017898
10,-1.1294712596770666,-1.165766013801935,0.0536503048619182
11,-1.508320426595046,-1.5743067099648436,0.065156086273139
12,-1.930838447201456,-2.035339363205701,0.0751166504375559
13,-2.3941624603301728,-2.536863040855255,0.0836193601081017
14,-2.893208857577161,-3.078955297281098,0.0914817200125401
15,-3.441589091901033,-3.6688357032290666,0.0994048293004227
16,-4.031072867591017,-4.300175536405343,0.1067523507085996
17,-4.666945142209181,-4.984966481603887,0.1132282035238887
18,-5.338118806483973,-5.713816903197278,0.1191429741204034
19,-6.031995664475706,-6.479615796621877,0.125246878763364
20,-6.761493101296201,-7.288143509928239,0.1323655604346545
21,-7.524431143923446,-8.11481713459875,0.1412829273310288
22,-8.31526180122961,-8.982604688683798,0.1519806062590664
23,-9.126813848778378,-9.871495404890563,0.1646250513811378
24,-9.949046164699972,-10.764766140284827,0.1791712631769167
25,-10.785614760036792,-11.662215654554169,0.1950056708570945
26,-11.6255611767564,-12.56022263847506,0.2113314747109478
27,-12.473833988621571,-13.46059984533568,0.2274573800094081
28,-13.312365270419324,-14.347402251395376,0.2425628007334446
29,-14.14196025970124,-15.232439621747204,0.2555817629651297
30,-14.96104544278814,-16.108888544516905,0.2658345416705283
31,-15.76120224158274,-16.973290380135616,0.2730958186869048
32,-16.54743210989148,-17.830228166587,0.2775528256162929
33,-17.32113206602033,-18.6714447163356,0.2793763874107106
34,-18.079423949059976,-19.51043762386323,0.2786012847870047
35,-18.8371254390141,-20.334271882469512,0.275324956600625
36,-19.592895541269684,-21.142695959396832,0.269884161365833
37,-20.342013763206857,-21.94814847914288,0.2621124326708199
38,-21.08775452473984,-22.751166042751333,0.252760700662892
39,-21.831390626806343,-23.54633553204373,0.2418138608162584
40,-22.557783883365406,-24.3235501559408,0.2300604848775866
41,-23.27687355708333,-25.101552887564807,0.2178645222196884
42,-23.99447013796914,-25.87636268721712,0.2058994401204546
43,-24.703095332991147,-26.649204572111763,0.1942133238246339
44,-25.405944592674395,-27.42877926644594,0.183256078770412
45,-26.10344274247171,-28.191624057956417,0.1727858122615367
46,-26.80078428967354,-28.945395771480587,0.1627282124185212
47,-27.496275960575648,-29.69078783738788,0.1520430542100828
48,-28.17982694403794,-30.43198338456312,0.1402019541671951
49,-28.850376531467,-31.163994403506425,0.1264726697717912
50,-29.51820921526387,-31.886080497467727,0.1109420108024851
51,-30.179452395817307,-32.60030094572342,0.0934152617892571
52,-30.83426847675332,-33.298012866669296,0.0745495098079461
53,-31.49416514741003,-33.99758191114642,0.0550594016014943
54,-32.15261585359356,-34.6987406352311,0.035405787022868
55,-32.81500621908425,-35.405332527857965,0.015522465256679
56,-33.487487571439445,-36.1156127146073,-0.0040620105714777
57,-34.170059873462314,-36.82025580706232,-0.0231091751625341
58,-34.861811609437055,-37.54079605790295,-0.0415466746583417
59,-35.55123515790383,-38.27884336706389,-0.0598712447418836
60,-36.23710289301256,-39.02791139434032,-0.077981707340759
61,-36.92385246929899,-39.78153556714474,-0.0962221774702611
62,-37.61518898089619,-40.54481874685975,-0.1139845263376333
63,-38.30866612520325,-41.30966474596454,-0.1313372421147638
64,-39.00108843182333,-42.0679991848175,-0.1487609692209342
65,-39.68613702369117,-42.8233151321285,-0.1655896602930799
66,-40.37165014664737,-43.57400269359336,-0.182246995536763
67,-41.06404537613345,-44.31159001150991,-0.199228507939019
68,-41.75666243024122,-45.046562945630846,-0.2166176666322147
69,-42.45137110001495,-45.78761969920876,-0.2345650299191965
70,-43.1495760991907,-46.53862893130983,-0.2531552537922947
71,-43.84866354734966,-47.287780902898064,-0.2723155141077565
72,-44.55402547799213,-48.04189899010727,-0.2920489814478072
73,-45.26441965924125,-48.80444186940368,-0.3122763902074567
74,-45.97992953476669,-49.57357916996657,-0.3326366924852685
75,-46.70165914653073,-50.35291459710524,-0.3535469887164799
76,-47.42213013090716,-51.136811206076814,-0.3744404140041186
77,-48.14715308054864,-51.93465889640007,-0.3942072730257886
78,-48.88666719982309,-52.74017080811895,-0.4129357589277554
79,-49.62553425935568,-53.5494783678947,-0.4305893202977574
80,-50.36502716525984,-54.37580160569807,-0.4462722564141341
81,-51.11229731315102,-55.2010439237674,-0.4600548673921889
82,-51.86838632504097,-56.029881421409456,-0.4719491380361009
83,-52.6296877872466,-56.85189370203608,-0.4820461187798319
84,-53.39847410374552,-57.67428147253179,-0.4905300253294945
85,-54.1730291581658,-58.50688745391852,-0.4977293258441563
86,-54.95879453477559,-59.337231925561376,-0.5039010598323218
87,-55.752933470421446,-60.168153104959565,-0.5090904743428322
88,-56.54532076444899,-61.009083775568094,-0.5128663829174752
89,-57.34902356463046,-61.85725858622851,-0.515524137227442
90,-58.15957100424579,-62.704809430201216,-0.5173251981763648
91,-58.964391542692674,-63.55358521378917,-0.5178628110565451
92,-59.77410611407093,-64.40665294946459,-0.5172869636456697
93,-60.58407186649739,-65.25949923407616,-0.516141451875638
94,-61.39478190417706,-66.11575377456072,-0.5150481611990052
95,-62.20362243862943,-66.97719580954987,-0.5138723364372898
96,-63.022136917890414,-67.85435382105693,-0.5125943203269723
97,-63.84604245729825,-68.74862389789867,-0.5116095596982546
98,-64.67366796788224,-69.64646989108411,-0.5103836432278261
99,-65.50146002031734,-70.5529888484516,-0.5089263632144684
100,-66.32770233183571,-71.46110499393997,-0.5072549909798478
101,-67.16366241477863,-72.36776790259336,-0.5055814954060234
102,-68.00069108190488,-73.27867668554984,-0.5041389293998377
103,-68.83509978232092,-74.19159770418824,-0.5025157509966053
104,-69.67693284846516,-75.10055849991058,-0.5011406953501824
105,-70.51631787208528,-76.001890054547,-0.500709145280985
106,-71.35735628206646,-76.90502504266883,-0.501146645279861
107,-72.20114705749293,-77.81752722718234,-0.5024480518375958
108,-73.04491192550783,-78.73063050757939,-0.5044438007967808
109,-73.88865098084356,-79.65158170975243,-0.5072292950949585
110,-74.73514231265669,-80.57279858158978,-0.5100350397114448
111,-75.58328696017513,-81.48900217093555,-0.5132007033952277
112,-76.42898365294836,-82.40702935009953,-0.5165880303579778
113,-77.28210481850239,-83.33048960138059,-0.5204914697036388
114,-78.13648320890302,-84.26299257354906,-0.5250239885064807
115,-78.99014643055267,-85.19732666565187,-0.5299623507780497
116,-79.84503418156883,-86.12195544489431,-0.5354583758483277
117,-80.70172826762949,-87.05207185645364,-0.5417714460121484
118,-81.55936858905399,-87.982038913265,-0.5482710238487652
119,-82.41354166244196,-88.9124100584399,-0.5552053679104803
120,-83.26546104989683,-89.84195104434973,-0.5618570774769227
121,-84.12260517758968,-90.77715149828408,-0.5681985877643533
122,-84.97974953448056,-91.71295553833416,-0.5741199219562613
123,-85.83554676981082,-92.64941016338254,-0.5813389643787868
124,-86.68809914061,-93.58654059543092,-0.5927421536023191
125,-87.5467546574491,-94.51387350110735,-0.6094021192982481
126,-88.40359610086448,-95.44332849392896,-0.6267868391011692
127,-89.25391219355471,-96.36820190789446,-0.631337498860776
128,-90.09845184928704,-97.282142191085,-0.6111528760889192
129,-90.93907074165664,-98.19447452575264,-0.5551295177199258
130,-91.7682290708921,-99.09172646270744,-0.4561945978244042
131,-92.58131761242372,-99.97809102286844,-0.3030049432998925
132,-93.38538624238238,-100.85181113953628,-0.0718911177807705
133,-94.17579776966424,-101.72336506899414,0.2905262522848858
134,-94.95184085167313,-102.57705745157206,0.7933869737339141
135,-95.70442876259236,-103.4097208212022,1.3766326558601991
136,-96.42960011320692,-104.2044249100508,1.993973145446796
137,-97.13233513591744,-104.966289668088,2.6228942604278047
138,-97.80031590191057,-105.70804381127724,3.222736758854185
139,-98.43016596700954,-106.4182356422673,3.7464080318603328
140,-99.02862944265216,-107.09277122252402,4.173237671453025
141,-99.59983306198454,-107.7420547374964,4.518219890810724
142,-100.139967374036,-108.36123108226428,4.809190316179704
143,-100.65625464639967,-108.94830564893286,5.086030920632338
144,-101.15892688228998,-109.51315670839128,5.420205271320916
145,-101.64587132401994,-110.05255107141916,5.867820271913801
146,-102.11632103748089,-110.56046541867704,6.41691709172945
147,-102.57476602987455,-111.04570668610766,7.029588361709579
148,-103.02166195683536,-111.4973616485704,7.6477771290180865
149,-103.45692444232618,-111.9464288689924,8.236966940438814
150,-103.88074116173723,-112.39243336309214,8.771871199424112
151,-104.29419572689206,-112.82799255509477,9.246695750824252
152,-104.7132404985525,-113.27287338517644,9.685135534865294
153,-105.1339108520028,-113.74105007590408,10.1143772042691
154,-105.5687953502166,-114.22264187588183,10.5420344706273
155,-106.01298581881666,-114.73242769217616,10.962259789460022
156,-106.48160956643328,-115.26805275026092,11.384245394303594
157,-106.96979704316888,-115.8259001391919,11.799952800444975
158,-107.47605591057228,-116.41643316289388,12.202714915666256
159,-108.01317028294682,-117.03229210624256,12.56518188914528
160,-108.564467919232,-117.66540373995473,12.836599149274823
161,-109.1341797780971,-118.31852442795636,13.041630154638476
162,-109.71526894327192,-118.97958072992851,13.210333625776954
163,-110.29781053478098,-119.65057979486824,13.358073384651703
164,-110.89005042107672,-120.3333348900176,13.496150626713591
165,-111.48896694785384,-121.02471348668615,13.628901198288306
166,-112.09534586429342,-121.73253856830873,13.74841116088809
167,-112.70671621107589,-122.46061773778068,13.848413710363747
168,-113.34341317623964,-123.1942818047849,13.929227052545048
169,-114.00115390647252,-123.93914261302852,13.992911434369576
170,-114.6752829172945,-124.70348001419391,14.04092319426282
171,-115.37677908354348,-125.48423335477882,14.07838381327489
172,-116.09398217869658,-126.27117518272912,14.109304078929208
173,-116.82776378917632,-127.07414475552612,14.13744722586823
174,-117.56772765678068,-127.88450519835315,14.16486672315051
175,-118.31417584781524,-128.7095284488279,14.192985782539848
176,-119.0693543867403,-129.5365821844599,14.22328817899396
177,-119.83000162388292,-130.3688677147708,14.254935185051114
178,-120.5921367072756,-131.21123981158448,14.286873330646312
179,-121.36364756456476,-132.05759184423968,14.318721025396329
180,-122.14414373146492,-132.91056665123287,14.350257454908691
181,-122.93024802276642,-133.75993675141245,14.380779671918168
182,-123.71886766835192,-134.6125910018368,14.40961450087929
183,-124.51543995150249,-135.4696251840334,14.436772209184747
184,-125.30331106788552,-136.33626653804356,14.462583792246456
185,-126.08404552978884,-137.2065301206854,14.486235387636246
186,-126.86095774684458,-138.06932806246567,14.507997833766366
187,-127.63527104033356,-138.93515200756474,14.527860662012
188,-128.4082084406087,-139.79643818029618,14.545720180027892
189,-129.18099324608608,-140.66195267440546,14.561406705353852
190,-129.954848456018,-141.52444863493344,14.57559430964394
191,-130.73099728440172,-142.38875555742024,14.589190536972865
192,-131.51066282122565,-143.25160677193628,14.602383049922054
193,-132.29506816392058,-144.10975741642025,14.614982583256852
194,-133.08334514361437,-144.9715300685035,14.627205257573914
195,-133.87022409402678,-145.84014451023748,14.63906710645883
196,-134.65949490852478,-146.71762051830703,14.650541085257345
197,-135.4517199075989,-147.59203183166375,14.661017719341784
198,-136.24533459686438,-148.4700853273076,14.670611019487197
199,-137.0478174329867,-149.35437673866863,14.679278672940962
200,-137.8546306942904,-150.24651599951767,14.686905175683682
201,-138.66298649809488,-151.14001681933405,14.69385563575153
202,-139.47839068206952,-152.02155259472778,14.69996070594379
203,-140.29330144957666,-152.90832197537256,14.705589240502228
204,-141.11433404289306,-153.80253668457712,14.710950119824416
205,-141.93229378642303,-154.70258705397652,14.71613234133053
206,-142.7514782571597,-155.60686316774843,14.720439599200352
207,-143.57482679884558,-156.5137551222442,14.724028878337595
208,-144.39714468073808,-157.41479122542188,14.726491086013088
209,-145.2188525813419,-158.32045725161575,14.727902126874184
210,-146.0390127524979,-159.23135523037536,14.728647262334688
211,-146.86180663154283,-160.1374034238174,14.728773463653605
212,-147.67952022725237,-161.0447252665163,14.728115249013117
213,-148.4985967172174,-161.951863393237,14.726352679147157
214,-149.32290639126654,-162.86664057171947,14.723376014841016
215,-150.14641577880502,-163.79501082227694,14.71965363085983
216,-150.9824837727218,-164.72659792072932,14.715094207096348
217,-151.8151673606505,-165.66017721532344,14.709131980971746
218,-152.6557342485502,-166.59865207292265,14.701592935489792
219,-153.4955349972454,-167.53734571464736,14.693159338931082
220,-154.33088112901024,-168.4798753410728,14.683668259561236
221,-155.17390857661275,-169.42663056839322,14.673747168698572
222,-156.01508622089358,-170.3728985906549,14.663817209221044
223,-156.85502748731676,-171.3159124766491,14.6539509170699
224,-157.68895584183144,-172.26254853939432,14.644441596319329
225,-158.52173142350512,-173.21458000034298,14.636053996808386
226,-159.3477870354199,-174.17549077096402,14.629385685666552
227,-160.1637365220194,-175.13700529251662,14.625199929294467
228,-160.96782469822813,-176.09595086645476,14.623735092360144
229,-161.7539166535122,-177.05033292929878,14.624711909152284
230,-162.5202700233317,-178.0005355515244,14.627981910615048
231,-163.27292467920307,-178.94150857634295,14.63251393647764
232,-164.0129737901484,-179.87130511299222,14.637102597163487
233,-164.74269455571198,-180.77710757676604,14.641367946227016
234,-165.46134274195742,-181.679718227044,14.644393630878149
235,-166.1731822218813,-182.5800978649974,14.645509487885931
236,-166.87491554170765,-183.4767893336841,14.644480766001042
237,-167.57102758901874,-184.37081292227688,14.642054081662405
238,-168.2577095883019,-185.2716139624644,14.638813023497995
239,-168.94101428367912,-186.1808667296524,14.634635759982295
240,-169.62111543592545,-187.09214943322712,14.62998574541242
241,-170.29225084422444,-188.00683307238225,14.62564537067231
242,-170.95553866581784,-188.9294310597463,14.621421086986413
243,-171.62173366712238,-189.85687606198647,14.617293886718336
244,-172.28335734632927,-190.78731942188583,14.613956604351412
245,-172.93366587670252,-191.72587672286824,14.6123459853771
246,-173.58345378049736,-192.67996643169948,14.611985460056102
247,-174.22843783263988,-193.63828198929264,14.613261541621547
248,-174.8676961641453,-194.5981629932174,14.615674898107898
249,-175.50180533679264,-195.5605954644969,14.619215696163067
250,-176.13627151877324,-196.52656534550607,14.622476916632296
251,-176.76518355915593,-197.5001837961348,14.624183787925698
252,-177.38838957094367,-198.4705751336492,14.624572692871403
253,-177.99694483686534,-199.42193480620435,14.623310143120952
254,-178.61973934388075,-200.4144395423189,14.619297355494954
255,-179.2457423142602,-201.4200914869261,14.613326066285012
256,-179.8615876992719,-202.4321000421706,14.606107384202042
257,-180.46524805103627,-203.4381884942598,14.598176532775565
258,-181.08956318465945,-204.4869171849199,14.589411483059465
259,-181.7014067359605,-205.5427650741924,14.581145531712114
260,-182.3205905653881,-206.6198052464846,14.573069870297946
261,-182.92797256185816,-207.69953710044092,14.565754469135596
262,-183.54071179698136,-208.8055804913151,14.559102973471816
263,-184.151361070693,-209.9396661820213,14.55320251618646
264,-184.7609555513472,-211.0744896568358,14.548418181194169
265,-185.3683312294745,-212.2186191929085,14.544317028071935
266,-185.9837908528951,-213.40580427846032,14.540698503648878
267,-186.5861970304049,-214.5844003995348,14.538417636842718
268,-187.18100319705684,-215.77274627185332,14.53637586125074
269,-187.76801084086225,-216.9318748774261,14.534047851061889
270,-188.34787614843464,-218.09414410047944,14.531170917094736
271,-188.9019949771405,-219.25152609615355,14.528886667556415
272,-189.4528112333592,-220.420675463154,14.528067715179452
273,-189.98434134752463,-221.60916007460065,14.53038208257671
274,-190.4980219589236,-222.79728950202704,14.535656767900962
275,-190.9803586973024,-223.9932507983356,14.544558324627916
276,-191.4247521331676,-225.19376910538185,14.557181703299532
277,-191.82534271895847,-226.4050902941383,14.573012686874057
278,-192.17076393432265,-227.6260542557164,14.59151915474652
279,-192.4556488378663,-228.8445848093617,14.611962697536589
280,-192.68437059443664,-230.060888175892,14.632397574539825
281,-192.8449517936892,-231.2259180824281,14.652056790433356
282,-192.94784807870303,-232.3838439903693,14.670383699858755
283,-192.99673565086377,-233.54984781164828,14.687675540301354
284,-192.9949419683512,-234.70342362963663,14.704226862760468
285,-192.9447499553632,-235.84581397608952,14.720248825386602
286,-192.83447064725365,-236.93586666818493,14.735282452572484
287,-192.6809227884524,-238.02278714585609,14.750449620488912
288,-192.4861728153028,-239.08645985893887,14.765149163794842
289,-192.24670150073183,-240.1247384207252,14.779757570918694
290,-191.96123722192087,-241.1367760027553,14.794619014238169
291,-191.6374207071453,-242.1154588731624,14.810441547317977
292,-191.2780565913032,-243.0725539040001,14.82743422162068
293,-190.8843192474652,-243.99330081586908,14.845052935864272
294,-190.4554596758266,-244.8843226506985,14.862680018251243
295,-189.98433902637765,-245.7497305589989,14.880300585768117
296,-189.4742188803957,-246.5820948605179,14.897525715586042
297,-188.92404831134937,-247.3900584496189,14.913869219221649
298,-188.33693397202663,-248.1616949658515,14.929529081854373
299,-187.72300289023948,-248.90715705468864,14.944800570416067
300,-187.0773947338015,-249.62096630183777,14.960311436547984
301,-186.40351833629367,-250.2994358862602,14.976496480548269
302,-185.709794428916,-250.9430149907791,14.99362246853026
303,-185.01490084783748,-251.54048957021303,15.011821948123847
304,-184.32641230937816,-252.0920229211781,15.031479083151003
305,-183.6512600633067,-252.5961215872035,15.052107577093606
306,-182.99313288957745,-253.05847781759195,15.073101481185727
307,-182.3437044424417,-253.48034622774085,15.092734188352557
308,-181.69400503296825,-253.86727436321416,15.109246122083928
309,-181.04265909877608,-254.23761957880816,15.121225319488984
310,-180.38073270239127,-254.60130447302032,15.127741359214795
311,-179.69412802666682,-254.97550109272032,15.12818306829945
312,-178.96845003581203,-255.36526566989207,15.123405512794632
313,-178.18902516255136,-255.76918239197903,15.113148346762824
314,-177.36638145378487,-256.1851447319713,15.09878284197802
315,-176.50721204515622,-256.62177012726295,15.082301954686674
316,-175.60955699798174,-257.06948242458094,15.066954713224035
317,-174.67259759803846,-257.52644283305176,15.053977102869307
318,-173.70552852839336,-257.990563318875,15.044234017812228
319,-172.69825545052942,-258.46228677555314,15.038557440929942
320,-171.65734086916177,-258.9457022080793,15.03704591690896
321,-170.58645408351208,-259.4301041168712,15.037859652732704
322,-169.48137656209042,-259.92000605983435,15.040046198419802
323,-168.34490945532147,-260.41234094749205,15.041659845618764
324,-167.17003870813042,-260.9121219859196,15.04498010110432
325,-165.9601871822223,-261.41405258245925,15.048699544456705
326,-164.73581998334222,-261.91862861267015,15.05312688084915
327,-163.50061028201296,-262.42128447882936,15.060738233781512
328,-162.27759323524535,-262.90274414662065,15.075059527419596
329,-161.08416408189814,-263.3696143094471,15.096328670501148
330,-159.9404973396666,-263.81787995044635,15.125496153331564
331,-158.85604648295217,-264.24685174217547,15.16094939043952
332,-157.8392492694794,-264.6444566313651,15.199912250028174
333,-156.8874778314818,-265.00607916343006,15.237879059246376
334,-155.99059239021406,-265.34418265082985,15.27017688919577
335,-155.13181027269934,-265.662840046718,15.29258272280859
336,-154.28728762265837,-265.97235996392544,15.30371382039016
337,-153.44252365772985,-266.2746159716669,15.300226295024972
338,-152.58313659723962,-266.5706346028278,15.283233659172458
339,-151.6999278075167,-266.8624106266434,15.255532242465389
340,-150.78203014435385,-267.15170653155457,15.221097277762128
341,-149.82586280849142,-267.44786527754417,15.181524413401526
342,-148.8299100208012,-267.7450108355076,15.139504364553398
343,-147.79563382903086,-268.04823995816696,15.09988327956766
344,-146.7176245791782,-268.3440165182912,15.0651026071738
345,-145.61078785713892,-268.6405981816182,15.035783204626425
346,-144.4906137807028,-268.93259574480146,15.014495508194033
347,-143.38059841118397,-269.2109733751553,15.004197768705165
348,-142.30153566037202,-269.47975775186063,15.006089940223722
349,-141.2686130056015,-269.7279488288881,15.020022441436486
350,-140.291363119035,-269.96532634181926,15.043608916556536
351,-139.36611644154377,-270.1830087438243,15.07250317133431
352,-138.47391035868984,-270.39201901075575,15.10197762024529
353,-137.5980283377772,-270.59053991432745,15.126494428507865
354,-136.72608603649084,-270.7866462383499,15.14222023080202
355,-135.83487903443617,-270.9840067462667,15.147686545867392
356,-134.90120268945603,-271.17276001081706,15.139924817629025
357,-133.92350920165143,-271.3679882689482,15.11913112577698
358,-132.9032789652847,-271.56818540513365,15.08995036685746
359,-131.8450095333274,-271.7728572115977,15.058275736082162
360,-130.74884416480495,-271.98041886864377,15.026568765667315
361,-129.63066149660247,-272.18153951811126,14.999004773625646
362,-128.50473767819042,-272.3869778671305,14.979424800124008
363,-127.39651236158085,-272.5791533986473,14.969691123158878
364,-126.3210510757825,-272.76813573796886,14.97075878740635
365,-125.29991315794618,-272.9376239964224,14.98295281517716
366,-124.35175770313832,-273.0868155392622,15.004496923068125
367,-123.47685093766964,-273.2088912686964,15.033422437583312
368,-122.66718562737036,-273.3026684182331,15.066254600513444
369,-121.9191114691785,-273.3689873431948,15.099833936546352
370,-121.22037972898713,-273.41418207844254,15.132315057017465
371,-120.54781633035977,-273.42725335800645,15.16127446020097
372,-119.89176600865152,-273.41246755262125,15.18412559457413
373,-119.24095829424893,-273.3631648996797,15.20203282349187
374,-118.59128872136014,-273.28966185899026,15.215791503906438
375,-117.947022905414,-273.1817055962807,15.226810625424282
376,-117.31011094883408,-273.04236313609414,15.236085515667463
377,-116.67699478909516,-272.87056710132583,15.245218317512789
378,-116.05517210299962,-272.66894844630787,15.254745279563206
379,-115.43835938702912,-272.4291905815272,15.264562786786197
380,-114.82827942160644,-272.1599531456134,15.27380562960746
381,-114.23194634955529,-271.8621969420535,15.28161368824663
382,-113.63723054927594,-271.5427858497212,15.286794547432388
383,-113.03188298429532,-271.18963703536923,15.288359235250423
384,-112.40810986966576,-270.8073915134841,15.285832545764595
385,-111.7590780505328,-270.39731632065934,15.27882620133168
386,-111.07894170049444,-269.95092546814226,15.267404072225
387,-110.36460841040676,-269.4627530440609,15.252205420248425
388,-109.61382567898298,-268.9437988069574,15.233894286226384
389,-108.81332598159968,-268.3958253285966,15.213826525360805
390,-107.97507144166816,-267.8139902552768,15.193201010166783
391,-107.08942522168915,-267.2037419693776,15.173475556731102
392,-106.17091712040715,-266.57992430725034,15.155802038103658
393,-105.22199343216722,-265.9398809461037,15.141030337463668
394,-104.23011364657904,-265.29239995272536,15.129248636449685
395,-103.19939353964428,-264.6139490277733,15.120192086416465
396,-102.13196820958872,-263.92387643450684,15.114097825202872
397,-101.03268051046626,-263.2111814760257,15.11105443567931
398,-99.90311283480732,-262.4698096167268,15.110644016051964
399,-98.74600412287955,-261.71080335674674,15.112223464259054
400,-97.5593419863341,-260.9407572196272,15.11559135233078
401,-96.34237398067695,-260.1530943224472,15.12053498674538
402,-95.10655971874718,-259.3526440161794,15.127660366449271
403,-93.84773040684632,-258.55288956771074,15.138628932243382
404,-92.57461570548033,-257.74834983833193,15.153200297848352
405,-91.2867321265232,-256.94101955631004,15.170695686290417
406,-89.9845989880857,-256.1380994977337,15.189175299865877
407,-88.66972278819551,-255.32406640646423,15.207496854372131
408,-87.33548520556538,-254.5110469920825,15.2262954720273
409,-85.98613092261218,-253.6925280339373,15.245547370802626
410,-84.623406840437,-252.86957693186923,15.26343293943998
411,-83.24853607985666,-252.03980153042687,15.280392165557036
412,-81.86221821063754,-251.21007211158465,15.297585281678138
413,-80.4587774986591,-250.36862593676548,15.31555873637968
414,-79.04606517595505,-249.5205565155844,15.335530350052876
415,-77.62554017544382,-248.671591333692,15.358222879812606
416,-76.20189507098469,-247.8162309019189,15.38297460794603
417,-74.77266455965275,-246.96616677744936,15.408597632352446
418,-73.33409383936662,-246.1233929192092,15.433257398740688
419,-71.88270055363313,-245.2712701334497,15.4563388369813
420,-70.42632645237977,-244.42189986186568,15.47752729815455
421,-68.9630571834093,-243.57648954747745,15.495396668996229
422,-67.49260917820891,-242.7258472032772,15.508397581265896
423,-66.0176295025929,-241.87659576302883,15.517477374523242
424,-64.53346115965925,-241.02345631152176,15.522896426011576
425,-63.034803712217766,-240.1588467089697,15.524006307022931
426,-61.52716344268626,-239.29786168196367,15.521227745083424
427,-60.00551060969286,-238.42473648639208,15.51538354553564
428,-58.47885392806703,-237.5393829905229,15.507175531203456
429,-56.944617202217394,-236.65512770403743,15.497098373427535
430,-55.39558237457923,-235.7547721154203,15.48615971609028
431,-53.83542213278632,-234.841207153702,15.475475637771764
432,-52.27455446355404,-233.92362645530648,15.465339564816311
433,-50.70002787190742,-233.0034110244226,15.456466194791645
434,-49.11991455708208,-232.07420445324183,15.448185227713903
435,-47.53476303970172,-231.1357677624658,15.44068813799108
436,-45.9443994366201,-230.19315100905817,15.433850506886715
437,-44.3427710228204,-229.2459702313461,15.427185728799625
438,-42.72847308657304,-228.2960062781508,15.421945924722795
439,-41.10702317854868,-227.33638291050067,15.417735956958664
440,-39.48731986112588,-226.37342290293844,15.414276076863274
441,-37.86550255956946,-225.41150301918165,15.412335472359384
442,-36.23634666646336,-224.44535690511964,15.412552961257564
443,-34.6046563363941,-223.48291719003728,15.4152815256601
444,-32.97300782165664,-222.5183079061397,15.420955031082457
445,-31.33352705149744,-221.55803636465663,15.430375658978924
446,-29.69864881082958,-220.5904923265135,15.443928764816954
447,-28.067759636586427,-219.6280162198362,15.463164029759955
448,-26.4456362205552,-218.66640900537428,15.48844711411135
449,-24.83129556359025,-217.70377497854923,15.518556961892171
450,-23.22092869560756,-216.74518268683948,15.55222756950631
451,-21.62605626873001,-215.7969189668072,15.587135848548195
452,-20.04492954004515,-214.8627930335384,15.621195914112688
453,-18.47007003958788,-213.93818924426773,15.652329337691866
454,-16.907237440358514,-213.0196884377758,15.677898559677006
455,-15.350672043746467,-212.1043870921557,15.69653785200528
456,-13.797178336329148,-211.18566222555907,15.707882063028134
457,-12.246654390953717,-210.2770666947748,15.712613669497603
458,-10.705268843475537,-209.37468905144164,15.711309735840503
459,-9.180681725281092,-208.4858012352419,15.704953040124682
460,-7.662426719536906,-207.5968670985,15.69480455088368
461,-6.147666363998486,-206.7129836233817,15.681726179668988
462,-4.644790747489395,-205.82827484006472,15.667074728479314
463,-3.159139076435935,-204.95483632010527,15.652480573355186
464,-1.6820122775677169,-204.08977703154235,15.639100465955408
465,-0.2154094141362151,-203.2248893170504,15.62631579370754
466,1.2420041513604982,-202.36113652985617,15.615034319418257
467,2.690919630338855,-201.49599235809663,15.606645275677666
468,4.1321970708333735,-200.6362936245302,15.600986889882517
469,5.568977157603944,-199.78564993035693,15.597032616170132
470,6.99289466323032,-198.94256798304772,15.595064758789505
471,8.406103498215828,-198.10630073559665,15.594443635398385
472,9.823001236035283,-197.2717981799985,15.593736260325144
473,11.23315601731676,-196.43944434475452,15.59282983739878
474,12.630906910040668,-195.60158240861605,15.591898893651898
475,14.021761982031377,-194.77952857515248,15.59066738001234
476,15.40283151617806,-193.9602892315464,15.58884755327036
477,16.77362243184999,-193.1482764108274,15.584783411550704
478,18.144281183632373,-192.33877036487792,15.579585888957906
479,19.50104092980004,-191.5364908288064,15.573302589524818
480,20.84684104662525,-190.735826001002,15.565309193032892
481,22.19018057825273,-189.9384452387901,15.555504563948514
482,23.531405407771576,-189.14022493470804,15.545317079477677
483,24.866077802550507,-188.342946036116,15.534099574882912
484,26.19346580512968,-187.54897722564704,15.520941887509451
485,27.515488884762725,-186.76381788123328,15.508425955769445
486,28.832328559470632,-185.97697634076687,15.496626968086082
487,30.14177873071905,-185.19778302927332,15.484962240268072
488,31.44739290586772,-184.42058167089223,15.473642754017533
489,32.75254813942577,-183.64561121493588,15.462669254384824
490,34.05636212557981,-182.8781506048815,15.452444773945391
491,35.34767234656392,-182.12278880658548,15.442271344021483
492,36.63518035458685,-181.36981641543005,15.432078389684778
493,37.92639260434064,-180.617247960446,15.420420812561416
494,39.218535344578655,-179.86131038488162,15.407149752038473
495,40.501483157679054,-179.10562084950055,15.392371456804907
496,41.78696109554304,-178.3469126708951,15.375451228995887
497,43.07040975417272,-177.58702208732916,15.357242862178236
498,44.35487932630244,-176.8172257585456,15.336677437917585
499,45.64252437455907,-176.04445689326988,15.313963674101354
500,46.93962817141996,-175.26511171440362,15.290281984842236
501,48.243241765042,-174.47895126970667,15.266023111157129
502,49.55726846131767,-173.69377824505094,15.24086895768532
503,50.882622430018685,-172.90965802437776,15.214949158212274
504,52.22174981227093,-172.10505636931236,15.189253798124762
505,53.576537651658775,-171.29144507724664,15.164141409169885
506,54.95151098104808,-170.47486181560166,15.141031483697905
507,56.34316270013208,-169.64385403191304,15.121274159033169
508,57.74726400996019,-168.80101760124762,15.106023404924963
509,59.16222419856872,-167.95339809120074,15.095771737780495
510,60.588345240541145,-167.10123445141187,15.091167863164335
511,62.02115935774838,-166.23603479276164,15.09177403376881
512,63.45896942379458,-165.35885975600328,15.09837304166416
513,64.89106520452043,-164.46831342227077,15.11008414395079
514,66.32875006012998,-163.56909532139383,15.124809675386675
515,67.7595332057955,-162.65816787068383,15.140782869577254
516,69.17134808265382,-161.74470227770385,15.15821224604121
517,70.61565630720276,-160.8015247641,15.176393696366915
518,72.06169043134284,-159.85678282976411,15.194098122854877
519,73.4947262124972,-158.90079870187728,15.210539843773098
520,74.92509361665313,-157.94298481698536,15.226507469619325
521,76.35459235150002,-156.98501642343442,15.24153828333696
522,77.77556241681528,-156.02569374914194,15.255938684621356
523,79.19340528139632,-155.05201722660152,15.270264809664312
524,80.60499243225145,-154.07176697312727,15.284360213934283
525,82.00692764312316,-153.07769620868876,15.298229999718586
526,83.39213788098866,-152.08525496869325,15.310533864378078
527,84.76992786936704,-151.0868516853223,15.321990689427714
528,86.19722734776458,-150.04627881157083,15.33317398314706
529,87.66338114514893,-148.97352263437418,15.342712147986395
530,89.08499517254072,-147.9333870861078,15.350608777535896
531,90.51432576505572,-146.87839261740825,15.357200800982342
532,91.96658256820928,-145.81719050293637,15.361567689450368
533,93.40476125616924,-144.76186700166508,15.364246355336055
534,94.85064864129076,-143.71034728083544,15.363800965193658
535,96.30759809242342,-142.6550633665503,15.359006986526314
536,97.78379369876085,-141.5848376267981,15.34864982448637
537,99.24054806342468,-140.5245913055406,15.334272888537342
538,100.65386940172073,-139.49812739691805,15.316375357273015
539,102.06688466570483,-138.47327312993417,15.296947229258352
540,103.5179894909198,-137.41972656873253,15.276796785954524
541,104.95199678070216,-136.3833226439655,15.257606036944146
542,106.3464044955996,-135.3751090072999,15.242721146926955
543,107.77466636576207,-134.3385360812779,15.233133075156656
544,109.21158971785916,-133.29738632288763,15.22780450006126
545,110.64586818133806,-132.25709438741038,15.22611170795373
546,112.1033960330911,-131.2072152568798,15.226648657333564
547,113.57726941042564,-130.14019073630766,15.228435613257984
548,115.05797800758334,-129.0639966336211,15.23030983792642
549,116.50487888871116,-128.00697454573913,15.233264199127673
550,117.91616841391276,-126.9675321019776,15.236366494600889
551,119.32445393164365,-125.93192332712778,15.238555577440176
552,120.74379253205764,-124.8905031790805,15.240222723263466
553,122.14455054816229,-123.86036200474052,15.243300732937962
554,123.52542274541794,-122.84713804238189,15.248242543148676
555,124.90817324022174,-121.833938519238,15.254519785443629
556,126.27899783206988,-120.82717834087453,15.260207704696864
557,127.63893794012544,-119.8167758481127,15.264518871903531
558,128.99198231070443,-118.81160690449806,15.268039739006973
559,130.33759892404214,-117.80556084760606,15.269751014222315
560,131.67542470242913,-116.80027269041128,15.26958242183871
561,133.00528574632563,-115.7973992132143,15.268595110057554
562,134.32112936595792,-114.7934944789029,15.265358357881944
563,135.6314756640261,-113.79665787524618,15.260169400554332
564,136.94191146582486,-112.80069052809064,15.254374529578069
565,138.2465177563073,-111.79870373050387,15.249469558766016
566,139.54807164883806,-110.80191101104744,15.245435454996956
567,140.83831002832295,-109.8155193565158,15.242594457283504
568,142.12035613096367,-108.82744564849968,15.241596012420052
569,143.40488377380558,-107.83730483005412,15.24239445644871
570,144.68852886888698,-106.85592736369853,15.245664471501328
571,145.96379816526758,-105.8697177647798,15.250402220993491
572,147.23760257305412,-104.88729360202272,15.256354239704816
573,148.50636132066342,-103.91225196112582,15.263167932227647
574,149.77652185862374,-102.93600268204732,15.270120751777371
575,151.0427406786979,-101.96096319398362,15.275448472677292
576,152.31363112338568,-100.97353770071108,15.27742657672814
577,153.58176730900132,-99.98455675045258,15.275910871876324
578,154.85369684464496,-98.99384916261532,15.271151892358972
579,156.13215260255723,-97.9983117260295,15.262988929199656
580,157.4167592570659,-96.99484127130788,15.25353080159098
581,158.7063129336127,-95.9941432569461,15.24567958751988
582,159.99082070151974,-94.99071841396848,15.240150703866654
583,161.27031833237092,-93.9902942567018,15.238242837965204
584,162.5448249862574,-92.99916422878856,15.24344528626645
585,163.80847472460147,-92.0207116313071,15.256946306360105
586,165.06678816058843,-91.05022337220942,15.27826923595831
587,166.31254285849832,-90.07785693904027,15.30570171249646
588,167.55745004861444,-89.1136040592388,15.336206277728726
589,168.79105765539907,-88.15656114705163,15.367786424184612
590,170.02274169956237,-87.19965224106417,15.398602651901452
591,171.25303432747918,-86.24964960920762,15.427365766174772
592,172.4818239282074,-85.30242968809081,15.454459757934126
593,173.69794369811513,-84.35977364085325,15.479744715182054
594,174.9081903501203,-83.42129730086522,15.50226170126522
595,176.11173183802836,-82.48694783971342,15.524049736341766
596,177.2981696744091,-81.56295105163815,15.548091081105142
597,178.47178419878142,-80.649436791165,15.574934154916368
598,179.62820638528373,-79.74107339826658,15.604848665735895
599,180.7724686293135,-78.85092313950973,15.63791111597524
600,181.90212788835365,-77.97890393631756,15.67236848255175
601,183.0087431129272,-77.11768450516189,15.707339091431727
602,184.0975472169062,-76.27370412401766,15.742140853742024
603,185.1598697237996,-75.45952989519422,15.774296746726996
604,186.19553648040292,-74.66071183836843,15.80070456289079
605,187.20527759925352,-73.88049476681081,15.82223240344797
606,188.20106152138675,-73.12934150847802,15.8425792241463
607,189.17605906766832,-72.38968640658227,15.86836387942461
608,190.1208007385625,-71.67824687643127,15.906246116906267
609,191.0456371087961,-70.99401392555666,15.96294723101233
610,191.95667086265524,-70.3316857677231,16.042354385518255
611,192.85879469653025,-69.70151495260664,16.14810390263813
612,193.7535989890245,-69.0888451593995,16.278995405838977
613,194.6379026004292,-68.50145658754005,16.432462887822165
614,195.51181630085583,-67.93306333389995,16.605536672636944
615,196.3763900189701,-67.4022516143555,16.79102918366136
616,197.2329452836977,-66.89199816263422,16.98590350118233
617,198.0919002704566,-66.41802135446851,17.18759311065263
618,198.9434666458997,-65.97487316035485,17.393933845054704
619,199.7913694738816,-65.54770935633948,17.60529372432003
620,200.6296368168068,-65.15224872289882,17.82243836067693
621,201.4607720188428,-64.77704202968071,18.044188343858465
622,202.29744002190685,-64.43077291373092,18.265484115956337
623,203.12437257269863,-64.10781741033492,18.48516981485339
624,203.9430843963888,-63.80050609139027,18.70227862623698
625,204.75483860285144,-63.50362955729204,18.91727483218325
626,205.55612804625665,-63.21331922095332,19.1331992011495
627,206.3459861263052,-62.94064870168454,19.346224371259662
628,207.1293449609168,-62.67132457462077,19.561027576185545
629,207.90620508174104,-62.42472030844899,19.778076485351388
630,208.67453701817925,-62.18224981274752,19.996137290915023
631,209.43569255883588,-61.94939402225274,20.22096618246128
632,210.1924293852324,-61.718282261111824,20.448670682995733
633,210.9442222601845,-61.49890649156559,20.678143530190543
634,211.6976635154956,-61.29546555524031,20.90803339793392
635,212.44403226587167,-61.0944194091984,21.13691671347705
636,213.18622247134823,-60.892232172055,21.36650878891513
637,213.92901064311525,-60.68588357853261,21.596376554621973
638,214.6663231005635,-60.47474997588135,21.82769636820036
639,215.3966503106184,-60.26372889635701,22.05671384115042
640,216.12774174428665,-60.04470298550033,22.28310571103529
641,216.8574864641916,-59.83380103299161,22.494904772769143
642,217.58678794495864,-59.61131670660978,22.68976820391495
643,218.32494792394257,-59.38885984050215,22.87182772298765
644,219.0768591208804,-59.16215172053801,23.03192292492625
645,219.845096716489,-58.934619917779344,23.166152800815865
646,220.62885462934943,-58.6917490881946,23.26853175161209
647,221.4239802082949,-58.43863302350036,23.33611141664935
648,222.2360929376217,-58.18375168007826,23.373936649817846
649,223.059152650702,-57.92205514674466,23.387086068977887
650,223.8972794860448,-57.6527961493298,23.383099815554047
651,224.7369142984933,-57.374481752142415,23.36694324200524
652,225.5806571054693,-57.09881758109149,23.34258625791892
653,226.42925704928103,-56.82765239413952,23.31224647020289
654,227.2860777337117,-56.55487526586823,23.28910223830428
655,228.15861208994,-56.28425900636805,23.27666232553578
656,229.0301873106744,-56.012187038399965,23.271943386861945
657,229.9082341154752,-55.74192579989541,23.27226624062554
658,230.7882720584712,-55.4686459050222,23.275834906928363
659,231.6693609174521,-55.19371827789626,23.2817875772153
660,232.5533069863483,-54.92556938768322,23.29033724536497
661,233.43493079891144,-54.65533603151485,23.30119969941704
662,234.31946511981803,-54.384653047195,23.3143341396438
663,235.1949775934536,-54.11899930611687,23.329664006114925
664,236.0609222990552,-53.86053805526893,23.347965247635248
665,236.924303392252,-53.6030560847578,23.368937358058545
666,237.78099082901727,-53.3431133411245,23.391464569643407
667,238.62408439546363,-53.087806782985936,23.41435569102864
668,239.4573738516292,-52.83648731639272,23.43755249766722
669,240.2851440826861,-52.59160898728035,23.460573464197218
670,241.10943341794223,-52.34574214286378,23.48304198051101
671,241.92398682864027,-52.10250410423447,23.50460732298114
672,242.73531429856587,-51.86228454554647,23.525313072418207
673,243.54540520888625,-51.62037042570853,23.54443407927284
674,244.3458508906765,-51.38684367471569,23.56144596492564
675,245.13717804484665,-51.15693930785368,23.575891133575723
676,245.9225644447368,-50.917796075488,23.58860688008772
677,246.70343416687896,-50.67740781580618,23.59920488532212
678,247.47003478683985,-50.4388310449818,23.607145266435897
679,248.2284015850228,-50.20001887915564,23.613134845713564
680,248.98362780615432,-49.96356701371273,23.618461946138147
681,249.7296304942323,-49.73708634633874,23.62427680722171
682,250.473839675092,-49.506754607578685,23.63103190138389
683,251.2095075565246,-49.28532249522286,23.638600663021432
684,251.9429169426008,-49.06162905265312,23.64729902239427
685,252.67007151804327,-48.85003724127246,23.65643381809361
686,253.39401144843492,-48.63722047137935,23.66590443769904
687,254.11514877569783,-48.41845905237095,23.675029836448843
688,254.8396553770209,-48.19847245955813,23.683706877595764
689,255.56309366540552,-47.978724803294206,23.691167835112083
690,256.2768145184438,-47.75777006236381,23.694641724271968
691,256.9920854116928,-47.534161514247,23.692271979951705
692,257.7019767465998,-47.31436392564254,23.68463743219526
693,258.4121247181013,-47.09738513036621,23.68085567665481
694,259.1264151830833,-46.87234926373602,23.690252118436234
695,259.8344306836132,-46.662835742081846,23.72881043207782
696,260.54156154628095,-46.452871536033854,23.82256283039288
697,261.24519329456825,-46.252007463329846,23.995748126532764
698,261.9450688726276,-46.04588315938506,24.259218314233262
699,262.6326731097893,-45.846711070648745,24.61727834238404
700,263.3250344855265,-45.65037299411159,25.06019812161184
701,264.01418205436966,-45.45119966322238,25.572407195544777
702,264.69935136920793,-45.245073681830114,26.119082409343243
703,265.3872876946428,-45.03910432939024,26.67019557718393
704,266.07124317854124,-44.82539619027487,27.209466089538367
705,266.76028026380266,-44.619986248202586,27.72447718349381
706,267.4493029620765,-44.41039508354795,28.210544166335698
707,268.14155274459506,-44.20427937456983,28.66991625527067
708,268.82661590312665,-43.99241891532056,29.108464347012863
709,269.50158983448034,-43.79001934877242,29.51473879559456
710,270.1664747287649,-43.58419700801431,29.8735041499462
711,270.8241751908868,-43.38633562475203,30.172719391447785
712,271.48510433170264,-43.18160506745607,30.40093997486008
713,272.1460211696013,-42.97325031062805,30.554078674852267
714,272.812022177578,-42.77486681351557,30.62670951870275
715,273.4740450493498,-42.57562444003543,30.632586804802497
716,274.1343728906713,-42.38276974565508,30.595001147864004
717,274.79932359734426,-42.19353711847236,30.53401726210068
718,275.4610577035932,-42.00005859764725,30.4725278171984
719,276.1221704302341,-41.81104477195745,30.42059194061761
720,276.77869564459536,-41.62128890080143,30.38563998813444
721,277.4266681765486,-41.434778060146485,30.360944841135087
722,278.0703439599574,-41.2450224304125,30.344675864098903
723,278.717265274548,-41.05600862287585,30.333241434631624
724,279.360816949385,-40.86253007585463,30.32439174143397
725,280.0049802579944,-40.673297399582864,30.31687797299404
726,280.6538352306998,-40.48044234522446,30.30936979067899
727,281.3022025827584,-40.28119986477552,30.30203428763091
728,281.95026409583954,-40.08281675492521,30.29593083282796
729,282.60000822454754,-39.87446256291298,30.290903126053657
730,283.24591485629014,-39.66973311094719,30.28677184188448
731,283.8976159794081,-39.46599694413739,30.2842529659387
732,284.55974990453586,-39.2628639960044,30.283576711181
733,285.21528858752555,-39.06504790107387,30.284674701229548
734,285.87220298130256,-38.86246672238229,30.28773907499436
735,286.5333504255168,-38.65988531196776,30.292511353720126
736,287.1923288367671,-38.46206888054592,30.29817352421068
737,287.8488456348496,-38.26481173387698,30.305114924252507
738,288.51044232233136,-38.05563395191437,30.313042685886074
739,289.1643529349136,-37.845470380706345,30.321962737653624
740,289.8136373838699,-37.638765567186624,30.331827454948005
741,290.45665197691284,-37.43192259748409,30.34198113760669
742,291.0992626799086,-37.22543509697523,30.35165109095138
743,291.741450739383,-37.027749708399696,30.36046280793302
744,292.3802767430828,-36.83610131460801,30.36776038318949
745,293.0153199601132,-36.64262182731947,30.37296329999855
746,293.6525243573224,-36.45602176672092,30.376422956389536
747,294.29572665003536,-36.27109415007599,30.378008988358964
748,294.9384837058795,-36.08672324247895,30.378044595967584
749,295.5769256380613,-35.90854614977977,30.37807322136826
750,296.2170852667122,-35.720863323076806,30.378183179365948
751,296.8494810854125,-35.531389798444124,30.37906923941356
752,297.4851446769364,-35.35321264264665,30.38110829935342
753,298.1078796033139,-35.16553033469371,30.38449526505715
754,298.7314355093411,-34.9760569842901,30.389260916207835
755,299.3423353996983,-34.79200472881476,30.3946556736086
756,299.95051835761456,-34.60976360428709,30.399719815369505
757,300.55791765881315,-34.42572397152914,30.404475326960977
758,301.1619668747152,-34.24589768159227,30.40929796506841
759,301.7657944180181,-34.066675044265395,30.4137215907283
760,302.3639986135441,-33.884446711975,30.41807534704452
761,302.96349028910936,-33.70423812068628,30.423167717007352
762,303.56068828499434,-33.51734286422712,30.42862943075936
763,304.16204073688635,-33.33879005253331,30.434655077990143
764,304.76129243291746,-33.16673114580664,30.441069937727622
765,305.35845223412576,-32.98436341743194,30.44797700156141
766,305.9591571294283,-32.80161315762975,30.455167303474887
767,306.5609423111556,-32.631157967227736,30.462011451449825
768,307.1641035462746,-32.46191005778725,30.46845853007304
769,307.7689365774256,-32.282781623331864,30.47503572602228
770,308.37744101703845,-32.10645009110674,30.480887888419048
771,308.97928747268634,-31.939020716990367,30.48545178515267
772,309.5827036906887,-31.758081138717515,30.489196180008943
773,310.1866485440904,-31.57510906573418,30.49285835447593
774,310.7801608296742,-31.40003147652917,30.49634733474308
775,311.37782210753085,-31.224141196974124,30.50004986072621
776,311.9693769879621,-31.04060186358339,30.503216821863656
777,312.55634524210046,-30.859789349231374,30.50630072589266
778,313.1463974844926,-30.6808522893774,30.50923711012612
779,313.7389660590591,-30.502351915390765,30.511757710498387
780,314.32431205193666,-30.31419275508225,30.513729913873654
781,314.91824068860785,-30.11947727677266,30.51462328361401
782,315.51155767570623,-29.920562783613384,30.51294074693825
783,316.10227426176255,-29.72028754350997,30.509121608308124
784,316.69203346674027,-29.50617186443041,30.503720934075577
785,317.2768646087049,-29.29393450275489,30.49702975812541
786,317.8609296677693,-29.07358335793716,30.489725874838648
787,318.4497493045266,-28.846022054897176,30.48210857191041
788,319.03444060287893,-28.612450806922123,30.47433334763536
789,319.61423824903187,-28.383290014522448,30.46718813869178
790,320.19588569318324,-28.15133870450113,30.460569096004104
791,320.7698497948684,-27.907740641325365,30.45486122094306
792,321.33621742475253,-27.665170809827817,30.45008038807845
793,321.9172152636656,-27.413282496883465,30.445792881240568
794,322.49286171982186,-27.157836788801937,30.44188965038006
795,323.06193371949155,-26.90082759201716,30.43901293124703
796,323.62320800822096,-26.6388147638134,30.436750497521835
797,324.18351315174874,-26.373433007598432,30.43476726438804
798,324.7450441380922,-26.098766895508785,30.43322511648244
799,325.3178506289362,-25.821287208328584,30.43179946912022
800,325.87961029348594,-25.53376574226959,30.430414294693872
801,326.4311754318423,-25.24183774527864,30.42879055259708
802,326.9849011886267,-24.938000973795,30.426808641535928
803,327.53337869206257,-24.628231456666423,30.424468989442143
804,328.0871781915549,-24.30756840392408,30.42160583161438
805,328.65363292051785,-23.973845746797767,30.41827958508332
806,329.21725462451195,-23.63904952212147,30.41478700816002
807,329.7613620144218,-23.3037103904945,30.411278925824707
808,330.3090011779778,-22.969196101919955,30.407488718525777
809,330.85470420390874,-22.632066704500875,30.403570651079427
810,331.4060219820963,-22.29264047797438,30.399677722885944
811,331.9549692747769,-21.953431477972423,30.395877835159222
812,332.48173818373294,-21.6071342593086,30.39149966974597
813,333.006392401359,-21.25357436584277,30.38651917585422
814,333.5296224532839,-20.899627970695818,30.38129055823923
815,334.05102987945406,-20.538398763408424,30.37571424252972
816,334.5730820394177,-20.16427315300169,30.36945738750177
817,335.0963834490474,-19.791153603054187,30.363014080435928
818,335.61208030042,-19.422355357047163,30.35640833462504
819,336.1151593418863,-19.05018577930436,30.34976456996415
820,336.62774698850825,-18.68077007841936,30.34287003042732
821,337.141049488606,-18.300375522066368,30.335838180503192
822,337.65140761546047,-17.922222265601185,30.32902072052558
823,338.15865869085354,-17.541455636243317,30.322579582515576
824,338.65963929767247,-17.14669201931011,30.315996522053297
825,339.1586966045784,-16.75276104566416,30.310449941130848
826,339.6637652532704,-16.351517552668234,30.305721559427305
827,340.1511761885042,-15.954999141551612,30.301067387693863
828,340.6335269810091,-15.550770877004355,30.296699176955137
829,341.1166553581646,-15.14325829498635,30.29303318196434
830,341.6036898922052,-14.733668633693076,30.29018929158749
831,342.08922902445727,-14.320906276469302,30.2884941763798
832,342.5757190405325,-13.906606105585936,30.288573875341136
833,343.0705498842452,-13.481904427245878,30.29010107229536
834,343.5650728150474,-13.055228154710871,30.29289090826103
835,344.06461234168705,-12.627947925296866,30.2963934344598
836,344.57067823092524,-12.199055837791985,30.300117807248363
837,345.07779551213144,-11.777428078210445,30.30399724933997
838,345.58678745825665,-11.35289682542036,30.307139090306936
839,346.07718504894405,-10.928672440903377,30.30980133932726
840,346.5762394000434,-10.498272999064511,30.31239305957057
841,347.07967881080435,-10.075723811196095,30.31525151548849
842,347.58265939844347,-9.652259011360323,30.318964955413865
843,348.0803380212794,-9.235442566607558,30.32480025304006
844,348.57915114205264,-8.820658455931262,30.33273462659306
845,349.0742943833336,-8.397980392564548,30.342238401409617
846,349.57099294872285,-7.984210849017145,30.352848887357304
847,350.06789356728865,-7.575322771983965,30.36451703838816
848,350.5652881861415,-7.17347937561663,30.375966398189345
849,351.049311460323,-6.776063647148125,30.38704046468985
850,351.5279340749227,-6.369773893302567,30.397639479367648
851,352.00375422934815,-5.961335270412037,30.40740327401072
852,352.47897843133273,-5.559776204789224,30.41628899646541
853,352.95342500666175,-5.162261875159823,30.42412004262467
854,353.4230826639829,-4.759467967410053,30.43133192333004
855,353.88834257450986,-4.365483931489309,30.43806283341017
856,354.3516697012297,-3.972076820632741,30.44438598911849
857,354.8096442685949,-3.576408612947908,30.450217394262
858,355.27023398037005,-3.1960614190442387,30.45542193333938
859,355.72700118995067,-2.8100522658931872,30.45934640556753
860,356.17872353400264,-2.4332110402568823,30.46114787873644
861,356.628054357869,-2.054153851688714,30.461303002742778
862,357.0787832078472,-1.668025843655521,30.45960873685381
863,357.52773267182243,-1.290799817168146,30.45570825977213
864,357.97437542241227,-0.91292490720781,30.45014492241628
865,358.4164468571305,-0.5366851868629364,30.44345027352213
866,358.8492942652608,-0.1548743263845317,30.436497369619936
867,359.2779019244209,0.2305207687139735,30.429799955004963
868,359.6930757744451,0.6115057780863091,30.423881231349085
869,360.1007437024282,0.997120419161556,30.41843102669729
870,360.50095539672657,1.386520364285277,30.414155914992783
871,360.8917385024855,1.7819643236406064,30.410556466529552
872,361.26962839038606,2.177965247779129,30.408092427207187
873,361.65082478120894,2.579573969372712,30.40677540868589
874,362.023849486482,2.9865509661666225,30.406279704577948
875,362.3869699226239,3.395292451646581,30.406751611528467
876,362.7418336578307,3.815725023845405,30.407769478008444
877,363.0894826351643,4.240601931477031,30.408845175239342
878,363.4339051644256,4.673592468192483,30.410436769054822
879,363.77069238069896,5.11257259541609,30.412717378005347
880,364.0998448518935,5.546811715987791,30.414905031395453
881,364.42367904585456,6.000215250773654,30.41554564606317
882,364.737865865347,6.454972437189139,30.414709023882605
883,365.0493163873121,6.902433234758363,30.411874568813253
884,365.3541905389261,7.342603320862605,30.40695803411108
885,365.663666460955,7.789019330596054,30.39982826533453
886,365.9727121513937,8.241271014146305,30.39093323523447
887,366.27614851964495,8.697748270766892,30.380780468275304
888,366.5780558988882,9.156841459430742,30.369317645405943
889,366.8840759685086,9.616941017676176,30.35717934956498
890,367.2000701165477,10.076437394063916,30.346185384487207
891,367.5102334470695,10.533719962695988,30.33612326767196
892,367.8280623040363,10.988379385808145,30.327463841549577
893,368.1377512523297,11.450129266835267,30.31964393833546
894,368.4451625971128,11.900167446748146,30.313390453509733
895,368.7550261248605,12.342760239719851,30.30924698356202
896,369.06281813540977,12.78011928017983,30.306495840058044
897,369.3764214039231,13.22434057230971,30.30524230755143
898,369.690641868092,13.668561905045104,30.30505994746773
899,369.9988645022493,14.112782950764425,30.30578932807129
900,370.3086312419749,14.5570040852621,30.307272051181062
901,370.6295741482738,15.001225792037925,30.30936620450789
902,370.9532689897534,15.445447647086503,30.31221869241976
903,371.2712915675593,15.889669230668662,30.31533559270874
904,371.5968266722828,16.333891202879897,30.319363280748465
905,371.91284625795214,16.778112711015304,30.32348467417024
906,372.223988574316,17.222333984190282,30.328464429698627
907,372.5398857010582,17.666555509824487,30.33378583885351
908,372.85501709438336,18.11077700967254,30.33867530169626
909,373.1652203152532,18.55499827392806,30.34341291487808
910,373.4700023111697,18.999219279806216,30.34767350212712
911,373.78078206090754,19.4434406058406,30.35092153147367
912,374.0909445554677,19.88766191609179,30.352934146700555
913,374.40355903158456,20.33188336462129,30.35410530776827
914,374.7141018737866,20.776104726832827,30.3542418459061
915,375.03045645683534,21.2203264009535,30.35331655083192
916,375.34817751312704,21.66454815976589,30.35141332889808
917,375.6645225711913,22.10876986789878,30.34867981846083
918,375.9806261748938,22.55299157885708,30.345595776928377
919,376.3013579265216,22.996227513332112,30.3418373350723
920,376.6119488596985,23.43337992188451,30.338961381038104
921,376.9172938615747,23.87798513266856,30.338235389571206
922,377.217221295472,24.32277117767975,30.33982070360045
923,377.4972081478249,24.77547042037225,30.34416486339812
924,377.75651798518186,25.236235424416776,30.351315455784743
925,377.9934441134901,25.706436978485502,30.36131408069845
926,378.2086143135455,26.19334120109916,30.37367147937763
927,378.3938889207916,26.689227143540027,30.38790579520253
928,378.54834683556896,27.1941199149582,30.40302861761081
929,378.669532462032,27.70531368074388,30.4183279323814
930,378.7581327493456,28.21941271872924,30.43306168168059
931,378.80836675328464,28.735327582771912,30.44518331273172
932,378.8216746665659,29.25643398493111,30.45444726891342
933,378.8110373197196,29.772421216518826,30.461159809751088
934,378.773568746625,30.25186955808852,30.46326650368028
935,378.7211379560862,30.688460989839008,30.460677734512576
936,378.6683516264634,31.06963362443044,30.45353556640481
937,378.60967491068186,31.39926840331368,30.44266436936816
938,378.5565755260788,31.669947226212987,30.4281653985953
939,378.50223556226297,31.874897507345377,30.410476079850103
940,378.4526430835799,32.040483224672585,30.39006430989413
941,378.4069434127625,32.174351081117344,30.36715459165151
942,378.3705373878011,32.28828421924541,30.341971245836174
943,378.3267523588638,32.38331057378755,30.314631545272388
944,378.2859212923214,32.47854753541147,30.286912102141503
945,378.2501005048311,32.56111395423079,30.259957356931253
946,378.22448469863286,32.62644217381177,30.23288598759712
947,378.2057499327675,32.669971635392095,30.207456990517613
948,378.1905712857862,32.70792132267819,30.184034102638098
949,378.1749677622343,32.743510717784474,30.16216728707869
950,378.1589914712095,32.76696003532412,30.141709147522768
951,378.1328053060861,32.78926851710493,30.12305113288848
952,378.10144088516967,32.81827182632888,30.10539974708236
953,378.0687356024701,32.84519820355364,30.087758917218824
954,378.0282467494849,32.864074974198225,30.070133493796305
955,377.9813179102341,32.872882355254774,30.05310996886297
956,377.9297869284375,32.88354668183556,30.037387388541084
957,377.8732464223531,32.88936109611631,30.023295856768883
958,377.8127571997875,32.88871581554387,30.009900050329
959,377.74772070266255,32.88891965766178,29.99729490671479
960,377.6834238502605,32.88853242434402,29.98446704249313
961,377.6073067369443,32.887963478792834,29.971808341572785
962,377.51220685430735,32.8794793424491,29.95989580232921
963,377.3735437461586,32.86802902360228,29.94958463092865
964,377.1803387243161,32.83990063916612,29.94111774185411
965,376.9235946956664,32.798533933594975,29.93473052634256
966,376.59431610704905,32.74193459668128,29.93080626527473
967,376.1881126149989,32.67833523814284,29.930855975558
968,375.6891163184594,32.605051995205706,29.93530699731435
969,375.10475769816406,32.521548647463995,29.94359070004928
970,374.444036136354,32.429435513509574,29.955416469846416
971,373.7266749807733,32.32864820915384,29.971128927762468
972,372.95372194620126,32.21138410716264,29.99024852934821
973,372.13726236811937,32.08974531751818,30.01195073953874
974,371.2816431624199,31.95717197384191,30.035087939724768
975,370.3860810886658,31.819787315794745,30.05976207911652
976,369.4588824077333,31.668709986906386,30.08430818727485
977,368.499737606833,31.51586623758959,30.107712267284093
978,367.5149654301554,31.362645722365464,30.12957124349863
979,366.50596072600354,31.214527009108814,30.14971023086869
980,365.4713917213559,31.06640717620759,30.167797507282103
981,364.41842287988914,30.923389451836613,30.185019819956285
982,363.3534624652482,30.77802359585043,30.20269460647588
983,362.2754425702841,30.62147891527634,30.221096969924425
984,361.1932032679305,30.46935117964768,30.240336971994992
985,360.1118190819523,30.312373999033763,30.25932430940791
986,359.02904335393384,30.160006762068708,30.278151586818105
987,357.941986723885,30.00587535782864,30.29779316931284
988,356.84328219926624,29.84193022650928,30.31854864408772
989,355.7397896008649,29.662268931837627,30.34218996007424
990,354.63274177789765,29.46313524471696,30.36861842281147
991,353.52686849070136,29.24978149798963,30.397959755339144
992,352.4230876280659,29.01064873332441,30.42991781306833
993,351.31668929581616,28.751310810367624,30.464306566926897
994,350.2138280099015,28.458680519868995,30.499400030252826
995,349.11269750350937,28.14027121419732,30.53321448993407
996,348.0184760341085,27.815626799054925,30.56452035923509
997,346.9309823772302,27.479708957822886,30.591704257778268
998,345.8453237878926,27.138338045928585,30.6144836580719
999,344.7566080602515,26.786281848183005,30.632681331510216
1000,343.6608537553615,26.435855466152063,30.64646855462879
1001,342.56467607119987,26.081402965326813,30.65712798396808
1002,341.4605328854637,25.727151501549805,30.66488663929025
1003,340.348716211736,25.37995046876181,30.670987800604475
1004,339.2356285878649,25.03270343042417,30.676425937466675
1005,338.114535305872,24.696946434940333,30.68166820936476
1006,336.9966032744579,24.36704303377861,30.68721363539904
1007,335.8818813623621,24.04551949921616,30.69428686685581
1008,334.770418648613,23.7314124456017,30.70322632773792
1009,333.6681680384808,23.430743960935583,30.713533562914293
1010,332.5746823432036,23.12998380170899,30.72454117070013
1011,331.48375350675366,22.847764776278783,30.734446508576937
1012,330.3988887905439,22.576601274504497,30.74273641978958
1013,329.325999644674,22.309080733116293,30.749317529240408
1014,328.25520925181274,22.04884246694116,30.753853964925995
1015,327.18130408236004,21.79663331486916,30.75558417674289
1016,326.12125921891163,21.555357610656824,30.75448133187964
1017,325.0705028669583,21.32033821779232,30.749937165484184
1018,324.03605668558487,21.08713077356977,30.741761506455056
1019,323.0163735345214,20.850322106828123,30.73014665538816
1020,322.0115696157327,20.6185449925018,30.7150971472192
1021,321.02123185785103,20.398263930232115,30.69637460378644
1022,320.0534342580654,20.18605163907856,30.67415511419184
1023,319.1027086709722,19.99132041265645,30.64884657096468
1024,318.1735198979334,19.803578802865854,30.62125543208991
1025,317.2574605411888,19.63099638885095,30.59184077522412
1026,316.35114065692744,19.463956714529026,30.56129305500406
1027,315.44904452022763,19.30755318749197,30.52998074679125
1028,314.56289973182686,19.16812002299973,30.498818138126545
1029,313.6834118377,19.03121100770013,30.46816639981201
1030,312.8095584384497,18.896104180975488,30.437757811033133
1031,311.9441628604437,18.763028557197327,30.408126577894706
1032,311.0756185097377,18.639949847883603,30.37975637459741
1033,310.2082081670541,18.528717038090257,30.35198309633825
1034,309.34285394438564,18.423137312935307,30.323603363710564
1035,308.48285606719804,18.32985810568871,30.29486643265887
1036,307.6222615269067,18.24563433072282,30.26585902928872
1037,306.7539860199662,18.165052605089976,30.236670641952024
1038,305.8926113724883,18.08865014711188,30.20753006316824
1039,305.0234173911064,18.033754782944417,30.17895846031098
1040,304.16098672749416,17.980578638006246,30.15122859933128
1041,303.2982346888288,17.93340007312008,30.124502514396863
1042,302.4330070970004,17.900041833108805,30.09923366926451
1043,301.56926011488065,17.87690037464459,30.075648006464736
1044,300.6978130762671,17.870908542638762,30.05373269119137
1045,299.8273871390042,17.86528158079551,30.032766510975176
1046,298.9605802475928,17.858805505256885,30.0120038190576
1047,298.0995980212031,17.862008941359036,29.991918603652127
1048,297.2335857136433,17.864424959683973,29.97268471012724
1049,296.3566820263331,17.863750083181596,29.953852387084687
1050,295.48469180575216,17.862288190873578,29.93608527341903
1051,294.60933185148303,17.870291626908518,29.91938072122828
1052,293.73512641393467,17.872073846294654,29.903826677103343
1053,292.85419146508326,17.882767881448924,29.890259174200374
1054,291.97097240215896,17.899478703722803,29.878519077783874
1055,291.08821134872227,17.931082362741044,29.86847967808061
1056,290.20865079077026,17.976571126774715,29.860478283882458
1057,289.3322725515365,18.012391006928215,29.854358934788827
1058,288.4726205618987,18.05979410884697,29.849862113070174
1059,287.6178890629384,18.10695602213013,29.845862469376588
1060,286.7374330892138,18.15854579521569,29.84160749206405
1061,285.8385558718228,18.21033620100365,29.836338509658745
1062,284.94958866688586,18.25727241715382,29.83065307063976
1063,284.0826451966103,18.305844563902188,29.824258334590304
1064,283.207983709937,18.34589274165712,29.81727769731806
1065,282.3133294465149,18.38392796962392,29.81008426444388
1066,281.42333690814723,18.42618344706733,29.80255860824144
1067,280.5450365153736,18.47053309653709,29.79534184622733
1068,279.6611325464476,18.519490824827304,29.78832952898691
1069,278.79662856680824,18.56315765195348,29.78161515122572
1070,277.9336961323835,18.60652993640442,29.775966534268004
1071,277.0495081566316,18.65098627842166,29.77093636877336
1072,276.1473400848463,18.701472857563413,29.76699900411226
1073,275.2392019269901,18.744354083227577,29.76387750378401
1074,274.3534102221151,18.777059661906414,29.761638051316325
1075,273.4614687298629,18.81759718761364,29.75939619286857
1076,272.535774681954,18.857159697571053,29.75657880397849
1077,271.6052815178284,18.901452304110173,29.75294084555091
1078,270.7053692466533,18.944679209241887,29.74826764300741
1079,269.8126373544807,18.99136471703946,29.74138561744874
1080,268.90380092468416,19.04553636759699,29.73189541404742
1081,268.0328548806066,19.10577575784409,29.720781521667192
1082,267.1544357332478,19.16740430475431,29.708300537667835
1083,266.2827038884892,19.239902993571224,29.69491327933101
1084,265.4243159966852,19.316849460419142,29.68125785132177
1085,264.55847768094344,19.401632003098577,29.6670396017658
1086,263.7039195768789,19.50130189706168,29.652402396530235
1087,262.8333647605205,19.61975196141477,29.63722588819861
1088,261.96959945599207,19.74088040993999,29.62180797022361
1089,261.11605569423085,19.87442313999564,29.6062451150526
1090,260.2951869322263,20.01031060477529,29.59088122669692
1091,259.46891939385483,20.16138372448735,29.575307898429426
1092,258.6396185808113,20.327351430428976,29.559694861646832
1093,257.8366847999669,20.5047026704487,29.544477736027737
1094,257.0222804802478,20.687492052629853,29.52929270191848
1095,256.2119811072754,20.893195081610727,29.514719235742337
1096,255.40973099729885,21.10964668384169,29.50117511307928
1097,254.60931334117865,21.334721983699257,29.48892310773857
1098,253.81974059673232,21.57987381023654,29.47808537218888
1099,253.0366040262199,21.838593040718337,29.46885594900867
1100,252.2638923670268,22.104527646476367,29.46108953970577
1101,251.50355825128804,22.392857370581225,29.455267918925934
1102,250.76546782612573,22.68579820425853,29.451013431387743
1103,250.0281688890598,22.998594051930777,29.44805206925315
1104,249.299431506002,23.320132875642024,29.44576378822653
1105,248.5739197893789,23.6522465289794,29.443895263572585
1106,247.85081798173763,24.00584753092929,29.44191292881697
1107,247.13760458997007,24.37248949578738,29.439475970992312
1108,246.4310847382544,24.736956790271925,29.43662497252709
1109,245.7269560841228,25.110919784762707,29.4338769837114
1110,245.0310603638528,25.51167189623761,29.43084891530163
1111,244.3473419496722,25.92599158988325,29.42714320678971
1112,243.6695839534225,26.3540128091012,29.4230563320292
1113,243.0022506302016,26.798741570797155,29.41909837961023
1114,242.34058790387488,27.256434002364973,29.414892425552395
1115,241.69187138515045,27.728606280322744,29.40954898346608
1116,241.0443402335448,28.210164377243856,29.40261101606644
1117,240.40669296396496,28.70838052777813,29.39455510581302
1118,239.77359061527983,29.220973949662813,29.38586999532199
1119,239.1465683067568,29.731637489003585,29.377569550593776
1120,238.52644119723,30.24654725391332,29.370993224396656
1121,237.912393618642,30.77272614652873,29.366927225524226
1122,237.3119036298838,31.31502908892806,29.36516345085203
1123,236.7217761842003,31.861844145887257,29.36661782824154
1124,236.1415862919505,32.4149152931966,29.37202387982384
1125,235.57060355470983,32.98593398642039,29.380931305047927
1126,234.99745895194104,33.56965027301885,29.39190556866305
1127,234.43469582711083,34.16676467011957,29.403279568121324
1128,233.8790633564813,34.77775499441916,29.41504553336905
1129,233.32944364635145,35.400097454589385,29.426407430855736
1130,232.77508206242183,36.03831519499519,29.43743328669023
1131,232.2227079094241,36.68430891292502,29.448096082644945
1132,231.67519227878515,37.33937830932005,29.45832482566557
1133,231.13817672278827,38.00567001458175,29.46800188388267
1134,230.6118427757042,38.68318402859752,29.4777595573926
1135,230.09235360826355,39.36977377309381,29.488036139575183
1136,229.58000088603723,40.06924251049225,29.49820215847236
1137,229.0673063813392,40.78322500827059,29.5077969168644
1138,228.56008079117825,41.50346429812663,29.516480900062525
1139,228.0682630508372,42.23454370854032,29.52413652864483
1140,227.57671533511743,42.973004127506655,29.53045304050664
1141,227.08380702495424,43.71202211791822,29.535713201177497
1142,226.5924275066573,44.45830460308274,29.540174570729903
1143,226.1047311517782,45.19452321243075,29.54343147943116
1144,225.6259514781524,45.93322313419683,29.545711024367503
1145,225.15692108440945,46.67426604593431,29.54728674856188
1146,224.69548599500445,47.42250656004432,29.54818210216027
1147,224.23768504726968,48.180068372702834,29.5482350171738
1148,223.77980889566305,48.94328227770823,29.547099266347555
1149,223.3238297619098,49.71351921272029,29.54481649124299
1150,222.87768427630903,50.49804550581035,29.541640073446395
1151,222.434879978694,51.28914042613961,29.537601582477865
1152,221.99276999527365,52.08584301529199,29.53295589643617
1153,221.55988374841093,52.88310348316226,29.52838715190617
1154,221.13123705756485,53.68130569758013,29.523686626691347
1155,220.716024510474,54.472793120147216,29.51865968326769
1156,220.3104085748842,55.278881784075416,29.513881272872407
1157,219.91468155139967,56.08147522748523,29.50934413655527
1158,219.5213647405009,56.89831167628589,29.504913497264425
1159,219.1312739361975,57.71630951012306,29.500504436008907
1160,218.7435935627056,58.54102014181422,29.49618094504792
1161,218.36580180762903,59.37203378638922,29.49198615140445
1162,217.9947032943917,60.20915079414346,29.48788836260667
1163,217.6298731987173,61.0496939491536,29.483992652895203
1164,217.2722421986333,61.89444555916534,29.48049582051517
1165,216.9229177228277,62.734925481267965,29.47708696446328
1166,216.57337019484527,63.581286370475055,29.47365286539881
1167,216.23525943289525,64.4280249141218,29.470887061955768
1168,215.9044521957761,65.27912785507564,29.46936972092092
1169,215.5747929593036,66.12938818168973,29.46912174877131
1170,215.2458077482466,66.9794548475857,29.469862568391367
1171,214.92298739844912,67.82223129526739,29.47134889948408
1172,214.60354376779176,68.67435667468357,29.473235826469768
1173,214.28851876646343,69.52372953204348,29.475376322338526
1174,213.9813416043585,70.36914258942258,29.477281704398344
1175,213.6796815886009,71.22489067297083,29.478980857243183
1176,213.3821344493224,72.0778862338306,29.480001282262904
1177,213.09177448926943,72.92967464593553,29.47974936187209
1178,212.8041663852144,73.7898972264728,29.478221151818424
1179,212.51668268274688,74.64734034202087,29.47593915350609
1180,212.23205632378784,75.49954989737279,29.47296713477865
1181,211.93988389143064,76.34585901536394,29.46957637605741
1182,211.64766295735367,77.17577626915536,29.465800839548663
1183,211.3538641114816,78.00755068316684,29.461593420918923
1184,211.05133155480763,78.84079804219552,29.45682201107485
1185,210.7446847292054,79.66445080721472,29.452029881131143
1186,210.4382750932793,80.48327407024965,29.447027714238555
1187,210.12792395655185,81.31012883763839,29.44215209764584
1188,209.8217652168824,82.13702147074397,29.43717916666965
1189,209.51744119361183,82.96471741952506,29.432016472338223
1190,209.21647113702804,83.7957698339325,29.426534170620897
1191,208.91306462300443,84.62170674913028,29.42124669284731
1192,208.60874081608412,85.44885103570384,29.41609292479339
1193,208.3050190648614,86.27542938347132,29.411605397855816
1194,208.00065706384865,87.10481991176285,29.40789660873459
1195,207.697519555202,87.93213362025071,29.404531153179075
1196,207.38996174592867,88.75827420549984,29.40171943145023
1197,207.0852805650636,89.57137935116401,29.399358062440243
1198,206.78411714247136,90.3845307205345,29.39722947952632
1199,206.485754843126,91.197279725042,29.39483976348572
1200,206.1924776313606,92.00258588435464,29.392227369662976
1201,205.9030722714918,92.78906540060868,29.38925316312228
1202,205.6219517309121,93.57154823224008,29.385834062301573
1203,205.34005168058627,94.34897515295378,29.38183738556865
1204,205.05881226166528,95.12799350710104,29.377342430769733
1205,204.7775469122849,95.90241040818458,29.37296823570384
1206,204.4962555964304,96.6728748166294,29.368890841726632
1207,204.21562522747988,97.433276068138,29.364697143729067
1208,203.9380921856596,98.19249015014572,29.36100734285458
1209,203.66259604758372,98.94262126913634,29.35732334110765
1210,203.39107609283684,99.7006927123572,29.35419010708628
1211,203.1241144851919,100.44646156762268,29.35158349358195
1212,202.8608512757989,101.17774194044122,29.34994184090672
1213,202.5968730081853,101.8983554148872,29.34891497442884
1214,202.33339271183343,102.6271103460996,29.348396693001227
1215,202.0681269548239,103.35229004431666,29.34809968804068
1216,201.8017925277101,104.06901804674314,29.348159122865944
1217,201.53374785186816,104.78051402193611,29.34838669599788
1218,201.2657088334901,105.49685965830624,29.34866270153762
1219,200.9955983420785,106.20917896534574,29.34891423791124
1220,200.73374570413995,106.92358291828332,29.34909709135157
1221,200.46839007045332,107.6384362055608,29.348987389854205
1222,200.20598847141864,108.35101316710512,29.348834469303902
1223,199.94859678909853,109.05449717749208,29.34892221956434
1224,199.69007064537163,109.75598898159149,29.349383883125764
1225,199.4347705979704,110.45258510914242,29.350241313037635
1226,199.19157738959163,111.14896272570144,29.351590550738948
1227,198.95650086768543,111.83650402912797,29.353777132698745
1228,198.7331082970501,112.51946178090336,29.35683979363485
1229,198.52508616263364,113.19844228596976,29.36070454411692
1230,198.3324153679484,113.87224569992075,29.36571251821845
1231,198.16223484494867,114.52787273840624,29.37187251275759
1232,198.00614689619,115.17820611097136,29.37881682685457
1233,197.86217945543285,115.81639639214274,29.38625953848864
1234,197.73241143333004,116.43242992222622,29.39385479291328
1235,197.6175421023168,117.03342608294778,29.40134626694938
1236,197.5097822184381,117.60605820854404,29.4077718581385
1237,197.41860045838024,118.15667201645256,29.412961916330428
1238,197.3421983169692,118.69145613243704,29.416644835518035
1239,197.27878502722075,119.21276741581616,29.418946400177514
1240,197.2256448305401,119.7241801490929,29.41974267876416
1241,197.1943383302114,120.21047910985348,29.419401262433965
1242,197.17689421937612,120.67627980144567,29.41810978379982
1243,197.17720187650764,121.1336553006586,29.4161399664272
1244,197.18613388213336,121.58329457084974,29.41384668808492
1245,197.2079923152536,122.0171359329988,29.411551611002604
1246,197.2362024321044,122.43250871167685,29.4096013231293
1247,197.27244645465865,122.83629503141783,29.40776790215112
1248,197.3127436086389,123.22685978662084,29.40623169986257
1249,197.3550425285318,123.60834909360564,29.405546060381223
1250,197.39929336197943,123.98705559310606,29.40552343318607
1251,197.4474684143105,124.36059727106228,29.406336428030336
1252,197.5059363020748,124.72059221394488,29.40821442701561
1253,197.57278715476784,125.06955408013997,29.41072365163661
1254,197.6415841589893,125.41715433551796,29.41349567610919
1255,197.72098077011364,125.7633278243588,29.41587763570231
1256,197.80384310565623,126.10027166834362,29.417079860789592
1257,197.8944539242172,126.42822494572675,29.41697831636156
1258,197.9900751649586,126.7507912799042,29.41569545151961
1259,198.0920975150304,127.06614035061142,29.41325445959262
1260,198.1926796695629,127.37751678386395,29.40976698639377
1261,198.2958272373768,127.68551681890771,29.405937401597
1262,198.4083163857896,127.98709031077766,29.402292147922232
1263,198.5301473214741,128.27417546531746,29.39913847902059
1264,198.65454383877167,128.55059379535584,29.39665559218004
1265,198.78137674314968,128.8351536190271,29.395006079217364
1266,198.90911174050427,129.11613825823008,29.39432549033376
1267,199.04240121336585,129.38867136817808,29.39410940468792
1268,199.180137767505,129.6610754618446,29.39466287283206
1269,199.322139936343,129.93010569594162,29.396001428216533
1270,199.4706138235974,130.19249547846084,29.398807752827874
1271,199.62200578946835,130.45817709603543,29.40349119077356
1272,199.7745997307645,130.72551551509108,29.40963506443621
1273,199.94175433232056,130.98903260307557,29.417191651463224
1274,200.1112851942628,131.24656482569335,29.425166903365955
1275,200.27480251521715,131.50333893361437,29.43253295931288
1276,200.4398978388776,131.7576983412651,29.43911614979336
1277,200.6097610777588,132.02118535062036,29.445715752411104
1278,200.775016768502,132.2807121949772,29.45229677517068
1279,200.9444858989156,132.53507172514065,29.45916350624636
1280,201.10934711826664,132.79855859640028,29.46633477311381
1281,201.2745122930528,133.05808543271414,29.47360723830197
1282,201.44985348559447,133.31244510057428,29.4820142566389
1283,201.62532639034416,133.57082935950532,29.491445506918435
1284,201.8090839300941,133.8266154609175,29.50096539429041
1285,201.99671263825104,134.08508223912227,29.509858523122563
1286,202.1793977486964,134.35381166570238,29.5170915919884
1287,202.3687703863569,134.62457122647388,29.522630483363542
1288,202.56272951151868,134.9010299503457,29.526980170350363
1289,202.7552970516898,135.18916001184255,29.530620306473427
1290,202.9486270990979,135.47813276492874,29.53360733703556
1291,203.1489224943753,135.7649106375577,29.53615452043477
1292,203.34246939578657,136.06739184815575,29.53821633680525
1293,203.53921170305225,136.3668521776653,29.540456681041217
1294,203.74501041597108,136.674226969687,29.54322837646121
1295,203.9440607345845,136.99287047306234,29.54616397578664
1296,204.1446456126326,137.31270128228414,29.54906986045876
1297,204.34014996752435,137.63984249397262,29.55158279890141
1298,204.5381156518141,137.97283708088543,29.55334009302611
1299,204.7472629662652,138.31144631822153,29.55462080205937
1300,204.95056401613857,138.65857332105168,29.555389443714684
1301,205.15265714285323,139.00954128588108,29.55581797425714
1302,205.36317435501448,139.35990580241025,29.55611381505128
1303,205.57369154327304,139.71082790611223,29.556100128715524
1304,205.77966116756167,140.0769989537642,29.556056268498047
1305,205.985054948802,140.44130441752628,29.556049733200435
1306,206.1878014387056,140.82110623334776,29.555492694126805
1307,206.38272174364155,141.21068345327117,29.554220044641927
1308,206.57521127180087,141.59557782849177,29.55233970182777
1309,206.76306366986827,141.98717892742957,29.549974557958024
1310,206.9537092863148,142.38419321500058,29.547135919438368
1311,207.13948822614063,142.79533122534843,29.54407839591784
1312,207.31517652510183,143.2088116110124,29.54117994310652
1313,207.48557821244523,143.617459796832,29.538900150350685
1314,207.6592317133812,144.03296750902126,29.536917699926228
1315,207.82503732994363,144.45900354203076,29.53494065752636
1316,207.9876830208585,144.8934442044969,29.53311938348147
1317,208.1411891340575,145.33143465446778,29.53117390896557
1318,208.2926233154583,145.7796877905569,29.529377848026574
1319,208.4321266105332,146.226614160245,29.52715320405588
1320,208.56391871795267,146.6707348240751,29.525201890887057
1321,208.6788512750038,147.1233456769593,29.523166873209256
1322,208.7878478007702,147.5940985433842,29.52064695218193
1323,208.8797356806183,148.0626248197609,29.518116605962515
1324,208.9649667878365,148.52426464337614,29.515538122753856
1325,209.04129670554923,148.9850280302439,29.51282206844041
1326,209.11400828093176,149.45884532188273,29.50884342407153
1327,209.1828939662351,149.94151667490846,29.50337338683684
1328,209.24693621813543,150.42821251310485,29.49727367485147
1329,209.30780678506883,150.9008818906596,29.490864408844505
1330,209.3698154811203,151.38206083343908,29.484227363532494
1331,209.42165363095296,151.86491284229857,29.47772722220983
1332,209.479582387798,152.34160420916746,29.472277034674924
1333,209.53574821531845,152.83801063017972,29.467466689868992
1334,209.59798155089064,153.32347594286375,29.463228402589365
1335,209.6607982041163,153.8022943411982,29.460849705303936
1336,209.7219264238924,154.29014202933544,29.45987144248253
1337,209.7867238203383,154.78033748660997,29.459847380938697
1338,209.85280095882428,155.28323983592793,29.459778183934866
1339,209.92192595162368,155.78623031231805,29.45965242203009
1340,209.98519151970183,156.29024689893788,29.45948254913909
1341,210.04668422108807,156.784133185856,29.45860338613637
1342,210.11165423760485,157.2983086481311,29.45642614889965
1343,210.1843825934745,157.8084163578679,29.45340934789616
1344,210.26434366902188,158.3009133033711,29.4490728040213
1345,210.345252543289,158.80418934696613,29.442990909005463
1346,210.4237374681351,159.28823277140208,29.435604419339874
1347,210.5120428391324,159.78278196518272,29.4278877436608
1348,210.60123533010827,160.25304144368636,29.41975210517374
1349,210.7054646649424,160.73026140864582,29.41150551056687
1350,210.81649223467,161.2112215138804,29.40347625839514
1351,210.93000392863692,161.67883046869665,29.395969720684526
1352,211.05443290804453,162.1485040076889,29.38920042754086
1353,211.1981408417388,162.61922868109224,29.382821076139496
1354,211.36010479070515,163.08634429530832,29.377060530104075
1355,211.54554800473773,163.54017935973567,29.37233872994868
1356,211.7453920444169,163.98569813219387,29.36880156358012
1357,211.95480597311573,164.4354455065196,29.366384452876325
1358,212.17773477841,164.87110711788898,29.36540282927476
1359,212.42592553519484,165.2941795428452,29.36556996567118
1360,212.6800629048027,165.70470162422006,29.36730659979549
1361,212.95522962920765,166.11997332213758,29.37028844313367
1362,213.2391331280837,166.53544356170167,29.37389715051484
1363,213.5373115657523,166.93465355206618,29.3778342599073
1364,213.8542246551276,167.34455194547755,29.381492918264208
1365,214.18788204998023,167.75297768465632,29.38433339632111
1366,214.537534856379,168.15090221553336,29.386487325634373
1367,214.91217656036144,168.5411606402531,29.38766444846772
1368,215.3077603687877,168.93689904906483,29.38802226216503
1369,215.72590010858585,169.32963731070595,29.387712248589168
1370,216.175478661366,169.7132960113939,29.38690655616601
1371,216.65012738314527,170.0972933801845,29.38577670832659
1372,217.14913780324167,170.4836416863182,29.38512943230111
1373,217.67590596342035,170.87032117442683,29.38518690319581
1374,218.2308846800996,171.2612734763004,29.385631389312984
1375,218.806864506102,171.6418068872784,29.38661342805746
1376,219.39355758400487,172.02903574525146,29.38805876891503
1377,219.99867809900363,172.40835096408952,29.3900739692545
1378,220.61931616355184,172.77782651211737,29.392858752110783
1379,221.25916026557064,173.13457989603066,29.395899617628885
1380,221.9226285246541,173.48874571779805,29.399098446947537
1381,222.61262834751787,173.81898528180255,29.402194735350704
1382,223.32596417029745,174.1328094149989,29.405335767638096
1383,224.0559593305531,174.4299102042311,29.408534868268948
1384,224.8104642755734,174.7190170894647,29.41200347184908
1385,225.5834803005958,174.99428918181212,29.41583172237971
1386,226.38393057339096,175.24542042936378,29.419617258458665
1387,227.19193305002972,175.4863730970727,29.42341312625014
1388,228.01025517096195,175.71112545375777,29.42732675628024
1389,228.8446963191503,175.9229610855489,29.43144651544016
1390,229.689789242214,176.1114762379951,29.43534320470989
1391,230.5507473377328,176.27830607920643,29.438642663437864
1392,231.4259397488162,176.42557856866438,29.44151621717989
1393,232.31210507847973,176.54683745550258,29.4445047946408
1394,233.2043508226297,176.64709573945774,29.44765187061605
1395,234.0990575566414,176.72169316286906,29.450552187751057
1396,234.99848412118868,176.77306216910432,29.453111741575988
1397,235.8996917169185,176.78790135576455,29.454943095797088
1398,236.80696812800744,176.76788609803577,29.45619024099676
1399,237.71146483711453,176.72077188276634,29.456431387645274
1400,238.6104432267072,176.64751948475987,29.45573208994991
1401,239.5089987318128,176.55314389770317,29.454109685662985
1402,240.40194779181203,176.4202234340781,29.451699277506023
1403,241.29187546837488,176.26745747783767,29.44944771099421
1404,242.17307400961244,176.09385978461705,29.448268389060978
1405,243.04534316825533,175.90553682855958,29.4488520808157
1406,243.9020747657129,175.6919967343613,29.451473398902216
1407,244.7434890096352,175.45921016473065,29.45658073318671
1408,245.5616820501183,175.19632971125495,29.46366412179262
1409,246.36310933725684,174.90899255305655,29.472619524932767
1410,247.14310156888607,174.59505208711323,29.48275035720348
1411,247.89545790811,174.25665459069046,29.49282966558344
1412,248.62612167608745,173.8990398131596,29.50222773489793
1413,249.33890323363872,173.51397254240916,29.51014084001361
1414,250.02671726758703,173.11136231108068,29.51567683883277
1415,250.69998097253267,172.6954151946047,29.51824865348325
1416,251.3544096530055,172.26775765933036,29.517681465957256
1417,251.99285715140888,171.82952841960125,29.51409091202445
1418,252.611515076228,171.36828877450947,29.50827348954218
1419,253.2159753770545,170.87986252443017,29.500858444421315
1420,253.80705733045767,170.38052167103643,29.492294580695464
1421,254.3913083675432,169.86726052487762,29.483612972216136
1422,254.96321601500165,169.3301691568094,29.47442650413135
1423,255.52542635954384,168.77238012642107,29.46511688803387
1424,256.0790000193977,168.19413240995857,29.456263890020168
1425,256.61401089192685,167.59466855214808,29.44720850634179
1426,257.13431843905914,166.9829585381317,29.437449580637164
1427,257.6394487678874,166.35682402003434,29.42727729556456
1428,258.1269682135906,165.72252904017645,29.4168618531478
1429,258.59019598482536,165.0691607977097,29.406640786692765
1430,259.0368105292794,164.40396634633208,29.39735254674787
1431,259.4633654623125,163.72808417546037,29.389469733177823
1432,259.8749106680248,163.0546832959579,29.38331348744486
1433,260.26916297235624,162.367058992274,29.379103964331808
1434,260.6409107176912,161.6694168041903,29.37619291152041
1435,260.9959578473553,160.9623161873025,29.37470815355236
1436,261.3271089475536,160.25139386492194,29.37394998914778
1437,261.63234325048853,159.52309693339163,29.3726877028956
1438,261.9173019569039,158.7864398686737,29.37085444132405
1439,262.1778839474041,158.03954856978385,29.36835850917604
1440,262.4201245719579,157.2782401746378,29.36513260942059
1441,262.63688947614384,156.50991718424666,29.3613254465964
1442,262.83122879386985,155.73281138602442,29.35712959419484
1443,263.0049681374172,154.94940215561857,29.353178393964143
1444,263.168092086384,154.16496877992154,29.349748507711567
1445,263.3242892472877,153.37387443107718,29.34665768880315
1446,263.4638037376866,152.58765512297452,29.344015693254903
1447,263.5974066919038,151.79921452047364,29.34161736103905
1448,263.7160756656438,151.01420183919416,29.33966526964253
1449,263.82667543585865,150.22827326672103,29.338048008815846
1450,263.9332997605667,149.45341472877146,29.33671516152369
1451,264.0439012704596,148.6725370184725,29.336072440649893
1452,264.148948491798,147.89252858267872,29.335938242914263
1453,264.2446695296346,147.11448515055935,29.336451457274144
1454,264.3331990834068,146.33775782643855,29.33779779532873
1455,264.4272669938131,145.5773764453897,29.340239147374675
1456,264.5254475819191,144.81653824255517,29.34315322529313
1457,264.6285264184436,144.052408421023,29.34626447181663
1458,264.72744217008795,143.29109734362814,29.349883185353924
1459,264.82729076192504,142.523729266357,29.35373143749909
1460,264.9248306187848,141.76038570800674,29.357885159803303
1461,265.02838316449703,141.0042866601785,29.361971707894213
1462,265.1405107106048,140.2505557353887,29.365926120651427
1463,265.26378957389903,139.49433834168667,29.369923187876488
1464,265.3925875528841,138.74234699144438,29.373711008370584
1465,265.5257929390754,137.99619147131742,29.3779669276302
1466,265.6681356784045,137.2564957742445,29.382283039640427
1467,265.8228776386827,136.5159511700299,29.38650943882791
1468,265.99164974304114,135.77089532317302,29.390821500467503
1469,266.17370235592165,135.03424466278096,29.3958550467622
1470,266.3635320953756,134.30812280801732,29.40163720040341
1471,266.56428475832604,133.58886077658096,29.40812736770157
1472,266.7758301284527,132.8837053688083,29.41544050710596
1473,267.00089378177955,132.18273016218072,29.423484936193475
1474,267.2384430019256,131.48953883739472,29.43141645223604
1475,267.4955698419405,130.80437061117905,29.439399256211747
1476,267.761134843381,130.11942238362724,29.4470160790812
1477,268.0382741200884,129.43462887223646,29.45429588645552
1478,268.33311265776854,128.7525861848883,29.460506214015822
1479,268.64192797459816,128.08167626362732,29.465782006024
1480,268.961117107194,127.41938527002768,29.470479728138773
1481,269.2885261320453,126.7691038567476,29.47463469158606
1482,269.6246297314276,126.1282361716514,29.478301282689696
1483,269.97855140132435,125.49783312626684,29.48209227151061
1484,270.34263165198456,124.87266747517764,29.486510712426515
1485,270.7149478030827,124.2565776289928,29.49104932201952
1486,271.1022262113229,123.65125584714974,29.495639308930592
1487,271.50552752570354,123.05711218001204,29.50011240602165
1488,271.913749205568,122.46710233322908,29.504072820388146
1489,272.33757318644047,121.89314707424178,29.50755967164588
1490,272.7768177861242,121.33969108891152,29.509921567377727
1491,273.21899615509983,120.80108187597354,29.510352243554205
1492,273.6720486119572,120.26721796668096,29.509169470881968
1493,274.1356637010881,119.73672846738916,29.5064531509908
1494,274.6109624750178,119.21229648058578,29.502693891438906
1495,275.0991851975148,118.69445866178074,29.49830472824367
1496,275.6030800055029,118.18280509729006,29.494155286882435
1497,276.1181490163322,117.68872524463288,29.490539218653247
1498,276.64189666505325,117.2028290960169,29.487926031873
1499,277.17309970700825,116.72976755474002,29.485698150763067
1500,277.70890456937764,116.26083982329104,29.483820103152155
1501,278.25097716301457,115.81141241878966,29.48189106620288
1502,278.7993367515912,115.3776166953186,29.479682650362427
1503,279.3485785622241,114.94826657506216,29.476748892246924
1504,279.9074542542768,114.51991379459784,29.47344168339643
1505,280.46053348804605,114.09692196156428,29.4692019472429
1506,281.0106038545272,113.6811743636828,29.46387877800081
1507,281.5622028406251,113.274554344547,29.457880560574257
1508,282.122078867937,112.86737794286137,29.45199299277757
1509,282.671981314668,112.44993844896632,29.44668139224489
1510,283.2192023506421,112.02062629833148,29.4419340770345
1511,283.762774774198,111.58469356984013,29.43730308512671
1512,284.3040894884511,111.13500921245726,29.43316385905754
1513,284.8404080908431,110.68190627621132,29.430514731729545
1514,285.3760137005854,110.21554224052656,29.429944363577498
1515,285.90377241293885,109.72979355218531,29.431726611712715
1516,286.4261861298545,109.23421371934558,29.43584767214751
1517,286.9368084128335,108.738101865586,29.44117169646952
1518,287.4387008920708,108.24015849622477,29.44751832008039
1519,287.9326790774415,107.73823719283996,29.45436027653824
1520,288.4210272714429,107.21927569573084,29.46090995143782
1521,288.9022790236179,106.68425999108491,29.46653934840516
1522,289.3748483501659,106.1437286097012,29.47105073565841
1523,289.833248622436,105.5948465125204,29.47401774487012
1524,290.28066163255403,105.0257102076331,29.47572139738756
1525,290.7154964494155,104.44289231330404,29.47626710290968
1526,291.1373249755296,103.8457689835487,29.47638893525445
1527,291.5298857669553,103.23071322320558,29.47694879344342
1528,291.9057219959686,102.59803323761612,29.477881104774298
1529,292.26085243364736,101.95894243821743,29.47847144726388
1530,292.5844565895343,101.30869805719442,29.4792086058565
1531,292.8842389689966,100.64240129053694,29.47936149168773
1532,293.16245468228914,99.96005222965655,29.47853873931964
1533,293.4124950173712,99.26379705351896,29.477443274033888
1534,293.62513428515126,98.55792830759316,29.476068228761086
1535,293.8155105910619,97.83582360645076,29.47388824467049
1536,293.9845409576196,97.10490837972682,29.4710074483444
1537,294.1301338488447,96.36896148022208,29.4673264119678
1538,294.25155911517083,95.62997756336596,29.46344951786348
1539,294.3391141689904,94.8858969864485,29.459343873139066
1540,294.4073805606982,94.14045398915516,29.454869144693703
1541,294.45067059381364,93.4001128688577,29.449921929419624
1542,294.46501891396844,92.6597705975962,29.444891788426183
1543,294.4552293516384,91.91942735893733,29.44031471166113
1544,294.4148844251574,91.17908289746616,29.436203948632382
1545,294.3380023737094,90.43873697509008,29.43258130166832
1546,294.2291208085179,89.69838978330824,29.42878645264982
1547,294.0954161614936,88.95117965046838,29.425249663391
1548,293.9406719362081,88.20920234261808,29.421998480339404
1549,293.7620311537322,87.46956674453801,29.41871172500013
1550,293.5650186800253,86.73614173645383,29.41481374440956
1551,293.335052787296,86.00870622685488,29.410433906466803
1552,293.0818359067658,85.29247413642354,29.40615618952684
1553,292.80609827026865,84.58243234435655,29.40209940983908
1554,292.504935894989,83.88723614770129,29.39890253431688
1555,292.1728280492806,83.21109103824428,29.396982752586208
1556,291.8134635594538,82.54415449531125,29.395997225680045
1557,291.4288765565508,81.88474717006068,29.39566382678071
1558,291.0179598968744,81.23134637373026,29.39663129023221
1559,290.59063757632833,80.59338516845385,29.39893261733397
1560,290.1468068170209,79.97628084713907,29.402340987679064
1561,289.67934758388986,79.36187127223542,29.406174170083496
1562,289.20295936681106,78.76950531233187,29.41004281715788
1563,288.7014299749238,78.1893857718312,29.414489085970416
1564,288.18735155056413,77.62488794833872,29.41942856856777
1565,287.65748283841776,77.07697259813553,29.42451856056051
1566,287.11183620744987,76.55503549548617,29.429931448175683
1567,286.55005406638406,76.04802405772483,29.43579730802993
1568,285.97138736999875,75.55334239289981,29.44201625196456
1569,285.3723214720217,75.07372626274764,29.448842023413047
1570,284.7592505900402,74.61819270256645,29.45634498319939
1571,284.1348023840864,74.19022562312377,29.464028496681426
1572,283.4963765697921,73.77155322239864,29.47136611555212
1573,282.85128121384616,73.36269395747892,29.47804438799768
1574,282.1984838154619,72.97673531281075,29.48396553615428
1575,281.5312150309063,72.60282400636848,29.48901742303207
1576,280.86061977986407,72.24149121475877,29.49307150662951
1577,280.1825966001272,71.89857748767535,29.496372091509443
1578,279.4976774054166,71.57406020925583,29.49926834782542
1579,278.80187402403755,71.25997721682069,29.50168168832071
1580,278.08893113473613,70.9633361218856,29.503603112238707
1581,277.3692942580911,70.68270270723943,29.505432428253776
1582,276.6506381370684,70.42572318558132,29.50672312138061
1583,275.9332556127416,70.18070608559708,29.507462248049737
1584,275.211235781316,69.94351087819449,29.50785804699312
1585,274.48442674035385,69.72138100116189,29.50838179633924
1586,273.75251693769906,69.51530246649324,29.50926554437788
1587,273.02262778354384,69.32588175018593,29.510463241776986
1588,272.28908214870853,69.14927514275594,29.512254058507622
1589,271.5552322899078,68.98065323853086,29.51458277056273
1590,270.8112062916548,68.81420012736291,29.51713758004927
1591,270.07255486794327,68.64980570043255,29.519527568863285
1592,269.3235522497296,68.48385143389305,29.522371643141685
1593,268.5644410909601,68.31735649025907,29.52603036932156
1594,267.8078754563698,68.15172238835962,29.52993581028145
1595,267.05181876929305,67.98173866102161,29.53419056021368
1596,266.28389752378763,67.81204342514471,29.53928154997047
1597,265.5250567852835,67.6486892250186,29.54495797526276
1598,264.7981117865474,67.49338166282426,29.55120461325681
1599,264.07269067793027,67.34238097031677,29.55815599107633
1600,263.3409980481455,67.20451375114881,29.56619448081876
1601,262.6248376360535,67.06599106025969,29.574225385235486
1602,261.9093271883393,66.92251863082198,29.5811847642796
1603,261.1896885249472,66.78548551397625,29.58729459193905
1604,260.4500061264241,66.6485976457399,29.593404561827377
1605,259.69410860781386,66.51161873175606,29.598969807010075
1606,258.9312858646909,66.37503584579595,29.603507786259115
1607,258.17381582198743,66.23905690451072,29.60695060148388
1608,257.40990447074563,66.10078170301213,29.60963460488769
1609,256.6564280108792,65.95519223662006,29.61187395884251
1610,255.91417192231097,65.81074899942392,29.61414620671484
1611,255.15255641431017,65.67124997307867,29.61666083775793
1612,254.3926058654023,65.54251228449293,29.61942357495987
1613,253.6422567742944,65.40324271524884,29.621394744145043
1614,252.8882894847515,65.26325118009053,29.62318605826516
1615,252.1297445734864,65.13638479452165,29.62595366046132
1616,251.36814156644544,65.0157103873887,29.63085532584117
1617,250.60499962401772,64.90483168514439,29.639302519426504
1618,249.84513599283008,64.80428773300743,29.655600630226928
1619,249.09987756960584,64.71287088485708,29.6830421870469
1620,248.34274704461183,64.62536516058799,29.726721086316072
1621,247.5831409540527,64.53597354838705,29.78936014556521
1622,246.82501448675487,64.46601230026876,29.87355209297631
1623,246.069216122046,64.3973849705922,29.980042033831648
1624,245.31055153529252,64.32889156198127,30.108400557417305
1625,244.55025323977875,64.26730435987065,30.25710480127833
1626,243.79518103448385,64.20850007159741,30.4246455290038
1627,243.03871676528885,64.15425937810895,30.6093092324404
1628,242.28683826621187,64.10695110437035,30.81244120964357
1629,241.54164636271656,64.07207479414782,31.03268272096468
1630,240.79672392351912,64.03793875495911,31.270281104239395
1631,240.05169608572783,64.00254919243892,31.51777498558016
1632,239.30929520060903,63.96934628277323,31.78677569009473
1633,238.56259156925069,63.93768081507599,32.07859982694114
1634,237.82494368357544,63.913663921887824,32.39226499131134
1635,237.08416734393865,63.888419303930135,32.725327645278846
1636,236.3372483519437,63.87202847896544,33.079405116982
1637,235.5894113102096,63.863889671255386,33.44798590190621
1638,234.84200446530625,63.85351730751154,33.815403440135235
1639,234.09337306847445,63.84938327964496,34.16667046679102
1640,233.35583610031804,63.85309800136993,34.48326122043856
1641,232.6195219437041,63.85817492781677,34.7561965767815
1642,231.8877829477594,63.85913570253349,34.982928871360286
1643,231.1549415933789,63.866180018782266,35.16132102312023
1644,230.42424233500927,63.86577179969456,35.301368760229046
1645,229.70028528930536,63.85832122347903,35.40018573173564
1646,228.98784668081703,63.84543822095691,35.46349901205996
1647,228.27591489613468,63.82873218045426,35.50194029643741
1648,227.57293466740896,63.80981309202214,35.526483604474635
1649,226.8772234564224,63.79029072030502,35.539206655533405
1650,226.19535614122788,63.77177512739604,35.537871676542586
1651,225.523779879484,63.75587603143082,35.52367233149573
1652,224.87549452956367,63.744203642153416,35.49894526338663
1653,224.2363255684757,63.7383672461462,35.475535870109205
1654,223.61075622127493,63.739976760277074,35.45867983754727
1655,222.99197665356465,63.746820128715925,35.4481417034128
1656,222.38080605805743,63.74169893462147,35.441734591777895
1657,221.77724408681763,63.737939651148274,35.43792496233909
1658,221.1796597535504,63.742028546471744,35.43625241672952
1659,220.5847915072264,63.75235568604447,35.43602584358429
1660,219.99692238033785,63.76044941101104,35.43750533629264
1661,219.4094416163947,63.77404262528967,35.440962958900904
1662,218.8340241807253,63.79328827391472,35.44605434475373
1663,218.2634286825725,63.8254329426478,35.45260076502881
1664,217.70904179459467,63.860550454721256,35.46052429391471
1665,217.159477035177,63.90224416632216,35.469813907196574
1666,216.62197555710992,63.95075324328904,35.48135059994244
1667,216.08277122953805,63.99827457865951,35.49553098450131
1668,215.55200997629072,64.0498459251086,35.5124948079058
1669,215.0291984708956,64.11466096943741,35.531933893614735
1670,214.5114471425513,64.1919541131985,35.5539299575503
1671,214.00038726908863,64.26597328202158,35.57822734847037
1672,213.4967679823383,64.33770452245165,35.604731170245856
1673,213.0057341192729,64.42524443787352,35.63279049482785
1674,212.5241531510855,64.51537297640705,35.661436475232755
1675,212.0443652934568,64.61075872959304,35.690348100602186
1676,211.57380104760225,64.70911712574421,35.71820972816826
1677,211.10410291694708,64.81870003492321,35.74456668338397
1678,210.638330911981,64.92781607750966,35.76955679954782
1679,210.17252392919795,65.03722394474626,35.793067560447724
1680,209.71300038826536,65.15890958496139,35.81495876661275
1681,209.2478182684228,65.27578319761417,35.83510422966176
1682,208.78773190379908,65.39091216104684,35.85398526231518
1683,208.3377363931305,65.49978318486455,35.872487650853
1684,207.8970821978952,65.6150737340379,35.8913605097249
1685,207.45899299905133,65.7428884346813,35.910674549245364
1686,207.0233407476924,65.86081528104778,35.930247505516085
1687,206.58859055124952,65.97934587397393,35.94937779460639
1688,206.16148597609083,66.10330993365021,35.96674374117759
1689,205.73738440720504,66.22944069935346,35.98211706454345
1690,205.3167790107433,66.35449335191025,35.995221024024765
1691,204.897055815648,66.48679036481425,36.0054329495412
1692,204.48360683730937,66.62145541265706,36.01243968760686
1693,204.0669263438053,66.7536335519031,36.01698153717772
1694,203.66159577827304,66.8927905315744,36.02027147355214
1695,203.25665359748663,67.04098529815045,36.02277510532063
1696,202.8501468929583,67.18837512359269,36.02523338918403
1697,202.4417004129699,67.33711065011359,36.02703961104044
1698,202.03404734828092,67.47715561671221,36.02730861829675
1699,201.62025808440305,67.60651514222786,36.02569773389458
1700,201.2115996454489,67.7335062060357,36.02215823709954
1701,200.7994232820959,67.84781217876699,36.01649487904191
1702,200.3935175572084,67.95404904105368,36.0086815834148
1703,199.9852331585228,68.0621430662383,35.99918469866373
1704,199.58583755038296,68.16338800011995,35.988418738388766
1705,199.1793880774012,68.26400895426058,35.97756766914565
1706,198.77715159570528,68.3782952412931,35.96690654590732
1707,198.37047945586176,68.49150316653214,35.956867292023034
1708,197.9639469913953,68.59781730218731,35.94785593315266
1709,197.55519140257252,68.6982940403815,35.93990422016711
1710,197.14902159422687,68.79577755861669,35.933103002237
1711,196.74852222583417,68.88538811189852,35.92733401809703
1712,196.3555985115784,68.97272245956255,35.92285429745138
1713,195.96362601784128,69.05418343776023,35.91975050951639
1714,195.5721668256468,69.14009162250159,35.91797813091929
1715,195.17700320829715,69.22694130242832,35.917741072911014
1716,194.78807436360148,69.30892390489608,35.91856153779184
1717,194.396367202256,69.39796961790654,35.92024512440474
1718,194.0046598883628,69.49218276408881,35.92267010784493
1719,193.6118538686896,69.57926815853027,35.925674700538394
1720,193.2183121401806,69.66349188782354,35.92926928837911
1721,192.8237483168972,69.73398416970265,35.93356565604168
1722,192.43486037427027,69.80839221846036,35.93821544627082
1723,192.0502247031272,69.88043007244485,35.943238275868445
1724,191.6668132464586,69.95881678087616,35.94864631724321
1725,191.2763630861133,70.04104430266463,35.95435774697536
1726,190.88777623737724,70.12403907866982,35.960227809438514
1727,190.4995428708896,70.21039023583535,35.966008574318906
1728,190.11713842612136,70.29528096967925,35.97166826489624
1729,189.737166901437,70.37751135929938,35.977138882904704
1730,189.3544086635376,70.4478213334264,35.98250662006054
1731,188.97780039877657,70.51737184267482,35.987644242681675
1732,188.60347215786248,70.58428883026771,35.99281404498545
1733,188.22707241649803,70.64606435421247,35.998063964532385
1734,187.8589302712339,70.71951396503778,36.00340433903885
1735,187.4880340734076,70.79923938777387,36.00872658320774
1736,187.12180984940983,70.88104180999468,36.013909881045095
1737,186.74776716520373,70.96812801756886,36.01919370590136
1738,186.3761610581112,71.05910224170606,36.02424850660715
1739,186.00547212895185,71.15651754418084,36.02921741335885
1740,185.6341812292686,71.25304324424022,36.0344493215337
1741,185.259066167823,71.3513354958224,36.03989560133643
1742,184.8892336058328,71.44166756852232,36.04555491175019
1743,184.52138278374483,71.53542313773424,36.05121668355959
1744,184.1560069239642,71.62658040419228,36.05669435434336
1745,183.7912413499056,71.71824916812587,36.06183531805548
1746,183.4265797891385,71.80409989913899,36.06610944936373
1747,183.0585154528124,71.88105872572079,36.069051776931104
1748,182.68494738951023,71.94896209348099,36.07123184479202
1749,182.3037745759892,72.01063974268422,36.07280353730739
1750,181.92662781576536,72.07354250182343,36.07398866071237
1751,181.5446923263354,72.14238983597113,36.07512229358074
1752,181.15355483530945,72.21246194871564,36.07643593885655
1753,180.7630287654822,72.28817105252102,36.07785769574716
1754,180.373455246788,72.35652356483979,36.07935750514521
1755,179.97489505649727,72.42563635866712,36.081020879808136
1756,179.58082524041475,72.49810562827084,36.08310379795297
1757,179.17749683365471,72.56755624264522,36.08535837370815
1758,178.77107724295772,72.6225106908232,36.08796334698496
1759,178.36278921800093,72.67790530231535,36.09088934033341
1760,177.94891182732198,72.73390348555259,36.09425457061905
1761,177.54564042670103,72.79066913695623,36.097513379715416
1762,177.14103218182737,72.86215224395676,36.10066092971487
1763,176.7338738730076,72.93453078482804,36.10375449763679
1764,176.3285788259555,73.01031269939016,36.10660305950031
1765,175.9304713427955,73.0913720713022,36.1088968087931
1766,175.5279991199403,73.16379524376357,36.110815559591984
1767,175.12429030688676,73.24149567167281,36.112308208008535
1768,174.7227409757937,73.32259947819809,36.11358407143867
1769,174.3178759819496,73.40077701723398,36.113911289522
1770,173.91120502644992,73.47913816988748,36.1133286383296
1771,173.50358783771378,73.56939958059506,36.1114359269048
1772,173.09943808995646,73.6583413680407,36.10882072110301
1773,172.69754210361293,73.75086093729944,36.10597574314303
1774,172.2911710360228,73.83947236342406,36.10345196653348
1775,171.8873301984397,73.93049861966563,36.10198790810655
1776,171.48061820527522,74.02216623850818,36.10178282484019
1777,171.07703411945096,74.10979172691914,36.102963211868754
1778,170.66439347335702,74.18925713503205,36.105415677006775
1779,170.25217755806727,74.27576813561149,36.10855808711114
1780,169.84358205950485,74.35644105691688,36.11156224851835
1781,169.43498639011415,74.44648127302459,36.11331301040555
1782,169.02277038596458,74.5417710375948,36.11334740272464
1783,168.61459386275527,74.63762689645104,36.11163254851563
1784,168.2068760669,74.73227542086624,36.10906468770948
1785,167.79603626862928,74.82394318875359,36.10540758341276
1786,167.38973423248234,74.91013260736602,36.10064226877601
1787,166.9843494528447,75.0003944666713,36.09545618191961
1788,166.57626201966698,75.07875604986933,36.08990978993678
1789,166.1729690817689,75.15007219706834,36.08422896681572
1790,165.76406687636373,75.22954811733797,36.07865270597254
1791,165.35228836606152,75.31306620136955,36.07352095804623
1792,164.94493025549025,75.39615679137512,36.06851867384654
1793,164.53553539282194,75.48602629263817,36.0637789863739
1794,164.12204801220187,75.58579037571383,36.05899293594932
1795,163.70373838337636,75.68099064496366,36.05434464098037
1796,163.27086808892545,75.7741799873391,36.05019913818633
1797,162.83924195181874,75.86612426564936,36.04645286789597
1798,162.40884101317715,75.94981564371945,36.04310341319416
1799,161.9717817229203,76.0366377026213,36.04004910142872
1800,161.5387391903259,76.11176085466828,36.0375166796926
1801,161.11186673957997,76.19736824350585,36.03571741396542
1802,160.68152680803223,76.28720140522218,36.03451573004524
1803,160.24985985782598,76.38010498977616,36.0341484230137
1804,159.82728338232127,76.47331985758687,36.0344056359829
1805,159.4014108060867,76.57008093341953,36.035283545299855
1806,158.9816460636863,76.66937220736348,36.03647839733792
1807,158.5620341725874,76.77084265681032,36.037979295113054
1808,158.14058631480123,76.87438827545638,36.03942667691869
1809,157.71894606581134,76.97889311531094,36.04079390101282
1810,157.29314216875727,77.08433194188555,36.04143380618156
1811,156.8673368465528,77.19842537137504,36.04117881442432
1812,156.4431738027964,77.31390735880441,36.04025169848124
1813,156.01668153646477,77.4412694475322,36.03869033224122
1814,155.58911910568438,77.56744260845522,36.03654396476077
1815,155.16174509736808,77.70029411365705,36.0348646915274
1816,154.73505254923256,77.8414338156058,36.03368158722605
1817,154.30052632620277,77.98525853316067,36.03335475869679
1818,153.87698996919457,78.14037039684501,36.034603394411306
1819,153.4532652575266,78.31558682493014,36.03702617704744
1820,153.02262552640494,78.49097668202307,36.04058713446594
1821,152.5916854669015,78.67989423096267,36.04527738378263
1822,152.1663886435662,78.88169063921835,36.05037813345701
1823,151.74272437462736,79.09256258019933,36.05552208951136
1824,151.31493192721035,79.31465639472857,36.06020729641422
1825,150.89001550799622,79.54797223337893,36.06408825482753
1826,150.4690600875138,79.78761100321056,36.06715192630143
1827,150.03724369614673,80.0369262268232,36.07036179574352
1828,149.59764488713665,80.30801944128183,36.07335728760752
1829,149.144846041967,80.58317391027201,36.07621021978088
1830,148.68669765235725,80.87844963048305,36.07898234637232
1831,148.21572163307994,81.1919725069659,36.08074024364958
1832,147.73016946281288,81.5163355564919,36.082170306415655
1833,147.24156102421705,81.86361197334418,36.0836287189716
1834,146.74683667387907,82.23341685081402,36.0844443663546
1835,146.24679488255896,82.61242458707771,36.08443012824546
1836,145.73946340651244,82.99965330665002,36.08393335002098
1837,145.23279414623224,83.40494582478988,36.08342364552877
1838,144.72041882045292,83.82018321727833,36.08358113245132
1839,144.20424723394433,84.2454996597673,36.08514489288822
1840,143.68550231904757,84.69076300624526,36.0878020912739
1841,143.16262939720502,85.14013390965727,36.09096431312885
1842,142.6379503153039,85.60101265445124,36.094450766988366
1843,142.11157606777363,86.06591348487139,36.09826503000682
1844,141.58195592630523,86.54416169960636,36.10297300945842
1845,141.06169621342175,87.03239951126886,36.10860837407854
1846,140.55059629143798,87.53007605735601,36.11452203977096
1847,140.0429792534583,88.01860510448867,36.121652693782366
1848,139.54208925497582,88.51156387519273,36.129781211565664
1849,139.05161462867676,89.0150321168596,36.13780852449527
1850,138.56563691797206,89.5172469809656,36.14567144621597
1851,138.08974279943828,90.02507891628245,36.152471844690105
1852,137.62269009852375,90.53613577458658,36.15785949136494
1853,137.16436732945996,91.05148491675996,36.16169049913564
1854,136.71530643379236,91.569716061155,36.16399022802975
1855,136.27587051856014,92.09082921488805,36.164605018857394
1856,135.84414203695377,92.61898729090484,36.16354166407253
1857,135.42583208996612,93.14846958224936,36.16142781952595
1858,135.02112224434833,93.67766624234628,36.15843901582316
1859,134.6232024975904,94.21289995972558,36.15488239648155
1860,134.2328915790278,94.7472945650149,36.149761244994046
1861,133.85018944136664,95.28361697235924,36.14288925695712
1862,133.47660235074855,95.82107485581336,36.13475203474867
1863,133.10793156963794,96.36362148551676,36.124559039475926
1864,132.7467980596896,96.91706993655762,36.11267192175849
1865,132.39176453050547,97.47016805453592,36.09978877304203
1866,132.0377568248426,98.0351656441032,36.08514973867882
1867,131.6913982040073,98.5912128605877,36.06938870150082
1868,131.3506347867441,99.14214853750988,36.053153034263694
1869,131.00988654162418,99.70290384583662,36.03677564259864
1870,130.67724454703963,100.24755713507813,36.02063848504653
1871,130.33248075361175,100.79544037944076,36.00523636265481
1872,129.9760746113543,101.34234410907274,35.99060557383404
1873,129.623919880366,101.87990537893448,35.977692260664064
1874,129.27068637845565,102.4158672624718,35.966488441606934
1875,128.9058050989658,102.96022275450606,35.95629356995097
1876,128.5507059739439,103.49398910024831,35.94739344629847
1877,128.19724530367426,104.0201326333432,35.939322089576216
1878,127.8496812702234,104.55156360015596,35.931534239572244
1879,127.50808168468234,105.07198571725736,35.924530874612955
1880,127.16594890234364,105.59528375689024,35.91760247694571
1881,126.8235733522414,106.12426026287449,35.91103951506354
1882,126.4775361251496,106.6380656478391,35.904957387568075
1883,126.11621287852574,107.16003526342992,35.89977692379728
1884,125.74854041635636,107.68851959870132,35.89541229285113
1885,125.39152938672188,108.19596718606256,35.892303411993545
1886,125.02369727101332,108.70368792497568,35.89034590720693
1887,124.65301713042136,109.21409671471218,35.88943809193613
1888,124.29578819773104,109.70986917832442,35.88968178552344
1889,123.93263350384748,110.20369003890856,35.890480320838364
1890,123.5708604570984,110.70487008798982,35.891615717802075
1891,123.20966124359246,111.19707990793496,35.892988190290495
1892,122.84928805955492,111.68550454405366,35.89402470614584
1893,122.4934055272714,112.16412099071222,35.894674589296045
1894,122.12337212035024,112.63730401611998,35.894953135300376
1895,121.7466135619366,113.11453168340392,35.89474841037163
1896,121.36725582088806,113.60152717580752,35.893727244310824
1897,120.98804465219588,114.06938991139148,35.89227390790543
1898,120.59230549512353,114.53321878503893,35.89065441128521
1899,120.19075673919298,114.99229017555268,35.888846766947474
1900,119.78705377893628,115.43989143951694,35.88700538703527
1901,119.3728220842428,115.8825087497438,35.88548837114133
1902,118.9557211285516,116.33256882258593,35.88414259180605
1903,118.53846098977832,116.76134715853308,35.883016878919044
1904,118.1143596070052,117.1834288494165,35.88192585645971
1905,117.68525252873016,117.60290707308565,35.88076638837059
1906,117.25036949562244,118.02444196478376,35.87968724165581
1907,116.8061698928852,118.44904718213176,35.8781134424793
1908,116.36044338839018,118.87290198402049,35.87641983569906
1909,115.90575032659324,119.28195620893209,35.87436688550554
1910,115.43866012668444,119.68658572431248,35.87213648413777
1911,114.96683251800846,120.082139719705,35.869950862626915
1912,114.48649674132264,120.48015449420969,35.867646056772834
1913,114.001768674165,120.87863624800448,35.865560957342744
1914,113.50989059994478,121.27775597844548,35.864093987824646
1915,113.00882411513248,121.67178027487697,35.86333963862174
1916,112.49331525180092,122.06459574317223,35.86298136135383
1917,111.97668822721816,122.45020592298344,35.86323505974661
1918,111.46199043469656,122.81839969016488,35.86417119898629
1919,110.92962719709898,123.18599204752296,35.86542875080676
1920,110.38940631254457,123.5485711763151,35.867078501544526
1921,109.82554017776744,123.91085652813864,35.86910567687049
1922,109.24766521877056,124.26812855760302,35.87182296570884
1923,108.6592786486383,124.62698515633456,35.874791093541745
1924,108.0513594684972,124.98810116334045,35.877714838559754
1925,107.42803641852124,125.34161469110686,35.8808471613751
1926,106.78258041529378,125.6966212422718,35.884153247359635
1927,106.11584260258614,126.04840786581128,35.887188682142174
1928,105.42966145771402,126.3973644751406,35.88997617327216
1929,104.7338935424476,126.73662551199178,35.89236463002876
1930,104.0130233147814,127.06716336442489,35.894509773851546
1931,103.2701965459108,127.40414789639529,35.89602956913304
1932,102.49309621787752,127.74986792889996,35.897881644021176
1933,101.71053417377875,128.08629278984108,35.900185135994455
1934,100.91137122902796,128.41914985401905,35.90336758113463
1935,100.09471868530522,128.7512739396015,35.907407775799186
1936,99.24890179445676,129.07548517176903,35.9123900706663
1937,98.38314915897512,129.39549972347984,35.9186026920729
1938,97.49696780781584,129.70409595558334,35.92594981638882
1939,96.58838547886955,130.00347983821231,35.93430527020497
1940,95.65694154383132,130.2973137649948,35.94344852322416
1941,94.69760420312926,130.57954318361897,35.952421739397984
1942,93.71973729020586,130.83977050589218,35.960822893337216
1943,92.72981469057598,131.09826138060237,35.96799300913008
1944,91.71819127620034,131.34392414753984,35.97371044712149
1945,90.71948339545682,131.56639213659813,35.97774518663237
1946,89.6966475963338,131.77632629299998,35.98024139674368
1947,88.66620902277502,131.97847963559897,35.98133341371468
1948,87.62398182624517,132.1645127954393,35.98149338143557
1949,86.57264597846151,132.33512340202552,35.981292332945
1950,85.51324305982992,132.4864176555221,35.980861497540936
1951,84.4437344466929,132.62848303285693,35.98024662719343
1952,83.36371252398982,132.75313281306217,35.98001830156833
1953,82.27514945071793,132.86826279739998,35.97972415747901
1954,81.18477177275592,132.95998232169023,35.97920750785603
1955,80.08062856571478,133.0501666561235,35.978187521144584
1956,78.96376147191859,133.12993402275967,35.976568939420964
1957,77.84676263673599,133.20096398998928,35.97451940652204
1958,76.71216085945699,133.2647790230475,35.971701746902305
1959,75.56896890703895,133.31293258360745,35.9684335968029
1960,74.42194094967782,133.34510442302414,35.964760648606166
1961,73.26607564207325,133.3608174132041,35.960972245310906
1962,72.11425569559611,133.35445987949413,35.9569965922388
1963,70.95708357798681,133.33182883288322,35.95300696989539
1964,69.80042509964969,133.28733766583488,35.94956385810708
1965,68.64426113255941,133.22163535154263,35.946574997322166
1966,67.48774382142705,133.13075764822784,35.94411283845329
1967,66.32691703047234,133.03297620152452,35.94213422187999
1968,65.16839894056872,132.91917032482968,35.94070612727566
1969,64.00621161823548,132.79331677930702,35.93991117617767
1970,62.83825420147009,132.64800860228132,35.93923656833921
1971,61.67094413723157,132.4813719053849,35.93863941943843
1972,60.5046564906313,132.30946652339287,35.938371912591414
1973,59.33665851471396,132.11967865646594,35.93824284891753
1974,58.16941545366026,131.9176453011635,35.937941507398534
1975,57.0026311016522,131.7002339417751,35.93833036137171
1976,55.83600925267486,131.46415530305424,35.94008898832337
1977,54.67201524137094,131.20415729062685,35.94302000422168
1978,53.507916100020665,130.9360918132159,35.94610681015402
1979,52.34796394340503,130.66807350597074,35.94905909626464
1980,51.18753972394653,130.39347937060074,35.95088735526876
1981,50.0222918740807,130.1159131148696,35.949342672036124
1982,48.86254987175108,129.83354452502937,35.941105375071075
1983,47.69730199638147,129.54983220917637,35.9241794605599
1984,46.53687764533062,129.2715996245928,35.89767098171242
1985,45.37692531105465,128.99213991701964,35.861465370726826
1986,44.21282589614193,128.70787113373072,35.816968715209306
1987,43.04883160643229,128.41208647999878,35.76381031531403
1988,41.88220953565276,128.1167122153101,35.699489114133804
1989,40.71988927584997,127.82779035761168,35.62208014565299
1990,39.54851226608773,127.54515144655258,35.532210671437475
1991,38.38026302608351,127.25477390906592,35.43464687941583
1992,37.209142590100456,126.96213609898736,35.334420479428914
1993,36.04055228310512,126.67372425295925,35.23703743458165
1994,34.867486664042424,126.38792841064097,35.14717724350436
1995,33.69667467362856,126.10313865798275,35.06968381483791
1996,32.52723847223324,125.81774509090263,35.00817500237515
1997,31.358300239309745,125.53013782611124,34.96406630386542
1998,30.18757623586885,125.23969307022678,34.936078552915
1999,29.01868671803345,124.95371981452357,34.917807925414685
2000,27.855251956510543,124.67077775940068,34.9010733295089
2001,26.688863211569693,124.38420126188652,34.87909471582863
2002,25.521320161449992,124.08555131005272,34.84797128088054
2003,24.35907529808384,123.76638886427992,34.80674223079733
2004,23.20049265866931,123.44215830662849,34.75600387911664
2005,22.04486383571105,123.12072686484872,34.697341810712736
2006,20.887079216591896,122.79412827703872,34.63303311527989
2007,19.741546520491923,122.45952771071876,34.56533337713651
2008,18.59246099529611,122.11802094340932,34.49647360291376
2009,17.44568393514731,121.77649672110954,34.429229882973154
2010,16.302146033056314,121.43680378404116,34.36624714793854
2011,15.156668231977468,121.09107400776875,34.30881574870927
2012,14.007179568296264,120.73654215382766,34.25686990540662
2013,12.852437804737038,120.38165484224128,34.210805616785464
2014,11.699989213391657,120.02690595615668,34.17001641436227
2015,10.55122891790854,119.66869851572764,34.13373260399132
2016,9.407792790827212,119.31147721327277,34.10130056892495
2017,8.260450247029679,118.9661763863866,34.07229513341335
2018,7.114651747631813,118.6203164325676,34.046178422649575
2019,5.973904154227693,118.27655362781135,34.02114025590675
2020,4.830369429693983,117.92755732616436,33.99629960284577
2021,3.694243260261985,117.57588063841386,33.97186503983702
2022,2.562897895846059,117.218927706577,33.947445051377045
2023,1.4223441294014958,116.84858140183898,33.92291430908974
2024,0.2789006634506704,116.47783532350292,33.89850039044367
2025,-0.8642371440365421,116.10227750043016,33.87430767752399
2026,-2.004623097471477,115.72662762136812,33.850137062291665
2027,-3.1398110029965176,115.3461660037398,33.825807165440416
2028,-4.2780281103507445,114.96749046763732,33.80181197168759
2029,-5.421582396647168,114.5940286330242,33.77849357870478
2030,-6.55687514679107,114.21636794492665,33.75584910167922
2031,-7.683743923578928,113.8319376929351,33.73365228542699
2032,-8.806061250287332,113.43140750921864,33.712203876153644
2033,-9.913542887330054,113.02043362031662,33.69129652912628
2034,-11.01717381088906,112.59877707685354,33.67066136377415
2035,-12.1229312904032,112.16773331668028,33.65001076329963
2036,-13.22476288057135,111.7338750028202,33.62961340106962
2037,-14.321263947846248,111.2897163685198,33.60941274319319
2038,-15.4150482197594,110.8399050006202,33.58916584781583
2039,-16.504600846274784,110.38135116810392,33.569005668198734
2040,-17.595427681632145,109.92293667903884,33.54891590840215
2041,-18.678714156287,109.44694905832,33.529033208964535
2042,-19.753923870222536,108.96155825786262,33.50944542998417
2043,-20.8259587964781,108.46313458782308,33.49032551998238
2044,-21.89232305775193,107.94899497868596,33.47110451813555
2045,-22.94851921948753,107.4186028152186,33.45149017473504
2046,-23.998044555580574,106.88042988031826,33.431619233727226
2047,-25.04101694841521,106.32888952335286,33.411207960470534
2048,-26.067547120759937,105.76002585540664,33.39052012233184
2049,-27.07641197585866,105.17181901777272,33.36952253597768
2050,-28.075054580097174,104.57310974357324,33.34836212940091
2051,-29.06091093710633,103.94884599323711,33.32773463107365
2052,-30.033250985175087,103.30453139677624,33.307863909570536
2053,-30.987839721892566,102.64107817075286,33.28918858421936
2054,-31.93345924645276,101.96843549074512,33.27182955313611
2055,-32.87133266044852,101.28660337336812,33.255416146195785
2056,-33.797215469113176,100.58563264823158,33.2392014113202
2057,-34.71425331034136,99.87270724606071,33.22277670773441
2058,-35.61712186597274,99.14919802387452,33.20611028209306
2059,-36.50900249025964,98.4115180756156,33.18849651921413
2060,-37.38830454430639,97.655923674808,33.169787230244864
2061,-38.25104719385634,96.88443464004396,33.14987801912567
2062,-39.10472645025867,96.08933549992868,33.1291062707996
2063,-39.94443783093384,95.26538838698382,33.10661441265072
2064,-40.76285216507389,94.430711495237,33.083689838075394
2065,-41.55027303890616,93.60088411278991,33.064080545611844
2066,-42.29950318739601,92.78423628382984,33.04729453241262
2067,-42.99708831534841,92.0031396957872,33.03206074441273
2068,-43.62831228959028,91.2588159183044,33.01632586627985
2069,-44.19674550288497,90.5803569903172,32.99852884588797
2070,-44.69747637459047,89.97202393202247,32.977545480037534
2071,-45.12588320648924,89.43283738537767,32.953098596944464
2072,-45.4979052488177,88.95468870870538,32.92469868805519
2073,-45.81399353909699,88.53129699498533,32.89268783096658
2074,-46.102384042301296,88.147543315312,32.85727717651553
2075,-46.37389559316102,87.78766218146693,32.81900727309294
2076,-46.62914553263265,87.43792461548097,32.78150406047363
2077,-46.881259373999,87.08518865345619,32.74769568142693
2078,-47.13509073451856,86.72226204857276,32.71592983850075
2079,-47.38712322592511,86.34346505879314,32.686121993412364
2080,-47.641433907732896,85.94318088428241,32.65740229509608
2081,-47.897579382704485,85.52534525179561,32.62950947797446
2082,-48.145927716890846,85.08665792555999,32.60249606973769
2083,-48.38571329750104,84.61166274555575,32.576413493358444
2084,-48.62755669850653,84.11082291294542,32.55104450921991
2085,-48.8605473976781,83.58858302035561,32.52698625260274
2086,-49.09269101063447,83.04457000535902,32.50413540430758
2087,-49.31370773972775,82.47460743721297,32.48240351135435
2088,-49.51990913724578,81.88054408524835,32.4623849010421
2089,-49.72506149680702,81.26557708091963,32.44436143989444
2090,-49.922895746820906,80.6314034161425,32.428945039607875
2091,-50.10974252878562,79.98186654787145,32.417328133810905
2092,-50.28743587640049,79.31600981008067,32.409269924305065
2093,-50.44916075668719,78.63801622813627,32.4047826300028
2094,-50.59228942044437,77.94461076863443,32.40340792271675
2095,-50.72193473281212,77.23594862012918,32.40186707018494
2096,-50.83896162398607,76.53575567023336,32.39952593027662
2097,-50.93466868922581,75.86484912464975,32.39601475022229
2098,-51.00975535531127,75.22791681526026,32.39104269062015
2099,-51.06242304548096,74.65715807064748,32.384686453150806
2100,-51.10173598444548,74.17350088900479,32.37700110967163
2101,-51.126542410167325,73.77620574221271,32.36784225585188
2102,-51.13455087017455,73.46947747724273,32.35797563395584
2103,-51.13112768855709,73.26020321597034,32.34889739111141
2104,-51.12111581750529,73.11783457644901,32.3405862863198
2105,-51.10347954387707,73.0259612194872,32.33407032430129
2106,-51.08329296938655,72.96962928179835,32.32778906218715
2107,-51.06818662869107,72.93162190750188,32.32098599108557
2108,-51.05551108289471,72.91169674719903,32.31507381894129
2109,-51.04574037892083,72.89586075529448,32.31058504000663
2110,-51.04218907644104,72.87389564545657,32.308310559747454
2111,-51.04642165086951,72.85754068980712,32.30855661805336
2112,-51.0560110366518,72.8413425366178,32.31110688788238
2113,-51.05867020785429,72.80960180116219,32.31534121337708
2114,-51.05174837392679,72.77513599198745,32.3209508114883
2115,-51.03706490410342,72.73869219039086,32.32776896313247
2116,-51.00604091670381,72.69017445954806,32.33517949467048
2117,-50.94895781496978,72.6275830137424,32.3427173251474
2118,-50.86915042251668,72.55973930854131,32.349925538661054
2119,-50.76641415859473,72.49978953794667,32.35715190196805
2120,-50.63352635104546,72.44224677910991,32.36434240450495
2121,-50.4742958655826,72.38250791730283,32.371629575711694
2122,-50.29377369809422,72.32907160901972,32.37897647059226
2123,-50.0952341790469,72.28538309124343,32.38753976737468
2124,-49.853949794596296,72.25536493199074,32.39763554688698
2125,-49.57569983632385,72.22353838410051,32.408810335775506
2126,-49.2698502641768,72.1985736026541,32.420310394211135
2127,-48.915404906054846,72.17483350049356,32.43212583870089
2128,-48.48881207566478,72.15377517773436,32.443977719810974
2129,-47.99386488648365,72.12927540588626,32.455502110506465
2130,-47.45139959291876,72.11141596437076,32.465739619223434
2131,-46.8307961330656,72.09959466965547,32.474818165014774
2132,-46.14855793476424,72.08332585580686,32.48314766591585
2133,-45.387312980964495,72.07108123658718,32.49127536535792
2134,-44.56477307655848,72.0644707744482,32.49931992366213
2135,-43.69946160181911,72.06510441126768,32.50845239332202
2136,-42.765421917936784,72.07172558531406,32.51887002591142
2137,-41.78594793884327,72.07245937040341,32.5310436693773
2138,-40.7494911354267,72.07245345555617,32.544874747906526
2139,-39.65789635816114,72.07244735506339,32.56021807023905
2140,-38.56055934422725,72.07244133936553,32.57603359524509
2141,-37.41774787818469,72.0724352783821,32.591705164911914
2142,-36.23580206287457,72.0724292374724,32.606043867569376
2143,-34.99158891055051,72.07242310682588,32.618864286282175
2144,-33.7039117976855,72.07241702133668,32.630018548171016
2145,-32.35564848525067,72.07241090232623,32.63923108976309
2146,-30.97882497858774,72.07240494482843,32.645963895825616
2147,-29.57415218748969,72.07926110953004,32.65051595926354
2148,-28.12864162734225,72.08088372335517,32.65307150766629
2149,-26.648350869452408,72.07506097509253,32.65428156741458
2150,-25.13251737478637,72.06340273187348,32.654444340063534
2151,-23.62424358876064,72.05027169165054,32.65360963163674
2152,-22.11292796085508,72.03772707926359,32.65158880895143
2153,-20.56017000724247,72.0159260560313,32.64857874135221
2154,-18.988409293218925,71.98808841980016,32.64423387867396
2155,-17.393299310782634,71.96253670787333,32.63896098843129
2156,-15.768585006308948,71.93602608988023,32.633114980011726
2157,-14.125069862115708,71.90528996654918,32.6264823148173
2158,-12.460387917475432,71.87515787442544,32.61908047324916
2159,-10.78156057136682,71.85612147184615,32.610899042539984
2160,-9.082743058744542,71.8257687599542,32.60236687891682
2161,-7.36760786636454,71.79020454595079,32.59442734735342
2162,-5.63460125665959,71.75623041897435,32.58696429164298
2163,-3.890404458509222,71.73377292615102,32.579705724570246
2164,-2.133573951539636,71.70602935342563,32.57270112752946
2165,-0.3694952444939935,71.67115090833227,32.56656430624682
2166,1.402854744343428,71.64416697470142,32.56094914332679
2167,3.181265521528469,71.61637098486662,32.55620497283605
2168,4.9706677142506965,71.58680207831105,32.5520938064643
2169,6.768492818977431,71.54864361127868,32.547881372353984
2170,8.571899659939922,71.50726589051081,32.54443704430029
2171,10.38163738257659,71.46889449073674,32.54145691431168
2172,12.20151607120822,71.42991984584225,32.53935373807469
2173,14.01955821706206,71.38673238313842,32.5381674239354
2174,15.842018858321392,71.34654369067655,32.53808805078127
2175,17.672327127641886,71.31706844770723,32.53899708794672
2176,19.50815279491244,71.27750447234736,32.54185991504247
2177,21.35255552227927,71.24093929546248,32.546176553510485
2178,23.195547193755345,71.21508755030105,32.55135157336303
2179,25.03741963464381,71.17914707431866,32.55766052971981
2180,26.881368193189378,71.14401951233143,32.56465666697345
2181,28.732962483080424,71.1009983489532,32.571943939130115
2182,30.58023446161913,71.06511291512628,32.579533967104744
2183,32.43294608061799,71.03571429473587,32.58611744729559
2184,34.2942207561679,71.00732402898723,32.59168374023203
2185,36.15579551697627,70.97267598794997,32.59603809681604
2186,38.02135875255165,70.9444476928247,32.598891567665234
2187,39.89777830022371,70.92874400724065,32.60001680380265
2188,41.78441278864523,70.90315292990819,32.59938232145559
2189,43.67826746361789,70.87816607349247,32.59782361811077
2190,45.56928478147311,70.85479119217324,32.59752139936535
2191,47.46504931541404,70.82415239643984,32.599448380919505
2192,49.35665142006496,70.79633123936547,32.6052987788391
2193,51.24698699640881,70.77730005811415,32.6168674464091
2194,53.11264621737545,70.77072776115156,32.63565576252054
2195,54.95257428903024,70.75531912376626,32.66244063573005
2196,56.75330295661472,70.73749578553073,32.69652008107903
2197,58.494226634344486,70.72367934411082,32.736178469222644
2198,60.18087999156772,70.70563701069857,32.77840264676929
2199,61.80570395573911,70.68712920290636,32.81984062351963
2200,63.37289794562674,70.65972945088429,32.85746112671504
2201,64.88715379208887,70.62206690808118,32.88905572151576
2202,66.3609860557681,70.57897121526383,32.911345847416314
2203,67.8034042731322,70.54037483316786,32.921201277786686
2204,69.23166193635993,70.50464291378331,32.9194632143607
2205,70.65931837620688,70.47011877449339,32.9063598634128
2206,72.08539064882467,70.43514560140196,32.883113560876005
2207,73.50743245480177,70.40495028552796,32.85157461810948
2208,74.91944293067301,70.37736951080136,32.814711263071906
2209,76.30878011518863,70.34692460414878,32.77606203600457
2210,77.6719332815602,70.31198049200772,32.73836989193886
2211,78.99049960607391,70.28246931815592,32.705131984484616
2212,80.26448227026027,70.25512439337015,32.678613883005966
2213,81.4793205904636,70.22571467909484,32.65855374351595
2214,82.63965664394615,70.19746577811597,32.64306523722368
2215,83.74326762469107,70.1871334178618,32.631277618456465
2216,84.80150189119836,70.17760308191829,32.62161108469397
2217,85.81588441925106,70.17866715841609,32.611648164172
2218,86.78591893634979,70.19484074671857,32.59923825808998
2219,87.71649786075682,70.22790478887191,32.583794135764734
2220,88.61081601570821,70.2688366432001,32.565403102354686
2221,89.46603735413771,70.3145633051131,32.544821783066766
2222,90.29040623191644,70.37656251462036,32.52297715194476
2223,91.07809068016635,70.44542163028815,32.50163505274287
2224,91.83855642861252,70.51946551951839,32.48078943935531
2225,92.56646001778992,70.59869410690436,32.46042083552458
2226,93.27030011880686,70.68478272787985,32.44035746450837
2227,93.9452866678166,70.79224671157795,32.421361129483984
2228,94.59067071997704,70.90412988527953,32.403378847088895
2229,95.20736959920488,71.02211588402928,32.3859472470732
2230,95.7971689487134,71.1433011405324,32.36910344898482
2231,96.35913814831844,71.26106264327798,32.35289908521602
2232,96.8858141540854,71.38895315003845,32.336772934337155
2233,97.38955231866258,71.5230614069728,32.32064322322661
2234,97.86625122868767,71.67752126150636,32.304217147167314
2235,98.31604503203468,71.82394835213667,32.28781428276591
2236,98.74731264160935,71.96477851681848,32.270676000201654
2237,99.15237494795602,72.12092198055814,32.252854467674
2238,99.5379758095606,72.27753055565837,32.23456888000681
2239,99.89821375342316,72.43194287786721,32.21677370963297
2240,100.2370696047536,72.58415899599038,32.19970150408222
2241,100.5566309442294,72.73301850684174,32.18344705703923
2242,100.8560957921192,72.87456134740336,32.16864717186405
2243,101.13391989529018,73.01484201205359,32.15503174051825
2244,101.40325079419172,73.17113041801807,32.14269645599462
2245,101.67033726082256,73.33627039626458,32.131995180434195
2246,101.93716874654444,73.51105683765344,32.12274303844877
2247,102.20028052782035,73.68646702792677,32.115476304727494
2248,102.47199528575112,73.87262721263434,32.109762251696864
2249,102.74053290461222,74.07456295854048,32.10499316764645
