frame_id,x,y,z,saglik,kaynak,islem_suresi_s
0,0.043039,0.033768,-0.010876,1,echo,0.0481
1,0.062658,-0.010485,-0.004293,1,echo,0.0365
2,0.085792,-0.043582,-0.000488,1,echo,0.0416
3,0.110156,-0.067663,0.000788,1,echo,0.0345
4,0.133466,-0.084864,-0.000215,1,echo,0.0359
5,0.153440,-0.097325,-0.003250,1,echo,0.0371
6,0.167793,-0.107184,-0.008068,1,echo,0.0468
7,0.171558,-0.118178,-0.014151,1,echo,0.0451
8,0.170140,-0.123788,-0.021984,1,echo,0.0473
9,0.154090,-0.136205,-0.030863,1,echo,0.0471
10,0.121991,-0.163263,-0.040789,1,echo,0.0480
11,0.075927,-0.203539,-0.050259,1,echo,0.0447
12,0.015778,-0.252287,-0.058458,1,echo,0.0466
13,-0.064550,-0.313264,-0.065689,1,echo,0.0466
14,-0.167965,-0.388080,-0.072673,1,echo,0.0358
15,-0.291015,-0.476199,-0.078896,1,echo,0.0448
16,-0.437241,-0.574936,-0.084495,1,echo,0.0443
17,-0.609078,-0.685663,-0.089546,1,echo,0.0453
18,-0.805777,-0.811908,-0.094499,1,echo,0.0482
19,-1.029194,-0.945168,-0.098916,1,echo,0.0447
20,-1.278658,-1.092039,-0.101824,1,echo,0.0358
21,-1.558551,-1.260804,-0.102538,1,echo,0.0372
22,-1.858289,-1.448401,-0.100661,1,echo,0.0389
23,-2.191860,-1.643616,-0.095796,1,echo,0.0373
24,-2.551207,-1.851191,-0.088461,1,echo,0.0374
25,-2.937003,-2.076026,-0.078440,1,echo,0.0442
26,-3.346632,-2.317136,-0.066439,1,echo,0.0443
27,-3.775642,-2.567275,-0.053323,1,echo,0.0436
28,-4.216785,-2.831325,-0.039802,1,echo,0.0516
29,-4.688993,-3.105920,-0.027888,1,echo,0.0465
30,-5.182736,-3.394576,-0.018332,1,echo,0.0455
31,-5.705556,-3.708889,-0.010717,1,echo,0.0466
32,-6.257983,-4.045292,-0.004986,1,echo,0.0357
33,-6.823559,-4.394139,-0.000334,1,echo,0.0385
34,-7.423053,-4.773501,0.003159,1,echo,0.0366
35,-8.052523,-5.164817,0.005945,1,echo,0.0374
36,-8.698315,-5.563729,0.008447,1,echo,0.0466
37,-9.352332,-5.974757,0.011359,1,echo,0.0474
38,-10.025132,-6.404707,0.014539,1,echo,0.0465
39,-10.693400,-6.836937,0.018084,1,echo,0.0458
40,-11.339512,-7.266991,0.021419,1,echo,0.0463
41,-12.007486,-7.699441,0.024070,1,echo,0.0452
42,-12.679045,-8.133877,0.026715,1,echo,0.0456
43,-13.358178,-8.581540,0.029392,1,echo,0.0463
44,-14.047646,-9.032727,0.032497,1,echo,0.0468
45,-14.742114,-9.495438,0.035822,1,echo,0.0353
46,-15.471956,-9.981302,0.038924,1,echo,0.0359
47,-16.195010,-10.453295,0.042073,1,echo,0.0357
48,-16.919871,-10.939049,0.045324,1,echo,0.0374
49,-17.645626,-11.439893,0.048531,1,echo,0.0388
50,-18.366551,-11.940228,0.051921,1,echo,0.0348
51,-19.070817,-12.441669,0.055399,1,echo,0.0376
52,-19.772493,-12.941297,0.058324,1,echo,0.0350
53,-20.487686,-13.460075,0.060984,1,echo,0.0389
54,-21.209234,-13.979271,0.063938,1,echo,0.0385
55,-21.931971,-14.508645,0.067538,1,echo,0.0387
56,-22.660293,-15.054522,0.071789,1,echo,0.0378
57,-23.396852,-15.610024,0.075485,1,echo,0.0383
58,-24.137670,-16.163869,0.078910,1,echo,0.0366
59,-24.858874,-16.714290,0.082466,1,echo,0.0392
60,-25.573115,-17.280318,0.086195,1,echo,0.0370
61,-26.272754,-17.839891,0.090046,1,echo,0.0373
62,-26.955224,-18.397353,0.094285,1,echo,0.0334
63,-27.644438,-18.970456,0.098775,1,echo,0.0347
64,-28.327956,-19.548519,0.103828,1,echo,0.0321
65,-28.997466,-20.136042,0.109691,1,echo,0.0410
66,-29.670806,-20.723814,0.115260,1,echo,0.0403
67,-30.332689,-21.311144,0.120734,1,echo,0.0418
68,-30.983368,-21.902971,0.126073,1,echo,0.0396
69,-31.631181,-22.492783,0.129501,1,echo,0.0312
70,-32.266225,-23.090423,0.131480,1,echo,0.0352
71,-32.894404,-23.702016,0.131572,1,echo,0.0350
72,-33.515766,-24.326103,0.129608,1,echo,0.0313
73,-34.129842,-24.961460,0.126485,1,echo,0.0339
74,-34.740892,-25.605893,0.123418,1,echo,0.0314
75,-35.340705,-26.268262,0.120584,1,echo,0.0338
76,-35.924108,-26.943712,0.119434,1,echo,0.0309
77,-36.500576,-27.625219,0.120091,1,echo,0.0322
78,-37.072714,-28.316813,0.121745,1,echo,0.0319
79,-37.626124,-29.005245,0.126171,1,echo,0.0345
80,-38.165918,-29.700828,0.132723,1,echo,0.0343
81,-38.695599,-30.403599,0.141320,1,echo,0.0310
82,-39.210558,-31.109828,0.152036,1,echo,0.0348
83,-39.713153,-31.814850,0.164900,1,echo,0.0344
84,-40.199007,-32.519102,0.179875,1,echo,0.0398
85,-40.669047,-33.214362,0.197405,1,echo,0.0396
86,-41.127521,-33.898397,0.216928,1,echo,0.0398
87,-41.554225,-34.573422,0.236246,1,echo,0.0397
88,-41.962287,-35.227986,0.255892,1,echo,0.0398
89,-42.348650,-35.867436,0.274410,1,echo,0.0399
90,-42.715621,-36.499268,0.290892,1,echo,0.0418
91,-43.063382,-37.106392,0.305135,1,echo,0.0407
92,-43.386447,-37.702941,0.317457,1,echo,0.0426
93,-43.686440,-38.285869,0.327598,1,echo,0.0400
94,-43.972518,-38.859590,0.335179,1,echo,0.0403
95,-44.234272,-39.413255,0.340814,1,echo,0.0402
96,-44.482110,-39.964379,0.344088,1,echo,0.0388
97,-44.716760,-40.501483,0.345524,1,echo,0.0451
98,-44.934584,-41.016786,0.344998,1,echo,0.0446
99,-45.129832,-41.523290,0.342395,1,echo,0.0360
100,-45.306769,-42.022193,0.338750,1,echo,0.0353
101,-45.459232,-42.515642,0.334417,1,echo,0.0355
102,-45.596659,-42.999834,0.329667,1,echo,0.0334
103,-45.714785,-43.472148,0.325046,1,echo,0.0319
104,-45.816894,-43.935744,0.320820,1,echo,0.0362
105,-45.903391,-44.399576,0.315129,1,echo,0.0362
106,-45.977024,-44.865492,0.308564,1,echo,0.0346
107,-46.033234,-45.327382,0.302676,1,echo,0.0367
108,-46.082546,-45.794121,0.297900,1,echo,0.0337
109,-46.116095,-46.255629,0.294614,1,echo,0.0333
110,-46.133897,-46.712506,0.293167,1,echo,0.0369
111,-46.145838,-47.170137,0.293519,1,echo,0.0365
112,-46.141724,-47.626513,0.295473,1,echo,0.0363
113,-46.122708,-48.086511,0.299008,1,echo,0.0364
114,-46.092667,-48.546912,0.303258,1,echo,0.0337
115,-46.047748,-49.004496,0.307925,1,echo,0.0373
116,-45.987829,-49.459864,0.311905,1,echo,0.0408
117,-45.906819,-49.923504,0.313845,1,echo,0.0419
118,-45.801062,-50.386943,0.315157,1,echo,0.0427
119,-45.672235,-50.848570,0.316469,1,echo,0.0386
120,-45.523520,-51.306777,0.317410,1,echo,0.0372
121,-45.343205,-51.760939,0.318442,1,echo,0.0337
122,-45.146909,-52.214543,0.319185,1,echo,0.0372
123,-44.937132,-52.652443,0.319944,1,echo,0.0386
124,-44.705501,-53.087487,0.320381,1,echo,0.0371
125,-44.452829,-53.525935,0.319984,1,echo,0.0370
126,-44.183176,-53.958208,0.318497,1,echo,0.0377
127,-43.899158,-54.380849,0.316127,1,echo,0.0343
128,-43.600492,-54.795687,0.312956,1,echo,0.0355
129,-43.287881,-55.199119,0.309141,1,echo,0.0367
130,-42.957085,-55.590906,0.303562,1,echo,0.0335
131,-42.603843,-55.976098,0.297027,1,echo,0.0381
132,-42.238972,-56.354311,0.290411,1,echo,0.0431
133,-41.857253,-56.734403,0.283683,1,echo,0.0420
134,-41.463733,-57.106380,0.276356,1,echo,0.0432
135,-41.053623,-57.471147,0.269069,1,echo,0.0429
136,-40.625142,-57.835779,0.261229,1,echo,0.0431
137,-40.176497,-58.193505,0.252643,1,echo,0.0445
138,-39.717119,-58.548448,0.243740,1,echo,0.0444
139,-39.248225,-58.898827,0.234756,1,echo,0.0434
140,-38.762823,-59.245026,0.225863,1,echo,0.0437
141,-38.265138,-59.581994,0.216891,1,echo,0.0335
142,-37.748762,-59.909971,0.207544,1,echo,0.0375
143,-37.216991,-60.232561,0.199088,1,echo,0.0373
144,-36.686087,-60.547933,0.191451,1,echo,0.0381
145,-36.140955,-60.859331,0.183864,1,echo,0.0344
146,-35.584389,-61.167353,0.176381,1,echo,0.0383
147,-35.020805,-61.468948,0.168987,1,echo,0.0352
148,-34.450204,-61.762916,0.161587,1,echo,0.0374
149,-33.873144,-62.040982,0.154267,1,echo,0.0371
150,-33.287553,-62.319744,0.147138,1,echo,0.0376
151,-32.689477,-62.590080,0.139849,1,echo,0.0393
152,-32.081793,-62.856574,0.132288,1,echo,0.0340
153,-31.462879,-63.110969,0.124686,1,echo,0.0348
154,-30.832733,-63.354899,0.117233,1,echo,0.0390
155,-30.192979,-63.592167,0.109702,1,echo,0.0340
156,-29.546866,-63.820628,0.102505,1,echo,0.0338
157,-28.889383,-64.033418,0.095596,1,echo,0.0340
158,-28.228230,-64.240960,0.088260,1,echo,0.0385
159,-27.566607,-64.436050,0.080944,1,echo,0.0371
160,-26.897358,-64.627573,0.074042,1,echo,0.0412
161,-26.220143,-64.805748,0.067496,1,echo,0.0399
162,-25.536740,-64.981574,0.061397,1,echo,0.0417
163,-24.852141,-65.152012,0.055156,1,echo,0.0401
164,-24.164399,-65.327371,0.048974,1,echo,0.0384
165,-23.474208,-65.485798,0.043520,1,echo,0.0373
166,-22.780530,-65.636561,0.037604,1,echo,0.0379
167,-22.079950,-65.779208,0.032178,1,echo,0.0380
168,-21.374790,-65.910989,0.028559,1,echo,0.0339
169,-20.667193,-66.034088,0.026528,1,echo,0.0436
170,-19.957955,-66.168751,0.026719,1,echo,0.0422
171,-19.238986,-66.297952,0.029978,1,echo,0.0440
172,-18.507650,-66.423711,0.034999,1,echo,0.0444
173,-17.776147,-66.554347,0.041027,1,echo,0.0434
174,-17.046964,-66.679541,0.047400,1,echo,0.0450
175,-16.306244,-66.802924,0.052997,1,echo,0.0389
176,-15.565101,-66.928257,0.056954,1,echo,0.0372
177,-14.820554,-67.047112,0.058210,1,echo,0.0392
178,-14.073385,-67.158118,0.056123,1,echo,0.0382
179,-13.321107,-67.266106,0.051466,1,echo,0.0406
180,-12.571079,-67.375905,0.045124,1,echo,0.0380
181,-11.821291,-67.492344,0.037415,1,echo,0.0378
182,-11.077290,-67.616433,0.029753,1,echo,0.0336
183,-10.333284,-67.739294,0.021983,1,echo,0.0379
184,-9.595381,-67.871010,0.013819,1,echo,0.0347
185,-8.870774,-68.010978,0.005743,1,echo,0.0379
186,-8.154795,-68.148713,-0.002534,1,echo,0.0387
187,-7.444424,-68.292686,-0.010608,1,echo,0.0384
188,-6.743203,-68.447260,-0.018283,1,echo,0.0347
189,-6.053051,-68.606398,-0.025665,1,echo,0.0382
190,-5.375960,-68.752182,-0.032474,1,echo,0.0372
191,-4.702910,-68.891325,-0.039497,1,echo,0.0373
192,-4.039231,-69.025437,-0.047237,1,echo,0.0347
193,-3.384612,-69.157113,-0.056110,1,echo,0.0394
194,-2.737773,-69.293062,-0.066136,1,echo,0.0334
195,-2.091950,-69.421356,-0.076404,1,echo,0.0380
196,-1.461179,-69.550877,-0.085576,1,echo,0.0379
197,-0.838339,-69.672749,-0.093057,1,echo,0.0386
198,-0.222163,-69.793084,-0.098200,1,echo,0.0379
199,0.387349,-69.917107,-0.100364,1,echo,0.0385
200,0.988930,-70.033820,-0.099617,1,echo,0.0357
201,1.575458,-70.144905,-0.096242,1,echo,0.0342
202,2.155779,-70.239282,-0.090723,1,echo,0.0378
203,2.732280,-70.314273,-0.084315,1,echo,0.0347
204,3.305354,-70.382879,-0.078601,1,echo,0.0375
205,3.872726,-70.439437,-0.074701,1,echo,0.0473
206,4.434652,-70.494368,-0.072743,1,echo,0.0451
207,4.987275,-70.535368,-0.071631,1,echo,0.0417
208,5.530758,-70.577784,-0.070991,1,echo,0.0384
209,6.076559,-70.618322,-0.071017,1,echo,0.0407
210,6.622040,-70.661271,-0.071501,1,echo,0.0413
211,7.172866,-70.705271,-0.072641,1,echo,0.0467
212,7.721102,-70.743991,-0.074098,1,echo,0.0450
213,8.266292,-70.796624,-0.075567,1,echo,0.0397
214,8.810874,-70.842596,-0.076795,1,echo,0.0417
215,9.357283,-70.889775,-0.077080,1,echo,0.0409
216,9.907955,-70.940928,-0.077290,1,echo,0.0417
217,10.460635,-70.988806,-0.078322,1,echo,0.0428
218,11.007729,-71.044240,-0.079418,1,echo,0.0444
219,11.550864,-71.093635,-0.080807,1,echo,0.0415
220,12.092477,-71.145608,-0.081988,1,echo,0.0444
221,12.635004,-71.201004,-0.083277,1,echo,0.0387
222,13.177019,-71.245679,-0.084415,1,echo,0.0428
223,13.725688,-71.299970,-0.086332,1,echo,0.0398
224,14.280752,-71.356225,-0.089262,1,echo,0.0384
225,14.831965,-71.422113,-0.093132,1,echo,0.0449
226,15.385273,-71.498834,-0.097901,1,echo,0.0332
227,15.946804,-71.587292,-0.102889,1,echo,0.0393
228,16.516556,-71.682597,-0.108671,1,echo,0.0382
229,17.093623,-71.787141,-0.113983,1,echo,0.0366
230,17.666543,-71.890233,-0.117889,1,echo,0.0381
231,18.237957,-71.992921,-0.119769,1,echo,0.0439
232,18.807391,-72.099029,-0.119295,1,echo,0.0471
233,19.373627,-72.216719,-0.116711,1,echo,0.0401
234,19.935448,-72.327942,-0.112007,1,echo,0.0412
235,20.501519,-72.436738,-0.106805,1,echo,0.0434
236,21.068609,-72.546495,-0.101723,1,echo,0.0407
237,21.628125,-72.669353,-0.098144,1,echo,0.0460
238,22.189033,-72.807332,-0.096045,1,echo,0.0434
239,22.746086,-72.943408,-0.093995,1,echo,0.0402
240,23.298420,-73.097825,-0.091333,1,echo,0.0420
241,23.852443,-73.252843,-0.087128,1,echo,0.0494
242,24.400223,-73.419398,-0.080737,1,echo,0.0395
243,24.941304,-73.595741,-0.072276,1,echo,0.0462
244,25.483313,-73.784133,-0.062750,1,echo,0.0357
245,26.019536,-73.976167,-0.051903,1,echo,0.0320
246,26.550734,-74.166395,-0.040445,1,echo,0.0383
247,27.081308,-74.359634,-0.029814,1,echo,0.0468
248,27.618768,-74.565617,-0.020721,1,echo,0.0345
249,28.156527,-74.786498,-0.014146,1,echo,0.0389
250,28.693858,-75.014825,-0.009866,1,echo,0.0341
251,29.225604,-75.245786,-0.006692,1,echo,0.0381
252,29.755827,-75.490405,-0.004870,1,echo,0.0342
253,30.293683,-75.739800,-0.003822,1,echo,0.0378
254,30.825517,-76.003750,-0.003194,1,echo,0.0377
255,31.357505,-76.276359,-0.003651,1,echo,0.0484
256,31.886438,-76.548326,-0.005779,1,echo,0.0449
257,32.410804,-76.820048,-0.007946,1,echo,0.0434
258,32.932950,-77.103663,-0.009966,1,echo,0.0454
259,33.453914,-77.389328,-0.011945,1,echo,0.0424
260,33.974068,-77.674006,-0.014549,1,echo,0.0428
261,34.490693,-77.975596,-0.017668,1,echo,0.0426
262,35.010688,-78.281248,-0.021676,1,echo,0.0453
263,35.522833,-78.584705,-0.027430,1,echo,0.0410
264,36.035742,-78.900646,-0.034365,1,echo,0.0428
265,36.553086,-79.220190,-0.041323,1,echo,0.0390
266,37.064865,-79.552213,-0.047330,1,echo,0.0341
267,37.574783,-79.890604,-0.052450,1,echo,0.0422
268,38.082530,-80.224147,-0.057103,1,echo,0.0429
269,38.590533,-80.563390,-0.060917,1,echo,0.0432
270,39.099476,-80.907982,-0.064154,1,echo,0.0421
271,39.600383,-81.255566,-0.067746,1,echo,0.0451
272,40.103151,-81.603303,-0.072435,1,echo,0.0478
273,40.603582,-81.963675,-0.078180,1,echo,0.0481
274,41.101984,-82.319974,-0.085699,1,echo,0.0429
275,41.596427,-82.679850,-0.094350,1,echo,0.0475
276,42.086330,-83.056384,-0.102176,1,echo,0.0417
277,42.577743,-83.431838,-0.107158,1,echo,0.0332
278,43.065908,-83.824308,-0.107994,1,echo,0.0375
279,43.551805,-84.212478,-0.104606,1,echo,0.0373
280,44.034034,-84.604004,-0.098300,1,echo,0.0432
281,44.510276,-84.998502,-0.088799,1,echo,0.0417
282,44.983944,-85.401024,-0.075754,1,echo,0.0431
283,45.447101,-85.812316,-0.060072,1,echo,0.0365
284,45.907553,-86.233871,-0.043277,1,echo,0.0425
285,46.359006,-86.653983,-0.025950,1,echo,0.0462
286,46.808162,-87.070803,-0.008664,1,echo,0.0430
287,47.255546,-87.494264,0.007803,1,echo,0.0431
288,47.700461,-87.921099,0.023128,1,echo,0.0410
289,48.144180,-88.342484,0.037626,1,echo,0.0369
290,48.594793,-88.779719,0.051599,1,echo,0.0526
291,49.044389,-89.210791,0.064424,1,echo,0.0469
292,49.488387,-89.643271,0.075545,1,echo,0.0417
293,49.925181,-90.078769,0.085804,1,echo,0.0438
294,50.357545,-90.518897,0.095538,1,echo,0.0428
295,50.779407,-90.959684,0.104464,1,echo,0.0417
296,51.199205,-91.411588,0.111956,1,echo,0.0417
297,51.615626,-91.860315,0.118779,1,echo,0.0418
298,52.025843,-92.305914,0.124214,1,echo,0.0411
299,52.434604,-92.754980,0.128453,1,echo,0.0442
300,52.836909,-93.205318,0.132042,1,echo,0.0434
301,53.236593,-93.649847,0.135561,1,echo,0.0419
302,53.641612,-94.107429,0.139393,1,echo,0.0410
303,54.047887,-94.567426,0.142951,1,echo,0.0399
304,54.443735,-95.017400,0.146308,1,echo,0.0433
305,54.836428,-95.465976,0.149466,1,echo,0.0459
306,55.219424,-95.907169,0.152489,1,echo,0.0452
307,55.598404,-96.350869,0.154789,1,echo,0.0394
308,55.979644,-96.805696,0.156823,1,echo,0.0450
309,56.349536,-97.264603,0.158679,1,echo,0.0399
310,56.713104,-97.732520,0.158918,1,echo,0.0419
311,57.069611,-98.207720,0.158165,1,echo,0.0428
312,57.421120,-98.686633,0.156867,1,echo,0.0444
313,57.772852,-99.170329,0.155256,1,echo,0.0458
314,58.132044,-99.670475,0.153262,1,echo,0.0419
315,58.487007,-100.166796,0.151052,1,echo,0.0420
316,58.835608,-100.645614,0.148621,1,echo,0.0396
317,59.191958,-101.122600,0.146637,1,echo,0.0428
318,59.541924,-101.585935,0.144992,1,echo,0.0432
319,59.900845,-102.043799,0.144226,1,echo,0.0434
320,60.258576,-102.486640,0.144755,1,echo,0.0455
321,60.611305,-102.921714,0.145820,1,echo,0.0415
322,60.961574,-103.352465,0.147071,1,echo,0.0453
323,61.303483,-103.779867,0.148806,1,echo,0.0448
324,61.658335,-104.210519,0.150747,1,echo,0.0427
325,62.012120,-104.639093,0.152832,1,echo,0.0392
326,62.358305,-105.066057,0.155063,1,echo,0.0399
327,62.696245,-105.483934,0.158046,1,echo,0.0484
328,63.043874,-105.909959,0.161836,1,echo,0.0415
329,63.392039,-106.341434,0.167021,1,echo,0.0447
330,63.742222,-106.767113,0.172770,1,echo,0.0443
331,64.089030,-107.186007,0.179765,1,echo,0.0472
332,64.429968,-107.607409,0.187063,1,echo,0.0418
333,64.768810,-108.029058,0.194558,1,echo,0.0426
334,65.099430,-108.450442,0.201880,1,echo,0.0430
335,65.427954,-108.876840,0.207997,1,echo,0.0436
336,65.759584,-109.295427,0.212545,1,echo,0.0459
337,66.081778,-109.703515,0.215661,1,echo,0.0438
338,66.402984,-110.106545,0.218076,1,echo,0.0450
339,66.723797,-110.498817,0.220160,1,echo,0.0467
340,67.048722,-110.889925,0.221462,1,echo,0.0411
341,67.378975,-111.269178,0.222337,1,echo,0.0384
342,67.714868,-111.633091,0.221756,1,echo,0.0457
343,68.046158,-111.995037,0.219202,1,echo,0.0449
344,68.382827,-112.357853,0.213593,1,echo,0.0429
345,68.721849,-112.720553,0.205697,1,echo,0.0466
346,69.059701,-113.079024,0.194714,1,echo,0.0419
347,69.398467,-113.439041,0.181156,1,echo,0.0421
348,69.738147,-113.801228,0.164851,1,echo,0.0431
349,70.078740,-114.160685,0.147696,1,echo,0.0428
350,70.415652,-114.521484,0.131996,1,echo,0.0444
351,70.748630,-114.883277,0.118855,1,echo,0.0429
352,71.082649,-115.249804,0.109044,1,echo,0.0455
353,71.414245,-115.605455,0.103484,1,echo,0.0403
354,71.752083,-115.965169,0.101186,1,echo,0.0424
355,72.094946,-116.329109,0.102062,1,echo,0.0482
356,72.441616,-116.697439,0.105311,1,echo,0.0432
357,72.790874,-117.071046,0.110641,1,echo,0.0422
358,73.139419,-117.438769,0.116700,1,echo,0.0418
359,73.485694,-117.809869,0.122774,1,echo,0.0415
360,73.837146,-118.177484,0.128530,1,echo,0.0431
361,74.189256,-118.547201,0.134207,1,echo,0.0437
362,74.539247,-118.927741,0.140363,1,echo,0.0451
363,74.893350,-119.311617,0.147081,1,echo,0.0434
364,75.245827,-119.701331,0.154100,1,echo,0.0429
365,75.598809,-120.084397,0.161184,1,echo,0.0456
366,75.962671,-120.482784,0.168836,1,echo,0.0428
367,76.326042,-120.878910,0.176338,1,echo,0.0455
368,76.695509,-121.275613,0.183154,1,echo,0.0419
369,77.061915,-121.675250,0.189620,1,echo,0.0457
370,77.429541,-122.080924,0.194221,1,echo,0.0417
371,77.801314,-122.482539,0.197723,1,echo,0.0412
372,78.177252,-122.879856,0.199482,1,echo,0.0415
373,78.548622,-123.284418,0.198216,1,echo,0.0401
374,78.912817,-123.694567,0.193840,1,echo,0.0410
375,79.275220,-124.109656,0.187358,1,echo,0.0417
376,79.629366,-124.540892,0.179732,1,echo,0.0435
377,79.986751,-124.965861,0.172646,1,echo,0.0406
378,80.343110,-125.393857,0.166978,1,echo,0.0414
379,80.701752,-125.814562,0.162509,1,echo,0.0410
380,81.069849,-126.236293,0.161040,1,echo,0.0424
381,81.437499,-126.663256,0.162190,1,echo,0.0398
382,81.807433,-127.094850,0.165096,1,echo,0.0414
383,82.182382,-127.515484,0.170073,1,echo,0.0420
384,82.556890,-127.940096,0.175485,1,echo,0.0455
385,82.922227,-128.376782,0.180411,1,echo,0.0406
386,83.283764,-128.825544,0.184555,1,echo,0.0411
387,83.641009,-129.286380,0.188638,1,echo,0.0406
388,84.000794,-129.755468,0.192727,1,echo,0.0411
389,84.364346,-130.219103,0.195986,1,echo,0.0408
390,84.726654,-130.682537,0.197074,1,echo,0.0418
391,85.095357,-131.144160,0.195963,1,echo,0.0418
392,85.471968,-131.602361,0.192179,1,echo,0.0399
393,85.845366,-132.055531,0.184097,1,echo,0.0428
394,86.219422,-132.502060,0.172297,1,echo,0.0406
395,86.599749,-132.940339,0.157232,1,echo,0.0417
396,86.982985,-133.381819,0.140127,1,echo,0.0411
397,87.360855,-133.826053,0.122034,1,echo,0.0427
398,87.746663,-134.270286,0.105709,1,echo,0.0424
399,88.124534,-134.714519,0.093388,1,echo,0.0408
400,88.505686,-135.155999,0.085806,1,echo,0.0417
401,88.881508,-135.594277,0.082225,1,echo,0.0429
402,89.262493,-136.040806,0.083169,1,echo,0.0437
403,89.641802,-136.493976,0.087793,1,echo,0.0407
404,90.020074,-136.952177,0.094160,1,echo,0.0406
405,90.390408,-137.413799,0.101278,1,echo,0.0405
406,90.766107,-137.874479,0.108591,1,echo,0.0435
407,91.145024,-138.332158,0.114943,1,echo,0.0406
408,91.520022,-138.796680,0.119705,1,echo,0.0402
409,91.891109,-139.264824,0.123263,1,echo,0.0420
410,92.263901,-139.733370,0.127426,1,echo,0.0414
411,92.631494,-140.205962,0.132609,1,echo,0.0420
412,93.005111,-140.667282,0.138246,1,echo,0.0416
413,93.378402,-141.119995,0.144592,1,echo,0.0437
414,93.762233,-141.577429,0.151878,1,echo,0.0415
415,94.146486,-142.022385,0.158747,1,echo,0.0387
416,94.535141,-142.452649,0.165262,1,echo,0.0405
417,94.925331,-142.870818,0.171272,1,echo,0.0419
418,95.326333,-143.283600,0.175773,1,echo,0.0416
419,95.733819,-143.687164,0.178437,1,echo,0.0400
420,96.137593,-144.098468,0.178739,1,echo,0.0405
421,96.550131,-144.507894,0.177281,1,echo,0.0411
422,96.960213,-144.918510,0.174347,1,echo,0.0405
423,97.370292,-145.325088,0.169952,1,echo,0.0411
424,97.787765,-145.725629,0.164462,1,echo,0.0411
425,98.200193,-146.123236,0.158071,1,echo,0.0405
426,98.617041,-146.519067,0.150740,1,echo,0.0415
427,99.032941,-146.904633,0.142278,1,echo,0.0414
428,99.450496,-147.279547,0.133294,1,echo,0.0412
429,99.869214,-147.660115,0.123540,1,echo,0.0401
430,100.296611,-148.042832,0.112797,1,echo,0.0408
431,100.730215,-148.421890,0.101637,1,echo,0.0422
432,101.167571,-148.808018,0.090068,1,echo,0.0415
433,101.612084,-149.187996,0.078120,1,echo,0.0410
434,102.051960,-149.566723,0.066001,1,echo,0.0407
435,102.498499,-149.944773,0.054294,1,echo,0.0412
436,102.952854,-150.327700,0.043453,1,echo,0.0420
437,103.404314,-150.702420,0.033816,1,echo,0.0403
438,103.860327,-151.074809,0.025280,1,echo,0.0413
439,104.325525,-151.436935,0.018236,1,echo,0.0401
440,104.798805,-151.794064,0.012720,1,echo,0.0378
441,105.279242,-152.153682,0.009335,1,echo,0.0393
442,105.767258,-152.499302,0.008382,1,echo,0.0411
443,106.266036,-152.845754,0.009851,1,echo,0.0390
444,106.768873,-153.189794,0.012034,1,echo,0.0404
445,107.280439,-153.521646,0.015124,1,echo,0.0411
446,107.789681,-153.857752,0.019325,1,echo,0.0404
447,108.304354,-154.197463,0.024341,1,echo,0.0439
448,108.822496,-154.533890,0.029704,1,echo,0.0406
449,109.344902,-154.865935,0.033310,1,echo,0.0403
450,109.873715,-155.195236,0.035251,1,echo,0.0404
451,110.401531,-155.552368,0.006497,0,slam,0.1507
452,110.929993,-155.873335,-0.019028,0,slam,0.1517
453,111.459676,-156.155513,-0.060033,0,slam,0.1509
454,112.060837,-156.517764,-0.098497,0,slam,0.1581
455,112.578787,-156.813249,-0.127248,0,slam,0.1591
456,113.107961,-157.057357,-0.160938,0,slam,0.1510
457,113.738107,-157.398313,-0.185556,0,slam,0.1514
458,114.310054,-157.696477,-0.209927,0,slam,0.1516
459,114.898216,-157.924334,-0.247311,0,slam,0.1556
460,115.520685,-158.237441,-0.264117,0,slam,0.1560
461,116.111927,-158.502796,-0.294513,0,slam,0.1557
462,116.723124,-158.745470,-0.328201,0,slam,0.1550
463,117.331324,-159.023887,-0.351840,0,slam,0.1534
464,117.989538,-159.259923,-0.387864,0,slam,0.1525
465,118.583466,-159.468482,-0.423570,0,slam,0.1606
466,119.272671,-159.705215,-0.448628,0,slam,0.1534
467,119.911683,-159.897002,-0.471856,0,slam,0.1552
468,120.570693,-160.103352,-0.497620,0,slam,0.1569
469,121.277524,-160.313850,-0.535543,0,slam,0.1529
470,121.922716,-160.531136,-0.558303,0,slam,0.1533
471,122.687705,-160.707083,-0.582494,0,slam,0.1514
472,123.316437,-160.830436,-0.612265,0,slam,0.1560
473,124.047962,-160.993966,-0.636546,0,slam,0.1536
474,124.752370,-161.120852,-0.673497,0,slam,0.1471
475,125.491066,-161.235184,-0.700951,0,slam,0.1502
476,126.255716,-161.366342,-0.728537,0,slam,0.1519
477,126.986639,-161.452668,-0.755236,0,slam,0.1470
478,127.744439,-161.514119,-0.778849,0,slam,0.1488
479,128.474709,-161.594806,-0.804955,0,slam,0.1480
480,129.253093,-161.615393,-0.836282,0,slam,0.1545
481,130.026732,-161.649507,-0.854778,0,slam,0.1575
482,130.863807,-161.659921,-0.886168,0,slam,0.1481
483,131.571587,-161.628969,-0.910650,0,slam,0.1610
484,132.409002,-161.615020,-0.939350,0,slam,0.1552
485,133.140885,-161.582442,-0.950430,0,slam,0.1601
486,133.962555,-161.526761,-0.967697,0,slam,0.1565
487,134.793060,-161.424499,-0.991768,0,slam,0.1537
488,135.589202,-161.315739,-1.022315,0,slam,0.1595
489,136.378554,-161.188718,-1.038074,0,slam,0.1541
490,137.246270,-161.053447,-1.072228,0,slam,0.1587
491,138.039952,-160.883405,-1.099837,0,slam,0.1507
492,138.897389,-160.686355,-1.119371,0,slam,0.1619
493,139.690861,-160.497109,-1.156576,0,slam,0.1624
494,140.576947,-160.246398,-1.179683,0,slam,0.1715
495,141.410252,-160.003080,-1.211504,0,slam,0.1632
496,142.271353,-159.736353,-1.229495,0,slam,0.1575
497,143.111517,-159.471158,-1.253551,0,slam,0.1567
498,143.981223,-159.141837,-1.275776,0,slam,0.1574
499,144.832449,-158.799040,-1.289350,0,slam,0.1506
500,145.666702,-158.458558,-1.313644,0,slam,0.1566
501,146.531028,-158.089059,-1.336191,0,slam,0.1621
502,147.371177,-157.684804,-1.354026,0,slam,0.1591
503,148.166985,-157.281611,-1.376143,0,slam,0.1642
504,148.989051,-156.872601,-1.397559,0,slam,0.1698
505,149.879578,-156.389338,-1.401227,0,slam,0.1588
506,150.695539,-155.915341,-1.419693,0,slam,0.1679
507,151.516880,-155.463461,-1.434044,0,slam,0.1614
508,152.292395,-154.949171,-1.447311,0,slam,0.1530
509,153.123280,-154.411170,-1.461383,0,slam,0.1641
510,153.907193,-153.853823,-1.476562,0,slam,0.1658
511,154.674925,-153.305306,-1.489370,0,slam,0.1689
512,155.483008,-152.679764,-1.504962,0,slam,0.1534
513,156.261149,-152.080963,-1.511146,0,slam,0.1617
514,157.032883,-151.466964,-1.518353,0,slam,0.1705
515,157.768494,-150.836997,-1.529044,0,slam,0.1582
516,158.483331,-150.164493,-1.540400,0,slam,0.1629
517,159.201242,-149.484632,-1.550666,0,slam,0.1621
518,159.915360,-148.834121,-1.552566,0,slam,0.1680
519,160.599313,-148.116646,-1.568573,0,slam,0.1575
520,161.285144,-147.411744,-1.577839,0,slam,0.1606
521,161.954337,-146.697031,-1.589637,0,slam,0.1596
522,162.617182,-145.933784,-1.589985,0,slam,0.1535
523,163.248580,-145.196115,-1.601603,0,slam,0.1669
524,163.885991,-144.404916,-1.612970,0,slam,0.1526
525,164.507337,-143.599605,-1.609800,0,slam,0.1538
526,165.097379,-142.830625,-1.619043,0,slam,0.1550
527,165.708885,-141.999910,-1.631611,0,slam,0.1604
528,166.280716,-141.137220,-1.631597,0,slam,0.1485
529,166.842206,-140.286376,-1.631236,0,slam,0.1537
530,167.362140,-139.456318,-1.633807,0,slam,0.1513
531,167.904087,-138.538144,-1.630937,0,slam,0.1507
532,168.389645,-137.660313,-1.628377,0,slam,0.1496
533,168.910229,-136.737186,-1.626569,0,slam,0.1521
534,169.380087,-135.797774,-1.625278,0,slam,0.1539
535,169.880231,-134.928462,-1.615321,0,slam,0.1533
536,170.300593,-133.976759,-1.617277,0,slam,0.1537
537,170.728225,-132.970820,-1.603759,0,slam,0.1632
538,171.164325,-131.948717,-1.598682,0,slam,0.1548
539,171.504417,-130.996428,-1.593191,0,slam,0.1554
540,171.887322,-129.990693,-1.593775,0,slam,0.1563
541,172.267396,-128.983502,-1.588371,0,slam,0.1541
542,172.597257,-127.962276,-1.585950,0,slam,0.1769
543,172.935454,-126.944991,-1.576237,0,slam,0.1534
544,173.219371,-125.900123,-1.568285,0,slam,0.1543
545,173.503528,-124.838919,-1.551361,0,slam,0.1624
546,173.752800,-123.698433,-1.528594,0,slam,0.1738
547,173.961883,-122.648945,-1.509803,0,slam,0.1594
548,174.201219,-121.612868,-1.479215,0,slam,0.1739
549,174.371813,-120.509480,-1.463401,0,slam,0.1513
550,174.546664,-119.406258,-1.439264,0,slam,0.1546
551,174.677673,-118.373476,-1.413590,0,slam,0.1616
552,174.782541,-117.245809,-1.390970,0,slam,0.1619
553,174.873049,-116.108199,-1.369789,0,slam,0.1559
554,174.954358,-115.011502,-1.339965,0,slam,0.1496
555,175.007466,-113.895507,-1.305603,0,slam,0.1507
556,175.017468,-112.802583,-1.283074,0,slam,0.1586
557,175.016172,-111.693727,-1.253371,0,slam,0.1612
558,174.994215,-110.554397,-1.235277,0,slam,0.1573
559,174.947283,-109.452022,-1.213428,0,slam,0.1594
560,174.865520,-108.298433,-1.185215,0,slam,0.1607
561,174.772995,-107.164169,-1.159082,0,slam,0.1668
562,174.671929,-105.989084,-1.134571,0,slam,0.1570
563,174.550431,-104.843106,-1.105802,0,slam,0.1581
564,174.416319,-103.725845,-1.079504,0,slam,0.1551
565,174.219894,-102.573928,-1.053299,0,slam,0.1619
566,174.020329,-101.442314,-1.024839,0,slam,0.1641
567,173.812236,-100.287111,-1.013040,0,slam,0.1576
568,173.513632,-99.172070,-0.966567,0,slam,0.1564
569,173.232324,-97.997396,-0.942641,0,slam,0.1591
570,172.946698,-96.878640,-0.919194,0,slam,0.1629
571,172.625067,-95.740651,-0.886062,0,slam,0.1624
572,172.282449,-94.614864,-0.851477,0,slam,0.1716
573,171.880806,-93.465354,-0.817635,0,slam,0.1641
574,171.460082,-92.361696,-0.772236,0,slam,0.1706
575,171.057657,-91.291616,-0.740864,0,slam,0.1624
576,170.609451,-90.164109,-0.695727,0,slam,0.1647
577,170.136473,-89.098944,-0.655853,0,slam,0.1630
578,169.626730,-88.002917,-0.622367,0,slam,0.1644
579,169.117514,-86.934846,-0.573731,0,slam,0.1639
580,168.557889,-85.864975,-0.541654,0,slam,0.1606
581,167.989670,-84.807230,-0.506747,0,slam,0.1667
582,167.382364,-83.786260,-0.464993,0,slam,0.1734
583,166.731320,-82.736779,-0.432159,0,slam,0.1722
584,166.094658,-81.734877,-0.392993,0,slam,0.1630
585,165.388380,-80.747497,-0.355465,0,slam,0.1610
586,164.681850,-79.773938,-0.305402,0,slam,0.1754
587,163.933126,-78.787651,-0.261890,0,slam,0.1644
588,163.156216,-77.825016,-0.197651,0,slam,0.1678
589,162.368054,-76.903353,-0.155882,0,slam,0.1620
590,161.550483,-75.998448,-0.100057,0,slam,0.1679
591,160.731045,-75.138955,-0.050523,0,slam,0.1630
592,159.892441,-74.266315,-0.018387,0,slam,0.1630
593,159.005280,-73.423133,0.015393,0,slam,0.1646
594,158.106264,-72.657019,0.065055,0,slam,0.1618
595,157.170862,-71.855622,0.111021,0,slam,0.1630
596,156.228183,-71.095830,0.144484,0,slam,0.1602
597,155.187161,-70.284590,0.199637,0,slam,0.1675
598,154.215717,-69.588012,0.237848,0,slam,0.1536
599,153.201450,-68.892314,0.295374,0,slam,0.1655
600,152.159243,-68.224244,0.346061,0,slam,0.1680
601,151.089745,-67.582810,0.402029,0,slam,0.1638
602,150.011232,-66.927312,0.449862,0,slam,0.1601
603,148.946512,-66.329811,0.501836,0,slam,0.1541
604,147.837352,-65.791102,0.539898,0,slam,0.1593
605,146.729780,-65.233240,0.588846,0,slam,0.1602
606,145.564347,-64.675078,0.657041,0,slam,0.1498
607,144.413286,-64.185502,0.716501,0,slam,0.1517
608,143.209840,-63.711767,0.794571,0,slam,0.1531
609,142.041790,-63.285476,0.856094,0,slam,0.1525
610,140.939260,-62.870121,0.900492,0,slam,0.1569
611,139.729729,-62.503292,0.944748,0,slam,0.1560
612,138.598056,-62.154434,1.009184,0,slam,0.1565
613,137.397195,-61.841974,1.062089,0,slam,0.1492
614,136.302989,-61.608396,1.077404,0,slam,0.1529
615,135.118552,-61.336833,1.121708,0,slam,0.1527
616,133.907521,-61.084431,1.174181,0,slam,0.1545
617,132.844744,-60.873514,1.217306,0,slam,0.1480
618,131.614217,-60.672678,1.250428,0,slam,0.1532
619,130.288781,-60.515937,1.292279,0,slam,0.1451
620,129.147826,-60.398836,1.338291,0,slam,0.1408
621,127.924951,-60.297328,1.386842,0,slam,0.1456
622,126.731085,-60.241045,1.442198,0,slam,0.1521
623,125.530801,-60.205118,1.478875,0,slam,0.1511
624,124.392251,-60.190925,1.534993,0,slam,0.1545
625,123.179581,-60.176964,1.577962,0,slam,0.1400
626,122.061842,-60.231969,1.600765,0,slam,0.1345
627,120.989195,-60.290182,1.630974,0,slam,0.1394
628,119.744216,-60.336731,1.687532,0,slam,0.1336
629,118.606532,-60.482942,1.711374,0,slam,0.1388
630,117.542844,-60.515034,1.739196,0,slam,0.1308
631,116.463070,-60.641378,1.785579,0,slam,0.1334
632,115.221542,-60.829278,1.804229,0,slam,0.1397
633,114.105848,-61.036643,1.833027,0,slam,0.1399
634,113.000300,-61.178347,1.891947,0,slam,0.1368
635,111.961218,-61.318628,1.905195,0,slam,0.1410
636,110.903234,-61.609436,1.915954,0,slam,0.1372
637,109.882912,-61.999242,1.927455,0,slam,0.1339
638,108.743467,-62.261767,1.948601,0,slam,0.1380
639,107.626151,-62.527129,1.984649,0,slam,0.1387
640,106.520551,-62.837878,2.005365,0,slam,0.1374
641,105.519514,-63.172140,2.024509,0,slam,0.1365
642,104.512396,-63.521074,2.044825,0,slam,0.1321
643,103.472224,-63.881400,2.054029,0,slam,0.1356
644,102.396623,-64.232160,2.063917,0,slam,0.1398
645,101.463661,-64.691032,2.062562,0,slam,0.1403
646,100.319496,-65.077498,2.076073,0,slam,0.1331
647,99.261869,-65.486414,2.096142,0,slam,0.1408
648,98.338779,-65.900496,2.107173,0,slam,0.1433
649,97.220781,-66.311525,2.130431,0,slam,0.1480
650,96.350561,-66.717146,2.127550,0,slam,0.1345
651,95.350709,-67.167577,2.143814,0,slam,0.1457
652,94.453173,-67.682617,2.146820,0,slam,0.1384
653,93.494406,-68.178108,2.148146,0,slam,0.1451
654,92.565501,-68.623202,2.171840,0,slam,0.1353
655,91.718164,-69.132920,2.180003,0,slam,0.1362
656,90.822342,-69.639037,2.196293,0,slam,0.1408
657,89.922115,-70.173795,2.195167,0,slam,0.1361
658,89.120660,-70.727391,2.217109,0,slam,0.1353
659,88.306454,-71.323354,2.214536,0,slam,0.1456
660,87.561210,-71.876677,2.203963,0,slam,0.1534
661,86.807020,-72.479820,2.193545,0,slam,0.1515
662,86.017921,-73.083145,2.201029,0,slam,0.1398
663,85.305595,-73.696125,2.209883,0,slam,0.1393
664,84.635210,-74.377857,2.184992,0,slam,0.1419
665,83.932287,-75.038500,2.179018,0,slam,0.1389
666,83.298502,-75.634803,2.177847,0,slam,0.1412
667,82.658021,-76.288546,2.180488,0,slam,0.1412
668,82.018136,-76.964761,2.159335,0,slam,0.1431
669,81.445149,-77.665266,2.150184,0,slam,0.1454
670,80.854802,-78.333810,2.139773,0,slam,0.1512
671,80.252288,-79.024506,2.124191,0,slam,0.1487
672,79.726681,-79.701103,2.098244,0,slam,0.1503
673,79.231713,-80.359940,2.078565,0,slam,0.1439
674,78.693789,-81.073106,2.059232,0,slam,0.1492
675,78.179387,-81.764974,2.033654,0,slam,0.1530
676,77.690531,-82.436579,1.996543,0,slam,0.1474
677,77.188999,-83.202058,1.994304,0,slam,0.1448
678,76.789956,-83.885184,1.982777,0,slam,0.1462
679,76.350759,-84.594878,1.948149,0,slam,0.1451
680,75.954673,-85.311091,1.945958,0,slam,0.1499
681,75.527644,-86.109248,1.917126,0,slam,0.1468
682,75.179170,-86.784147,1.905667,0,slam,0.1403
683,74.819278,-87.503800,1.893298,0,slam,0.1484
684,74.518386,-88.119281,1.872310,0,slam,0.1471
685,74.234962,-88.831603,1.858443,0,slam,0.1488
686,73.925826,-89.577983,1.840337,0,slam,0.1552
687,73.717641,-90.256863,1.830867,0,slam,0.1480
688,73.433788,-90.976635,1.830132,0,slam,0.1643
689,73.256677,-91.645078,1.804424,0,slam,0.1456
690,73.069587,-92.362567,1.795493,0,slam,0.1523
691,72.899664,-93.025496,1.757284,0,slam,0.1504
692,72.758593,-93.682298,1.744756,0,slam,0.1463
693,72.679376,-94.358783,1.714859,0,slam,0.1465
694,72.542189,-94.998652,1.705186,0,slam,0.1565
695,72.456612,-95.635592,1.690245,0,slam,0.1489
696,72.378642,-96.282423,1.685006,0,slam,0.1528
697,72.355728,-96.907398,1.644195,0,slam,0.1560
698,72.298980,-97.539436,1.651719,0,slam,0.1540
699,72.307126,-98.231556,1.599044,0,slam,0.1557
700,72.263438,-98.864277,1.586855,0,slam,0.1501
701,72.304157,-99.434857,1.563088,0,slam,0.1497
702,72.333089,-100.006343,1.554783,0,slam,0.1483
703,72.345815,-100.676623,1.521882,0,slam,0.1502
704,72.346458,-101.261272,1.520573,0,slam,0.1438
705,72.333253,-101.933434,1.479324,0,slam,0.1493
706,72.394434,-102.489553,1.465951,0,slam,0.1454
707,72.390335,-103.116899,1.439349,0,slam,0.1565
708,72.367409,-103.745652,1.431802,0,slam,0.1540
709,72.369199,-104.351316,1.398511,0,slam,0.1567
710,72.378557,-104.955243,1.374336,0,slam,0.1520
711,72.379553,-105.621982,1.339745,0,slam,0.1596
712,72.352665,-106.250857,1.324323,0,slam,0.1640
713,72.377352,-106.904627,1.284980,0,slam,0.1535
714,72.390026,-107.535125,1.252437,0,slam,0.1531
715,72.352047,-108.145796,1.230940,0,slam,0.1585
716,72.321625,-108.756326,1.219116,0,slam,0.1577
717,72.340394,-109.433106,1.178307,0,slam,0.1632
718,72.302411,-109.986495,1.155024,0,slam,0.1505
719,72.296296,-110.589237,1.128174,0,slam,0.1505
720,72.316394,-111.151098,1.110529,0,slam,0.1527
721,72.312240,-111.741714,1.088693,0,slam,0.1640
722,72.338346,-112.305098,1.069152,0,slam,0.1673
723,72.360139,-112.864447,1.053477,0,slam,0.1584
724,72.366641,-113.392158,1.040111,0,slam,0.1550
725,72.388232,-113.992514,1.015916,0,slam,0.1645
726,72.397088,-114.518250,0.995542,0,slam,0.1575
727,72.428148,-115.113206,0.966015,0,slam,0.1661
728,72.427973,-115.580636,0.960099,0,slam,0.1552
729,72.441957,-116.127243,0.939258,0,slam,0.1618
730,72.487016,-116.646240,0.925575,0,slam,0.1585
731,72.506440,-117.078441,0.917605,0,slam,0.1541
732,72.553316,-117.662796,0.901075,0,slam,0.1575
733,72.572512,-118.089147,0.889881,0,slam,0.1582
734,72.614763,-118.596742,0.876272,0,slam,0.1607
735,72.654921,-119.084531,0.868120,0,slam,0.1680
736,72.695267,-119.539432,0.860697,0,slam,0.1561
737,72.750420,-120.037670,0.856121,0,slam,0.1727
738,72.784284,-120.495966,0.852685,0,slam,0.1757
739,72.828924,-120.912652,0.844819,0,slam,0.1651
740,72.909633,-121.482074,0.846878,0,slam,0.1835
741,72.969070,-121.889474,0.834530,0,slam,0.1595
742,73.053299,-122.348039,0.826143,0,slam,0.1562
743,73.123417,-122.799167,0.819249,0,slam,0.1747
744,73.189906,-123.236462,0.813355,0,slam,0.1618
745,73.284944,-123.711941,0.805794,0,slam,0.1849
746,73.375363,-124.138225,0.797547,0,slam,0.1598
747,73.460012,-124.576094,0.796714,0,slam,0.1589
748,73.558566,-125.037755,0.791523,0,slam,0.1597
749,73.653510,-125.497290,0.784794,0,slam,0.1580
750,73.751166,-125.970560,0.781477,0,slam,0.1598
751,73.836844,-126.451811,0.777433,0,slam,0.1580
752,73.918808,-126.963070,0.772523,0,slam,0.1611
753,73.996325,-127.471895,0.775599,0,slam,0.1603
754,74.086102,-128.032647,0.765158,0,slam,0.1662
755,74.159079,-128.560720,0.745901,0,slam,0.1683
756,74.228401,-129.126488,0.729807,0,slam,0.1587
757,74.316525,-129.701976,0.706836,0,slam,0.1540
758,74.421258,-130.299734,0.690811,0,slam,0.1502
759,74.479722,-130.897867,0.668107,0,slam,0.1501
760,74.582110,-131.509091,0.651748,0,slam,0.1512
761,74.676401,-132.160856,0.629575,0,slam,0.1489
762,74.762408,-132.828784,0.611452,0,slam,0.1517
763,74.854719,-133.474522,0.589279,0,slam,0.1518
764,74.957928,-134.140156,0.570649,0,slam,0.1534
765,75.040752,-134.800962,0.552690,0,slam,0.1494
766,75.147350,-135.448219,0.525843,0,slam,0.1523
767,75.248905,-136.168183,0.508636,0,slam,0.1557
768,75.367270,-136.861558,0.485412,0,slam,0.1604
769,75.431687,-137.512761,0.469964,0,slam,0.1518
770,75.555135,-138.209405,0.437594,0,slam,0.1535
771,75.659431,-138.956536,0.406908,0,slam,0.1543
772,75.768571,-139.687285,0.376116,0,slam,0.1485
773,75.883279,-140.383686,0.334689,0,slam,0.1620
774,75.970095,-141.137856,0.299696,0,slam,0.1500
775,76.115233,-141.871348,0.265139,0,slam,0.1464
776,76.238324,-142.597335,0.227894,0,slam,0.1499
777,76.356557,-143.396737,0.188861,0,slam,0.1478
778,76.486847,-144.138863,0.146587,0,slam,0.1548
779,76.597911,-144.890137,0.110343,0,slam,0.1545
780,76.707351,-145.631358,0.070729,0,slam,0.1531
781,76.821691,-146.414149,0.038383,0,slam,0.1522
782,76.955840,-147.235672,0.000347,0,slam,0.1430
783,77.044948,-148.000675,-0.035111,0,slam,0.1505
784,77.173970,-148.764744,-0.077747,0,slam,0.1493
785,77.261653,-149.590404,-0.123328,0,slam,0.1502
786,77.373199,-150.346362,-0.165572,0,slam,0.1512
787,77.457733,-151.152338,-0.206045,0,slam,0.1505
788,77.584101,-151.930120,-0.243281,0,slam,0.1557
789,77.701544,-152.703456,-0.285699,0,slam,0.1516
790,77.796568,-153.527223,-0.333231,0,slam,0.1526
791,77.886934,-154.270622,-0.388512,0,slam,0.1530
792,78.019578,-155.040177,-0.444521,0,slam,0.1464
793,78.128959,-155.874738,-0.486207,0,slam,0.1556
794,78.255233,-156.643987,-0.537324,0,slam,0.1562
795,78.382195,-157.428653,-0.592299,0,slam,0.1542
796,78.485789,-158.227528,-0.631647,0,slam,0.1461
797,78.613491,-159.089275,-0.676915,0,slam,0.1501
798,78.701276,-159.899766,-0.711256,0,slam,0.1499
799,78.818477,-160.687106,-0.762892,0,slam,0.1578
800,78.934233,-161.488512,-0.811061,0,slam,0.1515
801,79.056086,-162.244685,-0.852603,0,slam,0.1521
802,79.160905,-162.995889,-0.897551,0,slam,0.1544
803,79.260954,-163.737883,-0.941930,0,slam,0.1488
804,79.387971,-164.481078,-0.983042,0,slam,0.1497
805,79.459724,-165.222775,-1.003687,0,slam,0.1945
806,79.584900,-165.911888,-1.058769,0,slam,0.1517
807,79.669933,-166.616714,-1.090510,0,slam,0.1548
808,79.753707,-167.310536,-1.129165,0,slam,0.1568
809,79.889435,-167.982771,-1.175437,0,slam,0.1619
810,79.972086,-168.668150,-1.225896,0,slam,0.1656
811,80.062192,-169.320589,-1.249059,0,slam,0.1547
812,80.177712,-170.006948,-1.295362,0,slam,0.1506
813,80.265588,-170.676654,-1.324956,0,slam,0.1588
814,80.368819,-171.322060,-1.363954,0,slam,0.1582
815,80.439986,-171.986321,-1.409715,0,slam,0.1553
816,80.529858,-172.628289,-1.443927,0,slam,0.1549
817,80.648088,-173.284507,-1.482769,0,slam,0.1552
818,80.719051,-173.878736,-1.519848,0,slam,0.1557
819,80.819327,-174.513029,-1.552280,0,slam,0.1515
820,80.881689,-175.091860,-1.580090,0,slam,0.1516
821,80.988778,-175.693892,-1.628211,0,slam,0.1633
822,81.107140,-176.328885,-1.664976,0,slam,0.1640
823,81.195065,-176.904721,-1.704556,0,slam,0.1629
824,81.294146,-177.456950,-1.741171,0,slam,0.1669
825,81.381178,-178.023474,-1.777682,0,slam,0.1585
826,81.459869,-178.555366,-1.806072,0,slam,0.1593
827,81.565560,-179.119236,-1.830392,0,slam,0.1547
828,81.645791,-179.648334,-1.863941,0,slam,0.1581
829,81.747828,-180.176636,-1.897962,0,slam,0.1553
830,81.837460,-180.702209,-1.942316,0,slam,0.1532
831,81.890106,-181.173449,-1.966638,0,slam,0.1673
832,81.977520,-181.683030,-2.001717,0,slam,0.1547
833,82.047951,-182.165105,-2.023617,0,slam,0.1547
834,82.113491,-182.595778,-2.045032,0,slam,0.1584
835,82.213972,-183.082958,-2.077218,0,slam,0.1618
836,82.256514,-183.508324,-2.098393,0,slam,0.1612
837,82.347849,-184.036700,-2.122939,0,slam,0.1544
838,82.406266,-184.492359,-2.148491,0,slam,0.1562
839,82.494703,-184.989546,-2.170152,0,slam,0.1541
840,82.597290,-185.507919,-2.203108,0,slam,0.1555
841,82.648493,-185.960075,-2.220150,0,slam,0.1633
842,82.722024,-186.413790,-2.255675,0,slam,0.1588
843,82.804930,-186.910686,-2.287451,0,slam,0.1605
844,82.859083,-187.393950,-2.330853,0,slam,0.1605
845,82.957064,-187.923121,-2.357528,0,slam,0.1696
846,83.025410,-188.424415,-2.394101,0,slam,0.1616
847,83.119899,-188.955529,-2.437381,0,slam,0.1614
848,83.184312,-189.441669,-2.505491,0,slam,0.1559
849,83.250319,-189.879009,-2.574007,0,slam,0.1631
850,83.286565,-190.226664,-2.620581,0,slam,0.1627
851,83.328614,-190.527290,-2.645065,0,slam,0.1667
852,83.333009,-190.660739,-2.644355,0,slam,0.1587
853,83.315411,-190.755264,-2.640757,0,slam,0.1586
854,83.322187,-190.793337,-2.611023,0,slam,0.1622
855,83.315774,-190.817487,-2.581941,0,slam,0.1632
856,83.315253,-190.830756,-2.575014,0,slam,0.1600
857,83.312279,-190.834078,-2.557995,0,slam,0.1595
858,83.298311,-190.808453,-2.553389,0,slam,0.1670
859,83.305902,-190.804643,-2.539857,0,slam,0.1616
860,83.283303,-190.804270,-2.542130,0,slam,0.1696
861,83.295617,-190.761356,-2.531097,0,slam,0.1653
862,83.303300,-190.777119,-2.536343,0,slam,0.1614
863,83.293303,-190.778508,-2.540026,0,slam,0.1633
864,83.297837,-190.754869,-2.536405,0,slam,0.1566
865,83.312978,-190.762502,-2.531427,0,slam,0.1633
866,83.298306,-190.745402,-2.520694,0,slam,0.1668
867,83.314942,-190.762375,-2.519967,0,slam,0.1662
868,83.323396,-190.795678,-2.519985,0,slam,0.1607
869,83.334086,-190.826682,-2.519299,0,slam,0.1642
870,83.338824,-190.887912,-2.527237,0,slam,0.1714
871,83.355405,-190.976590,-2.525296,0,slam,0.1652
872,83.379297,-191.021752,-2.524693,0,slam,0.1573
873,83.388990,-191.135564,-2.520896,0,slam,0.1825
874,83.421605,-191.380999,-2.527843,0,slam,0.1561
875,83.447762,-191.552254,-2.536087,0,slam,0.1582
876,83.492010,-191.756695,-2.547585,0,slam,0.1601
877,83.524405,-191.975858,-2.563245,0,slam,0.1566
878,83.558721,-192.271873,-2.578417,0,slam,0.1553
879,83.629626,-192.539084,-2.596860,0,slam,0.1565
880,83.669391,-192.865798,-2.620155,0,slam,0.1566
881,83.740596,-193.254195,-2.647663,0,slam,0.1706
882,83.799291,-193.646510,-2.670439,0,slam,0.1628
883,83.882722,-194.108694,-2.699190,0,slam,0.1669
884,83.960824,-194.547796,-2.735553,0,slam,0.1539
885,84.050075,-195.050489,-2.763699,0,slam,0.1569
886,84.138477,-195.594720,-2.805247,0,slam,0.1614
887,84.222007,-196.184000,-2.871731,0,slam,0.1602
888,84.324866,-196.805224,-2.924097,0,slam,0.1553
889,84.446511,-197.475913,-2.986250,0,slam,0.1567
890,84.571615,-198.189095,-3.035511,0,slam,0.1588
891,84.695891,-198.959359,-3.092420,0,slam,0.1589
892,84.825868,-199.759988,-3.155581,0,slam,0.1527
893,84.928840,-200.568992,-3.232071,0,slam,0.1478
894,85.068654,-201.460746,-3.298188,0,slam,0.1508
895,85.180999,-202.285051,-3.384844,0,slam,0.1554
896,85.333267,-203.142198,-3.459145,0,slam,0.1608
897,85.457825,-203.940244,-3.530760,0,slam,0.1528
898,85.582121,-204.766132,-3.600347,0,slam,0.1546
899,85.706961,-205.590647,-3.680957,0,slam,0.1618
900,86.389494,-207.216667,0.087517,1,echo,0.0427
901,86.515060,-207.988585,0.106586,1,echo,0.0406
902,86.636209,-208.733469,0.124166,1,echo,0.0425
903,86.760875,-209.468429,0.140125,1,echo,0.0416
904,86.882649,-210.194666,0.153514,1,echo,0.0419
905,87.000311,-210.906394,0.164370,1,echo,0.0413
906,87.112643,-211.605075,0.173292,1,echo,0.0408
907,87.219337,-212.278821,0.180398,1,echo,0.0420
908,87.330633,-212.950583,0.185650,1,echo,0.0422
909,87.442675,-213.616937,0.189487,1,echo,0.0407
910,87.555463,-214.276899,0.192189,1,echo,0.0415
911,87.672854,-214.928793,0.194487,1,echo,0.0409
912,87.784605,-215.563205,0.196332,1,echo,0.0419
913,87.891773,-216.190628,0.197813,1,echo,0.0419
914,87.999433,-216.805645,0.198926,1,echo,0.0425
915,88.098560,-217.421315,0.199670,1,echo,0.0428
916,88.190684,-218.023553,0.200269,1,echo,0.0420
917,88.280322,-218.614567,0.200893,1,echo,0.0430
918,88.370252,-219.198017,0.201671,1,echo,0.0453
919,88.454989,-219.763174,0.202556,1,echo,0.0443
920,88.542045,-220.325404,0.203193,1,echo,0.0478
921,88.624832,-220.876007,0.204225,1,echo,0.0449
922,88.712507,-221.419633,0.206125,1,echo,0.0438
923,88.797897,-221.946892,0.208103,1,echo,0.0453
924,88.877693,-222.469175,0.209711,1,echo,0.0473
925,88.957068,-222.979208,0.210386,1,echo,0.0435
926,89.035177,-223.489626,0.209154,1,echo,0.0441
927,89.108081,-223.997226,0.205899,1,echo,0.0470
928,89.177924,-224.497154,0.200967,1,echo,0.0440
929,89.254654,-224.994447,0.193072,1,echo,0.0447
930,89.331854,-225.486406,0.180649,1,echo,0.0430
931,89.404924,-225.967790,0.162333,1,echo,0.0437
932,89.478099,-226.440815,0.136200,1,echo,0.0440
933,89.548656,-226.896826,0.102118,1,echo,0.0446
934,89.618306,-227.334622,0.058405,1,echo,0.0461
935,89.682896,-227.754287,0.004838,1,echo,0.0439
936,89.752374,-228.163152,-0.058448,1,echo,0.0433
937,89.828884,-228.549115,-0.131559,1,echo,0.0453
938,89.908486,-228.920277,-0.216387,1,echo,0.0468
939,89.990337,-229.270554,-0.312007,1,echo,0.0463
940,90.074418,-229.612024,-0.420111,1,echo,0.0450
941,90.166569,-229.946833,-0.541884,1,echo,0.0435
942,90.261294,-230.279274,-0.677207,1,echo,0.0429
943,90.357555,-230.602725,-0.825933,1,echo,0.0473
944,90.458128,-230.920788,-0.988781,1,echo,0.0467
945,90.561406,-231.231634,-1.164704,1,echo,0.0485
946,90.663717,-231.538722,-1.353523,1,echo,0.0407
947,90.768055,-231.848874,-1.551945,1,echo,0.0458
948,90.875300,-232.150281,-1.754165,1,echo,0.0468
949,90.989235,-232.446811,-1.964514,1,echo,0.0460
950,91.105470,-232.740590,-2.195325,1,echo,0.0446
951,91.227975,-233.036043,-2.457060,1,echo,0.0408
952,91.357790,-233.348495,-2.753094,1,echo,0.0449
953,91.494473,-233.664524,-3.077565,1,echo,0.0447
954,91.642083,-233.989344,-3.423891,1,echo,0.0423
955,91.803056,-234.324803,-3.782459,1,echo,0.0424
956,91.978205,-234.664709,-4.147026,1,echo,0.0408
957,92.166718,-235.010604,-4.506457,1,echo,0.0418
958,92.360219,-235.372571,-4.854188,1,echo,0.0416
959,92.559944,-235.739588,-5.178726,1,echo,0.0419
960,92.774390,-236.108367,-5.479986,1,echo,0.0450
961,92.999943,-236.483501,-5.770139,1,echo,0.0432
962,93.238317,-236.874491,-6.060525,1,echo,0.0432
963,93.494101,-237.284599,-6.354822,1,echo,0.0431
964,93.764901,-237.706001,-6.644490,1,echo,0.0425
965,94.058772,-238.135829,-6.924114,1,echo,0.0431
966,94.378401,-238.587702,-7.185950,1,echo,0.0429
967,94.729152,-239.053146,-7.422239,1,echo,0.0426
968,95.107962,-239.531241,-7.627918,1,echo,0.0438
969,95.510516,-240.032451,-7.801867,1,echo,0.0411
970,95.939431,-240.552920,-7.949601,1,echo,0.0440
971,96.400717,-241.087917,-8.074223,1,echo,0.0430
972,96.894750,-241.641620,-8.186362,1,echo,0.0489
973,97.417109,-242.214366,-8.291865,1,echo,0.0499
974,97.964955,-242.820449,-8.396054,1,echo,0.0428
975,98.550031,-243.440699,-8.499691,1,echo,0.0436
976,99.162984,-244.077772,-8.602802,1,echo,0.0443
977,99.811916,-244.731026,-8.704667,1,echo,0.0431
978,100.490987,-245.401767,-8.802360,1,echo,0.0417
979,101.199289,-246.078673,-8.892028,1,echo,0.0421
980,101.934095,-246.759824,-8.972700,1,echo,0.0422
981,102.694183,-247.449252,-9.046009,1,echo,0.0420
982,103.488236,-248.138469,-9.112262,1,echo,0.0432
983,104.308031,-248.833524,-9.170316,1,echo,0.0431
984,105.158186,-249.533571,-9.220026,1,echo,0.0417
985,106.038230,-250.236854,-9.260503,1,echo,0.0466
986,106.942881,-250.943806,-9.291498,1,echo,0.0432
987,107.873471,-251.641325,-9.313752,1,echo,0.0442
988,108.830927,-252.333464,-9.327738,1,echo,0.0419
989,109.816680,-253.008365,-9.335024,1,echo,0.0422
990,110.822408,-253.677753,-9.336720,1,echo,0.0472
991,111.849632,-254.322700,-9.334024,1,echo,0.0433
992,112.900181,-254.941041,-9.329436,1,echo,0.0441
993,113.968778,-255.534906,-9.323613,1,echo,0.0482
994,115.056034,-256.090848,-9.318472,1,echo,0.0458
995,116.150086,-256.612581,-9.315129,1,echo,0.0445
996,117.261785,-257.101476,-9.314692,1,echo,0.0469
997,118.381503,-257.550829,-9.317188,1,echo,0.0452
998,119.508594,-257.961017,-9.322930,1,echo,0.0442
999,120.641180,-258.326669,-9.332475,1,echo,0.0458
1000,121.786545,-258.647786,-9.345776,1,echo,0.0442
1001,122.937863,-258.933559,-9.363039,1,echo,0.0525
1002,124.092809,-259.194325,-9.383533,1,echo,0.0454
1003,125.260067,-259.416996,-9.407097,1,echo,0.0453
1004,126.432516,-259.601570,-9.433266,1,echo,0.0450
1005,127.612748,-259.746392,-9.460454,1,echo,0.0450
1006,128.795872,-259.856052,-9.487697,1,echo,0.0480
1007,129.980332,-259.939491,-9.514546,1,echo,0.0445
1008,131.174806,-259.994108,-9.540586,1,echo,0.0456
1009,132.369102,-260.021515,-9.565134,1,echo,0.0441
1010,133.564768,-260.024778,-9.587418,1,echo,0.0444
1011,134.763352,-259.997726,-9.607817,1,echo,0.0437
1012,135.959852,-259.943580,-9.626119,1,echo,0.0436
1013,137.150906,-259.874950,-9.643019,1,echo,0.0429
1014,138.329038,-259.787112,-9.658495,1,echo,0.0426
1015,139.499749,-259.668758,-9.673413,1,echo,0.0449
1016,140.654423,-259.526619,-9.687852,1,echo,0.0444
1017,141.800164,-259.361834,-9.701520,1,echo,0.0433
1018,142.933453,-259.176011,-9.714702,1,echo,0.0439
1019,144.063764,-258.971233,-9.726959,1,echo,0.0413
1020,145.183716,-258.749092,-9.739841,1,echo,0.0430
1021,146.300319,-258.509589,-9.753969,1,echo,0.0456
1022,147.409057,-258.251130,-9.768615,1,echo,0.0423
1023,148.516882,-257.966531,-9.783553,1,echo,0.0426
1024,149.618312,-257.660647,-9.798913,1,echo,0.0435
1025,150.711706,-257.341579,-9.814202,1,echo,0.0437
1026,151.796523,-257.001437,-9.827170,1,echo,0.0447
1027,152.874103,-256.631601,-9.839380,1,echo,0.0450
1028,153.937506,-256.246141,-9.851247,1,echo,0.0433
1029,154.987546,-255.834208,-9.865056,1,echo,0.0422
1030,156.026658,-255.394577,-9.881255,1,echo,0.0471
1031,157.058094,-254.937198,-9.900808,1,echo,0.0458
1032,158.077508,-254.466430,-9.924771,1,echo,0.0455
1033,159.091801,-253.974039,-9.950833,1,echo,0.0446
1034,160.091376,-253.464166,-9.977502,1,echo,0.0467
1035,161.081969,-252.929566,-10.004695,1,echo,0.0454
1036,162.061571,-252.383304,-10.032235,1,echo,0.0466
1037,163.039435,-251.833783,-10.058357,1,echo,0.0445
1038,164.017217,-251.262520,-10.082253,1,echo,0.0424
1039,164.987488,-250.669900,-10.105559,1,echo,0.0445
1040,165.942616,-250.067401,-10.128726,1,echo,0.0453
1041,166.883937,-249.453659,-10.153746,1,echo,0.0433
1042,167.826526,-248.835352,-10.180703,1,echo,0.0478
1043,168.760774,-248.222526,-10.208538,1,echo,0.0422
1044,169.681788,-247.611692,-10.234467,1,echo,0.0440
1045,170.597307,-247.002488,-10.256852,1,echo,0.0422
1046,171.502928,-246.391427,-10.275494,1,echo,0.0438
1047,172.401726,-245.793655,-10.290623,1,echo,0.0421
1048,173.303565,-245.210373,-10.302617,1,echo,0.0450
1049,174.212055,-244.637758,-10.311532,1,echo,0.0441
1050,175.129062,-244.062103,-10.318303,1,echo,0.0418
1051,176.096463,-243.472058,-10.302068,0,slam,0.1509
1052,177.031836,-242.851899,-10.281125,0,slam,0.1555
1053,177.946678,-242.241987,-10.259012,0,slam,0.1507
1054,178.949540,-241.646485,-10.253090,0,slam,0.1528
1055,179.856065,-241.025061,-10.245816,0,slam,0.1510
1056,180.815202,-240.442652,-10.224830,0,slam,0.1577
1057,181.731520,-239.827193,-10.218936,0,slam,0.1506
1058,182.696765,-239.247295,-10.208912,0,slam,0.1531
1059,183.635417,-238.579799,-10.177021,0,slam,0.1606
1060,184.516706,-238.012742,-10.178114,0,slam,0.1542
1061,185.376309,-237.434976,-10.160746,0,slam,0.1566
1062,186.265783,-236.861120,-10.146879,0,slam,0.1548
1063,187.110818,-236.296639,-10.138200,0,slam,0.1565
1064,187.956968,-235.757187,-10.139410,0,slam,0.1573
1065,188.761370,-235.202850,-10.124697,0,slam,0.1625
1066,189.549763,-234.669534,-10.111232,0,slam,0.1521
1067,190.338358,-234.154915,-10.094366,0,slam,0.1557
1068,191.076692,-233.673529,-10.089536,0,slam,0.1573
1069,191.847059,-233.174533,-10.073759,0,slam,0.1562
1070,192.608390,-232.712095,-10.068210,0,slam,0.1582
1071,193.357317,-232.187959,-10.047931,0,slam,0.1634
1072,194.080373,-231.741090,-10.043168,0,slam,0.1513
1073,194.808522,-231.270220,-10.039981,0,slam,0.1596
1074,195.547149,-230.807151,-10.034991,0,slam,0.1623
1075,196.289580,-230.318181,-10.029743,0,slam,0.1581
1076,197.034959,-229.844515,-10.011280,0,slam,0.1567
1077,197.744026,-229.404150,-10.015167,0,slam,0.1560
1078,198.446998,-228.892880,-9.982555,0,slam,0.1534
1079,199.174807,-228.415776,-9.975694,0,slam,0.1535
1080,199.866265,-227.905087,-9.973687,0,slam,0.1580
1081,200.637307,-227.390212,-9.964754,0,slam,0.1645
1082,201.338492,-226.859206,-9.952786,0,slam,0.1597
1083,202.065965,-226.373015,-9.949096,0,slam,0.1590
1084,202.806748,-225.843331,-9.937003,0,slam,0.1611
1085,203.512568,-225.337682,-9.927461,0,slam,0.1631
1086,204.232819,-224.802472,-9.903434,0,slam,0.1603
1087,204.993355,-224.275572,-9.894219,0,slam,0.1603
1088,205.683904,-223.749996,-9.877559,0,slam,0.1562
1089,206.393748,-223.199832,-9.855918,0,slam,0.1581
1090,207.110658,-222.662478,-9.847728,0,slam,0.1633
1091,207.773160,-222.081809,-9.820851,0,slam,0.1580
1092,208.516510,-221.541213,-9.812880,0,slam,0.1546
1093,209.166093,-220.989589,-9.793663,0,slam,0.1568
1094,209.859788,-220.441125,-9.771177,0,slam,0.1611
1095,210.554082,-219.847467,-9.762025,0,slam,0.1626
1096,211.208623,-219.290670,-9.752608,0,slam,0.1572
1097,211.900556,-218.719160,-9.737627,0,slam,0.1582
1098,212.515487,-218.116186,-9.712650,0,slam,0.1531
1099,213.178220,-217.544574,-9.699137,0,slam,0.1544
1100,213.800767,-216.986752,-9.688996,0,slam,0.1609
1101,214.412918,-216.451139,-9.677309,0,slam,0.1586
1102,214.977511,-215.908045,-9.673831,0,slam,0.1672
1103,215.576001,-215.381861,-9.668920,0,slam,0.1665
1104,216.108973,-214.847568,-9.659781,0,slam,0.1609
1105,216.657331,-214.307955,-9.651033,0,slam,0.1658
1106,217.159747,-213.766313,-9.644877,0,slam,0.1609
1107,217.682249,-213.208785,-9.632823,0,slam,0.1712
1108,218.160528,-212.697628,-9.620894,0,slam,0.1642
1109,218.611139,-212.201566,-9.611857,0,slam,0.1583
1110,219.050201,-211.698436,-9.598536,0,slam,0.1591
1111,219.454633,-211.211719,-9.584557,0,slam,0.1655
1112,219.894203,-210.779754,-9.583291,0,slam,0.1622
1113,220.275498,-210.387854,-9.603753,0,slam,0.1671
1114,220.625139,-210.044002,-9.596687,0,slam,0.1674
1115,220.897165,-209.690972,-9.589910,0,slam,0.1647
1116,221.128452,-209.438185,-9.582416,0,slam,0.1595
1117,221.296664,-209.243686,-9.574276,0,slam,0.1601
1118,221.447982,-209.127181,-9.579375,0,slam,0.1580
1119,221.519755,-209.050625,-9.574284,0,slam,0.1642
1120,221.582881,-209.034528,-9.566159,0,slam,0.1597
1121,221.613044,-209.047773,-9.564647,0,slam,0.1673
1122,221.661730,-209.047582,-9.567934,0,slam,0.1718
1123,221.678375,-209.035528,-9.567374,0,slam,0.1841
1124,221.715867,-209.027998,-9.567047,0,slam,0.1639
1125,221.754376,-209.003870,-9.570153,0,slam,0.1598
1126,221.757932,-208.962022,-9.572861,0,slam,0.1622
1127,221.770135,-208.992522,-9.588329,0,slam,0.1705
1128,221.788143,-208.946312,-9.592260,0,slam,0.1613
1129,221.815988,-208.917962,-9.596411,0,slam,0.1678
1130,221.832626,-208.888695,-9.598461,0,slam,0.1573
1131,221.893667,-208.812099,-9.602101,0,slam,0.1581
1132,221.915360,-208.782189,-9.603291,0,slam,0.1630
1133,221.965167,-208.688892,-9.618941,0,slam,0.1760
1134,222.001946,-208.635588,-9.624253,0,slam,0.1679
1135,222.066687,-208.559496,-9.635944,0,slam,0.1609
1136,222.123787,-208.431449,-9.634364,0,slam,0.1678
1137,222.183072,-208.365383,-9.647768,0,slam,0.1695
1138,222.274662,-208.248191,-9.659599,0,slam,0.1647
1139,222.354158,-208.102671,-9.674020,0,slam,0.1671
1140,222.404690,-207.975044,-9.698867,0,slam,0.1644
1141,222.483519,-207.804078,-9.719163,0,slam,0.1717
1142,222.561644,-207.655626,-9.745867,0,slam,0.1673
1143,222.631329,-207.439810,-9.766187,0,slam,0.1714
1144,222.743080,-207.267746,-9.802025,0,slam,0.1609
1145,222.854093,-207.056653,-9.830838,0,slam,0.1668
1146,222.916943,-206.854227,-9.877903,0,slam,0.1654
1147,223.009739,-206.578926,-9.926322,0,slam,0.1700
1148,223.098854,-206.315086,-9.988830,0,slam,0.1573
1149,223.194941,-206.008407,-10.052402,0,slam,0.1552
1150,223.284558,-205.761736,-10.129463,0,slam,0.1602
1151,223.360258,-205.434829,-10.189909,0,slam,0.1618
1152,223.472349,-205.104753,-10.242432,0,slam,0.1729
1153,223.579961,-204.791505,-10.307065,0,slam,0.1625
1154,223.660801,-204.442531,-10.349478,0,slam,0.1596
1155,223.731785,-204.093606,-10.398583,0,slam,0.1583
1156,223.857453,-203.695860,-10.433699,0,slam,0.1585
1157,223.949190,-203.314474,-10.486639,0,slam,0.1628
1158,224.053132,-202.866821,-10.544455,0,slam,0.1625
1159,224.163380,-202.452138,-10.605206,0,slam,0.1719
1160,224.246960,-202.024606,-10.675081,0,slam,0.1612
1161,224.339742,-201.595231,-10.764353,0,slam,0.1583
1162,224.407137,-201.118209,-10.838684,0,slam,0.1590
1163,224.482610,-200.635453,-10.924357,0,slam,0.1615
1164,224.554071,-200.145612,-11.007632,0,slam,0.1599
1165,224.641496,-199.591813,-11.084992,0,slam,0.1616
1166,224.710439,-199.108648,-11.170652,0,slam,0.1623
1167,224.733597,-198.594801,-11.250642,0,slam,0.1570
1168,224.801416,-198.038782,-11.299445,0,slam,0.1700
1169,224.824366,-197.527018,-11.339174,0,slam,0.1755
1170,224.901812,-196.930965,-11.350059,0,slam,0.1709
1171,224.925776,-196.406705,-11.356840,0,slam,0.1604
1172,224.971385,-195.813580,-11.338953,0,slam,0.1662
1173,224.989777,-195.166519,-11.298135,0,slam,0.1628
1174,225.060295,-194.545581,-11.250656,0,slam,0.1651
1175,225.090789,-193.898136,-11.198325,0,slam,0.1642
1176,225.128768,-193.241523,-11.141789,0,slam,0.1580
1177,225.169949,-192.556136,-11.083684,0,slam,0.1648
1178,225.228771,-191.863637,-11.027208,0,slam,0.1561
1179,225.271315,-191.127030,-10.972398,0,slam,0.1706
1180,225.277188,-190.422471,-10.917753,0,slam,0.1684
1181,225.341012,-189.648597,-10.860725,0,slam,0.1706
1182,225.339972,-188.880750,-10.804680,0,slam,0.1624
1183,225.361321,-188.050998,-10.744905,0,slam,0.1621
1184,225.333910,-187.269675,-10.686149,0,slam,0.1621
1185,225.370251,-186.511964,-10.633902,0,slam,0.1548
1186,225.361504,-185.699973,-10.570324,0,slam,0.1620
1187,225.322106,-184.857823,-10.513658,0,slam,0.1637
1188,225.319180,-184.018266,-10.448551,0,slam,0.1583
1189,225.272487,-183.207159,-10.395383,0,slam,0.1679
1190,225.217986,-182.346874,-10.329448,0,slam,0.1710
1191,225.171046,-181.451948,-10.259692,0,slam,0.1571
1192,225.087531,-180.583802,-10.191217,0,slam,0.1607
1193,224.995670,-179.721439,-10.134220,0,slam,0.1573
1194,224.880112,-178.877905,-10.063462,0,slam,0.1566
1195,224.761161,-177.998823,-9.984997,0,slam,0.1575
1196,224.617401,-177.098273,-9.906671,0,slam,0.1588
1197,224.434961,-176.229512,-9.829067,0,slam,0.1533
1198,224.252099,-175.352626,-9.743424,0,slam,0.1504
1199,224.048797,-174.545118,-9.654962,0,slam,0.1507
1200,223.825191,-173.676089,-9.570146,0,slam,0.1631
1201,223.548747,-172.853520,-9.487591,0,slam,0.1554
1202,223.314092,-171.999512,-9.386840,0,slam,0.1460
1203,223.029930,-171.156086,-9.280158,0,slam,0.1560
1204,222.795335,-170.312550,-9.166745,0,slam,0.1466
1205,222.528573,-169.573590,-9.035588,0,slam,0.1480
1206,222.235177,-168.794488,-8.888487,0,slam,0.1496
1207,221.942460,-168.008560,-8.735157,0,slam,0.1448
1208,221.612806,-167.233990,-8.553913,0,slam,0.1483
1209,221.289793,-166.494646,-8.375205,0,slam,0.1411
1210,220.991012,-165.760629,-8.174690,0,slam,0.1459
1211,220.617273,-165.018872,-7.959038,0,slam,0.1505
1212,220.284881,-164.345938,-7.730085,0,slam,0.1421
1213,219.933889,-163.654940,-7.489763,0,slam,0.1404
1214,219.578327,-162.987983,-7.256400,0,slam,0.1456
1215,219.218309,-162.292097,-7.077678,0,slam,0.1500
1216,218.903130,-161.629938,-6.972551,0,slam,0.1564
1217,218.538325,-161.015639,-6.915026,0,slam,0.1474
1218,218.112657,-160.456873,-6.867626,0,slam,0.1605
1219,217.709714,-159.846929,-6.825342,0,slam,0.1590
1220,217.267886,-159.262736,-6.801414,0,slam,0.1553
1221,216.841760,-158.698228,-6.798807,0,slam,0.1421
1222,216.453450,-158.184419,-6.813988,0,slam,0.1471
1223,216.036602,-157.661282,-6.848828,0,slam,0.1526
1224,215.628067,-157.151499,-6.867355,0,slam,0.1419
1225,215.176961,-156.609031,-6.896260,0,slam,0.1419
1226,214.776330,-156.112268,-6.928074,0,slam,0.1484
1227,214.371320,-155.603394,-6.958390,0,slam,0.1421
1228,213.917440,-155.103912,-7.019982,0,slam,0.1563
1229,213.505515,-154.621409,-7.088197,0,slam,0.1501
1230,213.136288,-154.144416,-7.158889,0,slam,0.1506
1231,212.660731,-153.629683,-7.212867,0,slam,0.1571
1232,212.208154,-153.105295,-7.280558,0,slam,0.1579
1233,211.779173,-152.653729,-7.319902,0,slam,0.1457
1234,211.308260,-152.206088,-7.362986,0,slam,0.1452
1235,210.828864,-151.719328,-7.372757,0,slam,0.1452
1236,210.329733,-151.217227,-7.390714,0,slam,0.1516
1237,209.848109,-150.726761,-7.384784,0,slam,0.1450
1238,209.349696,-150.231184,-7.352011,0,slam,0.1549
1239,208.770066,-149.700895,-7.312672,0,slam,0.1524
1240,208.246766,-149.254308,-7.279543,0,slam,0.1462
1241,207.704587,-148.724700,-7.232221,0,slam,0.1586
1242,207.140156,-148.282879,-7.234792,0,slam,0.1451
1243,206.581733,-147.788824,-7.243100,0,slam,0.1553
1244,205.974159,-147.272398,-7.245296,0,slam,0.1525
1245,205.406152,-146.855501,-7.276066,0,slam,0.1523
1246,204.805620,-146.395571,-7.274627,0,slam,0.1612
1247,204.230917,-145.983034,-7.262234,0,slam,0.1577
1248,203.676577,-145.547249,-7.223885,0,slam,0.1500
1249,203.048945,-145.082877,-7.173969,0,slam,0.1703
1250,202.441643,-144.640008,-7.116444,0,slam,0.1695
1251,201.788499,-144.168672,-7.052963,0,slam,0.1677
1252,201.216501,-143.761888,-7.006611,0,slam,0.1791
1253,200.624600,-143.307005,-6.945669,0,slam,0.1543
1254,200.016552,-142.851632,-6.886069,0,slam,0.1533
1255,199.359420,-142.424418,-6.836598,0,slam,0.1534
1256,198.714512,-142.001008,-6.774476,0,slam,0.1576
1257,198.044247,-141.566387,-6.719445,0,slam,0.1589
1258,197.372625,-141.150803,-6.671064,0,slam,0.1526
1259,196.699483,-140.762845,-6.631863,0,slam,0.1461
1260,195.997548,-140.307251,-6.579787,0,slam,0.1616
1261,195.304768,-139.866738,-6.525076,0,slam,0.1485
1262,194.639384,-139.481470,-6.473696,0,slam,0.1596
1263,193.933066,-139.092258,-6.421839,0,slam,0.1601
1264,193.241957,-138.697704,-6.369591,0,slam,0.1516
1265,192.521461,-138.327248,-6.310326,0,slam,0.1588
1266,191.822535,-137.957956,-6.273891,0,slam,0.1607
1267,191.122385,-137.575909,-6.227315,0,slam,0.1586
1268,190.406027,-137.201999,-6.187055,0,slam,0.1612
1269,189.739487,-136.848688,-6.145593,0,slam,0.1609
1270,189.015711,-136.443916,-6.081559,0,slam,0.1834
1271,188.346221,-136.089204,-6.035126,0,slam,0.1508
1272,187.679820,-135.734945,-5.986565,0,slam,0.1751
1273,186.996988,-135.361168,-5.938208,0,slam,0.1615
1274,186.304746,-134.970973,-5.888198,0,slam,0.1842
1275,185.597629,-134.574515,-5.848819,0,slam,0.1611
1276,184.862640,-134.164069,-5.785872,0,slam,0.2052
1277,184.239232,-133.809695,-5.736607,0,slam,0.1572
1278,183.550593,-133.391770,-5.685713,0,slam,0.1900
1279,182.834863,-132.993641,-5.628421,0,slam,0.1735
1280,182.209444,-132.611757,-5.588523,0,slam,0.1641
1281,181.547373,-132.234875,-5.535207,0,slam,0.1649
1282,180.862153,-131.849265,-5.486099,0,slam,0.1659
1283,180.201004,-131.409350,-5.435026,0,slam,0.1715
1284,179.539261,-131.049063,-5.374179,0,slam,0.1702
1285,178.843921,-130.652257,-5.322649,0,slam,0.1668
1286,178.195622,-130.235470,-5.266862,0,slam,0.1550
1287,177.525839,-129.838817,-5.223847,0,slam,0.1670
1288,176.897100,-129.398141,-5.181588,0,slam,0.1636
1289,176.245515,-128.968212,-5.133833,0,slam,0.1556
1290,175.573525,-128.550528,-5.084696,0,slam,0.1640
1291,174.940148,-128.121752,-5.038124,0,slam,0.1553
1292,174.260610,-127.679534,-4.976524,0,slam,0.1672
1293,173.597664,-127.249378,-4.925962,0,slam,0.1583
1294,172.941960,-126.823310,-4.872097,0,slam,0.1725
1295,172.292611,-126.416523,-4.821988,0,slam,0.1639
1296,171.665366,-125.983905,-4.774214,0,slam,0.1572
1297,171.030938,-125.561186,-4.723611,0,slam,0.1589
1298,170.363139,-125.116321,-4.677496,0,slam,0.1670
1299,169.713611,-124.674135,-4.633584,0,slam,0.1652
1300,169.075782,-124.275430,-4.585939,0,slam,0.1582
1301,168.427360,-123.850590,-4.538918,0,slam,0.1638
1302,167.753205,-123.438927,-4.489116,0,slam,0.1588
1303,167.131566,-123.010982,-4.459627,0,slam,0.1584
1304,166.496708,-122.652232,-4.416718,0,slam,0.1550
1305,165.827822,-122.215381,-4.373669,0,slam,0.1567
1306,165.182822,-121.838432,-4.324044,0,slam,0.1537
1307,164.566666,-121.481185,-4.294067,0,slam,0.1574
1308,163.933779,-121.121020,-4.247727,0,slam,0.1602
1309,163.324985,-120.781697,-4.215926,0,slam,0.1558
1310,162.653688,-120.409929,-4.172578,0,slam,0.1594
1311,162.061917,-120.083209,-4.137171,0,slam,0.1563
1312,161.480227,-119.800612,-4.095853,0,slam,0.1565
1313,160.907925,-119.553007,-4.076323,0,slam,0.1581
1314,160.295837,-119.229427,-4.039297,0,slam,0.1616
1315,159.706537,-118.960012,-4.017679,0,slam,0.1620
1316,159.109707,-118.752535,-3.984714,0,slam,0.1574
1317,158.548695,-118.492434,-3.960270,0,slam,0.1690
1318,157.935395,-118.239359,-3.935220,0,slam,0.1590
1319,157.421397,-118.056135,-3.919966,0,slam,0.1609
1320,156.837701,-117.812872,-3.886832,0,slam,0.1656
1321,156.308709,-117.609370,-3.861722,0,slam,0.1615
1322,155.798390,-117.378273,-3.847108,0,slam,0.1593
1323,155.289734,-117.203238,-3.826439,0,slam,0.1593
1324,154.716183,-116.978874,-3.804348,0,slam,0.1577
1325,154.192192,-116.812242,-3.778448,0,slam,0.1571
1326,153.656130,-116.613057,-3.762113,0,slam,0.1604
1327,153.142751,-116.422261,-3.740493,0,slam,0.1588
1328,152.633722,-116.258097,-3.720315,0,slam,0.1602
1329,152.147952,-116.056863,-3.691114,0,slam,0.1579
1330,151.631220,-115.841326,-3.668598,0,slam,0.1598
1331,151.171275,-115.651973,-3.651658,0,slam,0.1577
1332,150.651749,-115.451780,-3.624757,0,slam,0.1559
1333,150.166013,-115.259271,-3.596965,0,slam,0.1586
1334,149.676714,-115.073183,-3.564946,0,slam,0.1606
1335,149.188492,-114.890729,-3.536434,0,slam,0.1635
1336,148.720951,-114.679747,-3.512890,0,slam,0.1612
1337,148.257517,-114.518008,-3.490478,0,slam,0.1641
1338,147.838736,-114.348160,-3.463607,0,slam,0.1680
1339,147.324306,-114.133293,-3.444200,0,slam,0.1700
1340,146.870177,-113.973648,-3.420458,0,slam,0.1651
1341,146.416421,-113.816836,-3.400540,0,slam,0.1646
1342,145.947782,-113.631241,-3.384275,0,slam,0.1651
1343,145.512990,-113.479407,-3.359877,0,slam,0.1643
1344,145.023838,-113.325787,-3.338221,0,slam,0.1640
1345,144.547583,-113.151545,-3.317326,0,slam,0.1581
1346,144.065072,-113.020285,-3.294003,0,slam,0.1604
1347,143.539036,-112.869527,-3.263998,0,slam,0.1583
1348,143.048172,-112.717033,-3.234947,0,slam,0.1624
1349,142.541249,-112.563165,-3.216753,0,slam,0.1685
1350,142.037660,-112.437769,-3.200380,0,slam,0.1624
1351,141.486091,-112.302428,-3.179285,0,slam,0.1750
1352,140.951404,-112.153051,-3.159079,0,slam,0.1636
1353,140.456919,-112.049533,-3.145298,0,slam,0.1625
1354,139.900630,-111.921640,-3.119303,0,slam,0.1579
1355,139.369578,-111.773764,-3.109403,0,slam,0.1602
1356,138.813592,-111.642697,-3.085527,0,slam,0.1577
1357,138.237719,-111.529937,-3.066419,0,slam,0.1698
1358,137.697062,-111.433647,-3.047461,0,slam,0.1621
1359,137.171425,-111.356314,-3.030016,0,slam,0.1582
1360,136.586849,-111.290022,-3.011289,0,slam,0.1533
1361,136.051746,-111.229610,-2.990880,0,slam,0.1584
1362,135.503087,-111.150639,-2.972642,0,slam,0.1577
1363,134.946001,-111.085787,-2.958727,0,slam,0.1631
1364,134.398666,-111.013497,-2.940313,0,slam,0.1663
1365,133.903846,-110.946559,-2.924944,0,slam,0.1585
1366,133.378764,-110.874108,-2.905082,0,slam,0.1622
1367,132.890679,-110.820004,-2.876086,0,slam,0.1662
1368,132.416064,-110.738715,-2.860951,0,slam,0.1589
1369,131.919679,-110.641410,-2.841114,0,slam,0.1590
1370,131.433569,-110.569270,-2.823878,0,slam,0.1621
1371,130.978339,-110.507080,-2.812286,0,slam,0.1540
1372,130.503496,-110.423759,-2.798212,0,slam,0.1600
1373,130.024781,-110.365424,-2.787131,0,slam,0.1612
1374,129.563963,-110.289127,-2.775611,0,slam,0.1573
1375,129.119563,-110.211045,-2.763972,0,slam,0.1624
1376,128.652952,-110.111554,-2.745439,0,slam,0.1572
1377,128.184614,-110.017073,-2.728441,0,slam,0.1603
1378,127.751471,-109.943401,-2.717999,0,slam,0.1579
1379,127.278490,-109.854110,-2.698909,0,slam,0.1629
1380,126.822586,-109.771735,-2.693666,0,slam,0.1608
1381,126.390800,-109.675141,-2.679499,0,slam,0.1593
1382,125.939680,-109.587350,-2.672819,0,slam,0.1616
1383,125.503009,-109.515564,-2.673539,0,slam,0.1539
1384,125.062513,-109.433702,-2.666386,0,slam,0.1579
1385,124.598763,-109.342121,-2.655846,0,slam,0.1678
1386,124.196168,-109.255247,-2.651565,0,slam,0.1530
1387,123.775336,-109.161905,-2.645121,0,slam,0.1572
1388,123.344869,-109.047766,-2.627789,0,slam,0.1618
1389,122.903780,-108.901670,-2.601907,0,slam,0.1597
1390,122.485514,-108.775822,-2.588623,0,slam,0.1535
1391,122.053239,-108.638556,-2.566767,0,slam,0.1645
1392,121.629141,-108.529021,-2.553185,0,slam,0.1589
1393,121.214087,-108.380887,-2.544887,0,slam,0.1648
1394,120.801244,-108.242066,-2.522890,0,slam,0.1535
1395,120.359940,-108.096129,-2.499789,0,slam,0.1821
1396,119.907839,-107.948765,-2.475646,0,slam,0.1622
1397,119.498724,-107.803718,-2.450768,0,slam,0.1625
1398,119.091333,-107.644740,-2.434140,0,slam,0.1595
1399,118.666057,-107.500508,-2.414127,0,slam,0.1637
1400,118.228782,-107.327876,-2.390149,0,slam,0.1537
1401,117.841450,-107.187486,-2.379114,0,slam,0.1689
1402,117.400616,-107.025758,-2.351123,0,slam,0.1623
1403,116.990268,-106.861075,-2.323345,0,slam,0.1654
1404,116.592497,-106.703173,-2.286571,0,slam,0.1586
1405,116.145175,-106.528863,-2.260172,0,slam,0.1585
1406,115.711178,-106.348295,-2.223359,0,slam,0.1598
1407,115.286680,-106.183102,-2.199134,0,slam,0.1640
1408,114.854247,-105.977279,-2.170733,0,slam,0.1500
1409,114.401760,-105.822839,-2.143031,0,slam,0.1657
1410,113.982450,-105.613868,-2.113101,0,slam,0.1611
1411,113.503653,-105.390607,-2.086461,0,slam,0.1602
1412,113.044736,-105.198953,-2.051916,0,slam,0.1619
1413,112.579257,-104.969813,-2.030063,0,slam,0.1550
1414,112.110817,-104.773631,-2.001709,0,slam,0.1602
1415,111.641562,-104.526934,-1.971203,0,slam,0.1614
1416,111.149628,-104.286566,-1.939488,0,slam,0.1583
1417,110.679915,-104.042838,-1.912832,0,slam,0.1596
1418,110.209587,-103.822882,-1.889800,0,slam,0.1607
1419,109.766072,-103.561341,-1.858091,0,slam,0.1546
1420,109.339377,-103.326644,-1.838616,0,slam,0.1543
1421,108.850903,-103.046222,-1.804184,0,slam,0.1574
1422,108.323531,-102.750874,-1.775942,0,slam,0.1664
1423,107.903935,-102.481289,-1.738410,0,slam,0.1621
1424,107.413337,-102.186141,-1.706329,0,slam,0.1585
1425,106.998560,-101.956805,-1.693348,0,slam,0.1563
1426,106.513110,-101.662895,-1.651146,0,slam,0.1559
1427,106.009133,-101.363076,-1.623578,0,slam,0.1653
1428,105.575015,-101.106097,-1.588724,0,slam,0.1661
1429,105.100359,-100.860182,-1.542459,0,slam,0.1613
1430,104.613066,-100.539418,-1.476896,0,slam,0.1598
1431,104.170842,-100.248766,-1.412656,0,slam,0.1585
1432,103.663055,-99.973216,-1.355725,0,slam,0.1588
1433,103.223507,-99.708931,-1.276418,0,slam,0.1589
1434,102.728776,-99.448902,-1.182030,0,slam,0.1561
1435,102.235966,-99.157058,-1.085109,0,slam,0.1709
1436,101.731438,-98.823436,-0.964256,0,slam,0.1554
1437,101.288473,-98.569595,-0.861650,0,slam,0.1591
1438,100.746543,-98.219026,-0.724279,0,slam,0.1547
1439,100.274266,-97.957504,-0.601266,0,slam,0.1779
1440,99.835015,-97.633608,-0.456246,0,slam,0.1506
1441,99.358830,-97.355662,-0.312666,0,slam,0.1578
1442,98.853482,-97.035377,-0.147693,0,slam,0.1620
1443,98.396275,-96.734354,0.032516,0,slam,0.1519
1444,97.958623,-96.483740,0.229091,0,slam,0.1561
1445,97.476138,-96.173463,0.473871,0,slam,0.1529
1446,97.023983,-95.853543,0.745046,0,slam,0.1528
1447,96.496207,-95.540246,1.052093,0,slam,0.1516
1448,96.020319,-95.231468,1.385160,0,slam,0.1580
1449,95.532529,-94.903624,1.744479,0,slam,0.1530
1450,95.053373,-94.563444,2.125919,0,slam,0.1536
1451,94.570274,-94.280650,2.502584,0,slam,0.1543
1452,94.032295,-93.988256,2.902805,0,slam,0.1578
1453,93.519591,-93.661541,3.315465,0,slam,0.1486
1454,93.026563,-93.348304,3.728106,0,slam,0.1461
1455,92.521475,-93.050241,4.165294,0,slam,0.1508
1456,91.946424,-92.673186,4.611426,0,slam,0.1543
1457,91.466050,-92.381750,5.060137,0,slam,0.1517
1458,90.915492,-92.063523,5.496608,0,slam,0.1665
1459,90.426245,-91.765045,5.949785,0,slam,0.1523
1460,89.920069,-91.473981,6.417854,0,slam,0.1556
1461,89.398767,-91.166391,6.922614,0,slam,0.1408
1462,88.918564,-90.897594,7.468447,0,slam,0.1429
1463,88.432015,-90.605483,8.049361,0,slam,0.1417
1464,87.969740,-90.274192,8.687902,0,slam,0.1438
1465,87.467786,-89.974986,9.312186,0,slam,0.1524
1466,87.102256,-89.751837,9.961829,0,slam,0.1532
1467,86.604784,-89.471122,10.604745,0,slam,0.1464
1468,86.190597,-89.244811,11.242409,0,slam,0.1443
1469,85.809213,-88.971972,11.900893,0,slam,0.1405
1470,85.453827,-88.764600,12.574469,0,slam,0.1506
1471,85.115282,-88.533751,13.248266,0,slam,0.1367
1472,84.794152,-88.337725,13.913240,0,slam,0.1373
1473,84.528303,-88.190183,14.588921,0,slam,0.1354
1474,84.293355,-87.988716,15.243171,0,slam,0.1473
1475,83.923909,-87.821749,15.899845,0,slam,0.1444
1476,83.680248,-87.632867,16.597884,0,slam,0.1398
1477,83.449176,-87.496245,17.277047,0,slam,0.1399
1478,83.277396,-87.353549,17.959945,0,slam,0.1469
1479,83.080959,-87.191623,18.624743,0,slam,0.1455
1480,82.888550,-87.098286,19.300224,0,slam,0.1403
1481,82.747843,-86.965229,19.960588,0,slam,0.1423
1482,82.558572,-86.888686,20.617101,0,slam,0.1495
1483,82.416289,-86.789083,21.264228,0,slam,0.1415
1484,82.278396,-86.674401,21.867105,0,slam,0.1473
1485,82.120494,-86.585511,22.403719,0,slam,0.1454
1486,82.045777,-86.508445,22.907229,0,slam,0.1362
1487,82.009858,-86.493419,23.298002,0,slam,0.1309
1488,81.985466,-86.463680,23.595452,0,slam,0.1490
1489,81.968046,-86.482107,23.784860,0,slam,0.1387
1490,81.979268,-86.422206,23.884774,0,slam,0.1361
1491,81.938249,-86.369765,23.924212,0,slam,0.1402
1492,81.925524,-86.367614,23.944969,0,slam,0.1352
1493,81.889638,-86.315686,23.950268,0,slam,0.1393
1494,81.918063,-86.306403,23.963375,0,slam,0.1413
1495,81.855905,-86.255644,23.964411,0,slam,0.1376
1496,81.837027,-86.206282,23.985451,0,slam,0.1391
1497,81.832632,-86.220118,23.994586,0,slam,0.1431
1498,81.799543,-86.134316,24.015069,0,slam,0.1376
1499,81.793038,-86.111269,24.031677,0,slam,0.1394
1500,81.759245,-85.983174,24.043569,0,slam,0.1421
1501,81.755072,-85.906423,24.057772,0,slam,0.1427
1502,81.771838,-85.847814,24.066814,0,slam,0.1393
1503,81.781240,-85.867169,24.067505,0,slam,0.1359
1504,81.756094,-85.873417,24.076417,0,slam,0.1477
1505,81.768737,-85.768358,24.092633,0,slam,0.1353
1506,81.728464,-85.680409,24.100890,0,slam,0.1363
1507,81.740826,-85.572620,24.107598,0,slam,0.1308
1508,81.724272,-85.595519,24.108773,0,slam,0.1352
1509,81.687301,-85.585927,24.130531,0,slam,0.1559
1510,81.681641,-85.549024,24.142254,0,slam,0.1354
1511,81.727200,-85.509609,24.130482,0,slam,0.1467
1512,81.719356,-85.439484,24.139476,0,slam,0.1404
1513,81.749750,-85.210267,24.161927,0,slam,0.1413
1514,81.774057,-85.150545,24.159811,0,slam,0.1521
1515,81.830017,-85.103579,24.151452,0,slam,0.1401
1516,81.857534,-84.968917,24.182593,0,slam,0.1356
1517,81.836580,-84.955616,24.176779,0,slam,0.1415
1518,81.933335,-84.857076,24.186547,0,slam,0.1356
1519,81.998520,-84.772194,24.193195,0,slam,0.1495
1520,82.114101,-84.709859,24.182658,0,slam,0.1495
1521,82.210987,-84.679226,24.179934,0,slam,0.1443
1522,82.192489,-84.685232,24.192525,0,slam,0.1481
1523,82.329429,-84.653150,24.174281,0,slam,0.1546
1524,82.473358,-84.594609,24.172253,0,slam,0.1412
1525,82.537129,-84.607752,24.167131,0,slam,0.1670
1526,82.709240,-84.610000,24.153096,0,slam,0.1521
1527,82.749552,-84.634016,24.158991,0,slam,0.1629
1528,82.891955,-84.683043,24.139998,0,slam,0.1513
1529,82.970551,-84.673593,24.139226,0,slam,0.1554
1530,83.156903,-84.771114,24.120124,0,slam,0.1537
1531,83.137884,-84.752458,24.151942,0,slam,0.1532
1532,83.273522,-84.860186,24.141202,0,slam,0.1511
1533,83.374573,-84.898895,24.146195,0,slam,0.1445
1534,83.530018,-85.000050,24.112617,0,slam,0.1575
1535,83.602335,-85.063248,24.128460,0,slam,0.1488
1536,83.697437,-85.122666,24.112920,0,slam,0.1475
1537,83.825251,-85.210775,24.104842,0,slam,0.1402
1538,83.919060,-85.341791,24.098992,0,slam,0.1451
1539,84.088026,-85.433273,24.088979,0,slam,0.1441
1540,84.212914,-85.555549,24.079216,0,slam,0.1488
1541,84.331537,-85.706270,24.048245,0,slam,0.1535
1542,84.508257,-85.846038,24.019944,0,slam,0.1584
1543,84.629700,-86.043418,23.960781,0,slam,0.1539
1544,84.784115,-86.184599,23.896556,0,slam,0.1542
1545,84.857099,-86.367763,23.820943,0,slam,0.1522
1546,85.094527,-86.587064,23.725403,0,slam,0.1554
1547,85.227303,-86.803233,23.618611,0,slam,0.1606
1548,85.368343,-87.007079,23.488105,0,slam,0.1449
1549,85.519612,-87.184542,23.336743,0,slam,0.1558
1550,85.211549,-88.951072,9.035087,1,echo,0.0422
1551,85.333138,-89.136830,8.903312,1,echo,0.0472
1552,85.459748,-89.312324,8.770836,1,echo,0.0467
1553,85.586481,-89.486774,8.640380,1,echo,0.0456
1554,85.723819,-89.661607,8.511242,1,echo,0.0433
1555,85.866915,-89.817315,8.384197,1,echo,0.0565
1556,86.025215,-89.964151,8.260617,1,echo,0.0421
1557,86.194459,-90.104417,8.139162,1,echo,0.0445
1558,86.378996,-90.235811,8.019623,1,echo,0.0477
1559,86.588890,-90.360928,7.901418,1,echo,0.0460
1560,86.819575,-90.490389,7.783693,1,echo,0.0409
1561,87.067228,-90.611574,7.666277,1,echo,0.0436
1562,87.322402,-90.723521,7.549842,1,echo,0.0436
1563,87.595946,-90.823328,7.435641,1,echo,0.0448
1564,87.873393,-90.915670,7.323634,1,echo,0.0510
1565,88.152486,-91.004008,7.213293,1,echo,0.0441
1566,88.443811,-91.084835,7.105147,1,echo,0.0437
1567,88.740878,-91.152342,7.001380,1,echo,0.0409
1568,89.041922,-91.218460,6.901211,1,echo,0.0447
1569,89.343133,-91.285116,6.804230,1,echo,0.0450
1570,89.650414,-91.353720,6.709810,1,echo,0.0451
1571,89.963583,-91.425471,6.617264,1,echo,0.0462
1572,90.279916,-91.510285,6.526742,1,echo,0.0343
1573,90.600795,-91.583937,6.439669,1,echo,0.0368
1574,90.929705,-91.653702,6.356319,1,echo,0.0375
1575,91.260898,-91.717024,6.276716,1,echo,0.0355
1576,91.584768,-91.773140,6.199961,1,echo,0.0340
1577,91.908942,-91.829057,6.126672,1,echo,0.0376
1578,92.235857,-91.873391,6.055815,1,echo,0.0370
1579,92.561822,-91.920972,5.987978,1,echo,0.0373
1580,92.883912,-91.968556,5.922055,1,echo,0.0369
1581,93.211060,-92.006367,5.857240,1,echo,0.0369
1582,93.534245,-92.050847,5.792783,1,echo,0.0351
1583,93.855739,-92.101347,5.726742,1,echo,0.0458
1584,94.181836,-92.148225,5.659485,1,echo,0.0427
1585,94.504730,-92.181838,5.591213,1,echo,0.0447
1586,94.831451,-92.220263,5.521675,1,echo,0.0416
1587,95.145042,-92.256612,5.450628,1,echo,0.0444
1588,95.453983,-92.284684,5.378755,1,echo,0.0423
1589,95.758529,-92.312580,5.305660,1,echo,0.0457
1590,96.061282,-92.340676,5.231719,1,echo,0.0448
1591,96.356874,-92.376238,5.158132,1,echo,0.0415
1592,96.655679,-92.407574,5.085098,1,echo,0.0431
1593,96.953825,-92.430923,5.014264,1,echo,0.0372
1594,97.245701,-92.454712,4.945007,1,echo,0.0368
1595,97.539114,-92.480313,4.876615,1,echo,0.0366
1596,97.831412,-92.500142,4.809112,1,echo,0.0350
1597,98.118201,-92.517016,4.741548,1,echo,0.0374
1598,98.408345,-92.545636,4.673338,1,echo,0.0484
1599,98.693616,-92.576066,4.605396,1,echo,0.0464
1600,98.977124,-92.598374,4.536965,1,echo,0.0435
1601,99.259615,-92.627259,4.469101,1,echo,0.0487
1602,99.538943,-92.665538,4.402660,1,echo,0.0465
1603,99.812713,-92.705629,4.336084,1,echo,0.0497
1604,100.089437,-92.741714,4.269231,1,echo,0.0417
1605,100.359535,-92.763867,4.202824,1,echo,0.0449
1606,100.608806,-92.788893,4.136145,1,echo,0.0446
1607,100.834225,-92.819626,4.069698,1,echo,0.0473
1608,101.017657,-92.846133,4.002179,1,echo,0.0483
1609,101.165401,-92.871682,3.934192,1,echo,0.0444
1610,101.276966,-92.899517,3.866678,1,echo,0.0343
1611,101.350388,-92.921315,3.799858,1,echo,0.0363
1612,101.386661,-92.940032,3.734718,1,echo,0.0345
1613,101.404105,-92.955811,3.668815,1,echo,0.0359
1614,101.411318,-92.962470,3.602892,1,echo,0.0349
1615,101.419668,-92.957255,3.535178,1,echo,0.0489
1616,101.432980,-92.939181,3.465556,1,echo,0.0482
1617,101.450997,-92.906972,3.392779,1,echo,0.0484
1618,101.465346,-92.887871,3.315791,1,echo,0.0469
1619,101.481819,-92.875231,3.233314,1,echo,0.0452
1620,101.490289,-92.863953,3.142924,1,echo,0.0500
1621,101.500465,-92.866835,3.046594,1,echo,0.0464
1622,101.506683,-92.878320,2.937231,1,echo,0.0495
1623,101.507724,-92.908673,2.817736,1,echo,0.0480
1624,101.502372,-92.956801,2.687981,1,echo,0.0447
1625,101.501255,-92.998674,2.538312,1,echo,0.0475
1626,101.501258,-93.040356,2.381199,1,echo,0.0359
1627,101.506454,-93.085231,2.207866,1,echo,0.0363
1628,101.507689,-93.125496,2.017822,1,echo,0.0365
1629,101.503292,-93.170011,1.812634,1,echo,0.0368
1630,101.494479,-93.229589,1.593147,1,echo,0.0373
1631,101.482469,-93.288931,1.361834,1,echo,0.0394
1632,101.468480,-93.349532,1.127097,1,echo,0.0448
1633,101.453730,-93.418309,0.883904,1,echo,0.0458
1634,101.439438,-93.504666,0.606106,1,echo,0.0445
1635,101.426821,-93.620008,0.310117,1,echo,0.0433
1636,101.421543,-93.751759,0.002779,1,echo,0.0462
1637,101.411814,-93.888363,-0.313553,1,echo,0.0444
1638,101.407420,-94.041007,-0.633018,1,echo,0.0453
1639,101.409579,-94.211405,-0.966362,1,echo,0.0479
1640,101.408049,-94.387410,-1.307611,1,echo,0.0454
1641,101.406686,-94.583988,-1.649251,1,echo,0.0451
1642,101.401046,-94.787749,-1.984659,1,echo,0.0459
1643,101.400279,-94.985800,-2.306399,1,echo,0.0459
1644,101.406058,-95.196741,-2.611184,1,echo,0.0430
1645,101.417167,-95.423976,-2.916253,1,echo,0.0448
1646,101.432387,-95.674945,-3.229570,1,echo,0.0459
1647,101.450500,-95.947316,-3.533298,1,echo,0.0428
1648,101.469380,-96.232854,-3.828421,1,echo,0.0460
1649,101.479241,-96.541017,-4.122297,1,echo,0.0451
1650,101.491874,-96.863114,-4.422282,1,echo,0.0438
1651,101.492998,-97.148003,-4.750874,0,slam,0.1802
1652,101.465611,-97.475581,-5.098405,0,slam,0.1399
1653,101.476655,-97.856865,-5.443907,0,slam,0.1372
1654,101.463496,-98.230861,-5.803236,0,slam,0.1419
1655,101.491981,-98.670609,-6.164056,0,slam,0.1426
1656,101.398148,-99.046438,-6.505445,0,slam,0.1393
1657,101.427226,-99.535180,-6.882692,0,slam,0.1477
1658,101.350220,-99.941434,-7.252121,0,slam,0.1477
1659,101.327897,-100.419408,-7.632820,0,slam,0.1450
1660,101.324464,-100.938905,-8.035331,0,slam,0.1472
1661,101.320411,-101.441899,-8.438909,0,slam,0.1482
1662,101.306140,-101.801690,-8.799619,0,slam,0.1480
1663,101.341268,-102.304682,-9.079068,0,slam,0.1485
1664,101.373262,-102.842410,-9.280887,0,slam,0.1725
1665,101.415679,-103.349513,-9.392086,0,slam,0.1779
1666,101.487704,-103.913232,-9.472385,0,slam,0.1762
1667,101.595358,-104.466350,-9.528878,0,slam,0.1759
1668,101.697946,-105.010002,-9.583559,0,slam,0.1911
1669,101.848697,-105.622088,-9.629737,0,slam,0.1881
1670,102.026691,-106.149761,-9.682322,0,slam,0.1891
1671,102.259225,-106.863191,-9.732923,0,slam,0.1794
1672,102.482186,-107.499209,-9.779711,0,slam,0.1784
1673,102.776738,-108.105804,-9.860983,0,slam,0.1890
1674,103.071609,-108.740854,-9.911865,0,slam,0.1792
1675,103.382851,-109.376027,-9.985850,0,slam,0.1733
1676,103.733181,-109.970080,-10.048502,0,slam,0.1788
1677,104.112837,-110.550237,-10.111304,0,slam,0.1923
1678,104.494721,-111.151590,-10.170721,0,slam,0.1733
1679,104.895509,-111.759391,-10.221689,0,slam,0.2012
1680,105.306689,-112.345026,-10.273977,0,slam,0.1703
1681,105.723458,-112.881612,-10.337740,0,slam,0.1730
1682,106.128190,-113.408380,-10.382636,0,slam,0.1789
1683,106.609027,-114.044280,-10.426464,0,slam,0.1716
1684,107.037693,-114.532135,-10.472776,0,slam,0.1757
1685,107.478975,-115.093769,-10.521864,0,slam,0.1698
1686,107.910333,-115.602159,-10.564232,0,slam,0.1862
1687,108.385943,-116.158266,-10.622283,0,slam,0.1772
1688,108.843293,-116.681114,-10.688333,0,slam,0.1861
1689,109.266649,-117.193117,-10.747202,0,slam,0.1703
1690,109.741314,-117.723894,-10.807900,0,slam,0.1730
1691,110.182708,-118.244219,-10.871516,0,slam,0.1710
1692,110.639714,-118.752534,-10.938310,0,slam,0.1725
1693,111.091295,-119.286467,-10.992523,0,slam,0.1710
1694,111.545918,-119.791227,-11.066669,0,slam,0.1626
1695,112.024803,-120.299726,-11.118968,0,slam,0.1807
1696,112.524302,-120.833312,-11.175270,0,slam,0.2275
1697,113.024626,-121.355327,-11.235897,0,slam,0.1749
1698,113.474541,-121.840709,-11.293578,0,slam,0.1768
1699,113.927150,-122.310727,-11.347466,0,slam,0.1750
1700,114.382987,-122.816339,-11.393108,0,slam,0.1748
1701,114.840956,-123.300781,-11.448281,0,slam,0.1646
1702,115.343716,-123.793419,-11.490158,0,slam,0.1365
1703,115.795419,-124.245387,-11.541803,0,slam,0.1377
1704,116.267732,-124.724009,-11.583299,0,slam,0.1451
1705,116.723288,-125.169679,-11.621238,0,slam,0.1469
1706,117.169434,-125.576411,-11.665978,0,slam,0.1421
1707,117.622976,-125.977724,-11.712096,0,slam,0.1438
1708,118.049237,-126.359362,-11.745268,0,slam,0.1444
1709,118.480001,-126.755371,-11.777629,0,slam,0.1478
1710,118.874291,-127.094281,-11.813848,0,slam,0.1422
1711,119.289559,-127.470109,-11.842615,0,slam,0.1616
1712,119.735834,-127.834065,-11.863647,0,slam,0.1726
1713,120.100850,-128.183135,-11.889137,0,slam,0.1803
1714,120.539487,-128.500727,-11.911330,0,slam,0.1658
1715,120.864017,-128.800362,-11.936765,0,slam,0.1645
1716,121.250882,-129.120690,-11.965604,0,slam,0.1789
1717,121.628358,-129.399222,-11.994556,0,slam,0.1615
1718,121.979132,-129.694309,-12.011535,0,slam,0.1639
1719,122.331590,-129.953976,-12.040371,0,slam,0.1678
1720,122.719255,-130.240212,-12.064176,0,slam,0.1680
1721,123.071074,-130.480528,-12.076384,0,slam,0.1710
1722,123.430029,-130.737216,-12.107071,0,slam,0.1556
1723,123.751919,-130.950460,-12.142353,0,slam,0.1730
1724,124.062858,-131.195654,-12.188669,0,slam,0.1393
1725,124.372260,-131.450568,-12.277909,0,slam,0.1448
1726,124.653146,-131.685704,-12.369126,0,slam,0.1374
1727,124.933394,-131.901488,-12.484111,0,slam,0.1453
1728,125.279857,-132.184882,-12.592658,0,slam,0.1367
1729,125.570815,-132.417508,-12.723635,0,slam,0.1473
1730,125.823792,-132.659506,-12.864811,0,slam,0.1400
1731,126.081105,-132.916290,-13.011425,0,slam,0.1399
1732,126.320191,-133.160469,-13.166793,0,slam,0.1886
1733,126.540186,-133.454801,-13.318007,0,slam,0.1411
1734,126.745480,-133.744656,-13.434973,0,slam,0.1556
1735,126.914341,-134.077333,-13.523352,0,slam,0.1359
1736,127.060668,-134.395109,-13.574032,0,slam,0.1396
1737,127.199426,-134.725451,-13.610923,0,slam,0.1434
1738,127.287834,-135.069309,-13.639210,0,slam,0.1448
1739,127.407816,-135.448990,-13.673748,0,slam,0.1409
1740,127.474743,-135.815339,-13.693221,0,slam,0.1454
1741,127.495182,-136.194973,-13.717317,0,slam,0.1413
1742,127.533455,-136.651882,-13.739889,0,slam,0.1415
1743,127.541068,-137.097613,-13.765136,0,slam,0.1423
1744,127.530515,-137.585847,-13.797574,0,slam,0.1519
1745,127.460862,-138.057572,-13.816606,0,slam,0.1674
1746,127.427722,-138.571710,-13.842943,0,slam,0.1749
1747,127.349942,-139.057889,-13.873680,0,slam,0.1720
1748,127.262988,-139.631135,-13.908076,0,slam,0.1742
1749,127.092568,-140.157410,-13.952682,0,slam,0.1703
1750,126.949827,-140.707215,-13.986238,0,slam,0.1651
1751,126.766524,-141.270344,-14.023549,0,slam,0.1661
1752,126.605127,-141.866217,-14.065275,0,slam,0.2002
1753,126.411991,-142.440379,-14.106327,0,slam,0.1648
1754,126.147546,-143.068695,-14.135283,0,slam,0.1506
1755,125.923781,-143.624979,-14.176027,0,slam,0.1410
1756,125.685371,-144.198213,-14.220654,0,slam,0.1364
1757,125.397584,-144.827809,-14.248819,0,slam,0.1405
1758,125.128579,-145.428263,-14.283019,0,slam,0.1430
1759,124.811691,-146.020227,-14.316507,0,slam,0.1383
1760,124.513721,-146.604514,-14.360021,0,slam,0.1482
1761,124.131876,-147.169216,-14.395455,0,slam,0.1405
1762,123.790641,-147.760122,-14.450200,0,slam,0.1442
1763,123.411873,-148.313859,-14.479685,0,slam,0.1491
1764,123.025421,-148.955044,-14.517400,0,slam,0.1398
1765,122.604609,-149.521813,-14.553857,0,slam,0.1352
1766,122.198227,-150.121858,-14.584207,0,slam,0.1358
1767,121.752676,-150.622174,-14.627065,0,slam,0.1436
1768,121.287659,-151.192697,-14.631362,0,slam,0.1375
1769,120.809478,-151.785643,-14.637648,0,slam,0.1418
1770,120.352427,-152.356230,-14.638916,0,slam,0.1374
1771,119.841863,-152.911989,-14.641286,0,slam,0.1578
1772,119.316072,-153.479192,-14.619146,0,slam,0.1343
1773,118.817576,-154.104038,-14.597673,0,slam,0.1354
1774,118.276071,-154.588267,-14.570524,0,slam,0.1338
1775,117.716710,-155.151906,-14.513526,0,slam,0.1420
1776,117.190102,-155.744272,-14.476611,0,slam,0.1302
1777,116.608184,-156.334034,-14.436510,0,slam,0.1291
1778,116.020055,-156.846759,-14.380779,0,slam,0.1302
1779,115.436247,-157.357601,-14.308328,0,slam,0.1338
1780,114.808164,-157.928542,-14.233801,0,slam,0.1341
1781,114.228668,-158.470049,-14.169606,0,slam,0.1348
1782,113.584021,-158.957230,-14.082549,0,slam,0.1295
1783,112.970076,-159.427359,-14.024491,0,slam,0.1333
1784,112.316273,-159.933722,-13.951479,0,slam,0.1353
1785,111.623831,-160.420005,-13.872452,0,slam,0.1347
1786,110.992890,-160.847271,-13.807478,0,slam,0.1289
1787,110.332595,-161.352639,-13.766932,0,slam,0.1330
1788,109.711185,-161.785535,-13.736035,0,slam,0.1379
1789,109.174002,-162.165545,-13.707406,0,slam,0.1289
1790,108.599903,-162.617767,-13.673528,0,slam,0.1339
1791,108.074374,-163.060059,-13.642713,0,slam,0.1319
1792,107.570447,-163.495814,-13.587723,0,slam,0.1328
1793,107.049070,-163.881245,-13.545651,0,slam,0.1285
1794,106.580530,-164.360449,-13.491355,0,slam,0.1252
1795,106.122776,-164.759637,-13.465581,0,slam,0.1324
1796,105.721992,-165.158732,-13.429300,0,slam,0.1280
1797,105.283813,-165.566741,-13.384978,0,slam,0.1280
1798,104.923369,-165.937596,-13.348390,0,slam,0.1226
1799,104.600180,-166.334705,-13.292870,0,slam,0.1327
1800,104.289597,-166.733964,-13.251654,0,slam,0.1232
1801,103.969394,-167.128270,-13.196301,0,slam,0.1292
1802,103.695026,-167.510336,-13.157926,0,slam,0.1210
1803,103.389955,-167.921277,-13.117262,0,slam,0.1325
1804,103.156980,-168.366137,-13.057144,0,slam,0.1253
1805,102.886327,-168.820550,-13.019794,0,slam,0.1269
1806,102.719678,-169.258087,-12.980659,0,slam,0.1226
1807,102.480480,-169.738090,-12.944306,0,slam,0.1260
1808,102.348440,-170.178318,-12.896141,0,slam,0.1298
1809,102.213112,-170.605576,-12.866210,0,slam,0.1304
1810,102.157140,-171.101266,-12.841647,0,slam,0.1267
1811,102.086617,-171.577036,-12.826412,0,slam,0.1354
1812,102.092275,-172.104592,-12.812361,0,slam,0.1334
1813,102.113214,-172.647919,-12.814410,0,slam,0.1297
1814,102.118184,-173.228211,-12.796626,0,slam,0.1253
1815,102.190837,-173.710582,-12.825292,0,slam,0.1394
1816,102.332391,-174.266783,-12.859122,0,slam,0.1294
1817,102.494658,-174.775534,-12.890317,0,slam,0.1308
1818,102.656820,-175.336254,-12.925556,0,slam,0.1303
1819,102.859238,-175.939341,-12.968106,0,slam,0.1308
1820,103.099613,-176.494472,-12.975817,0,slam,0.1242
1821,103.392883,-177.105279,-13.026236,0,slam,0.1292
1822,103.738963,-177.712638,-13.077567,0,slam,0.1318
1823,104.094712,-178.314986,-13.129394,0,slam,0.1285
1824,104.465371,-178.855333,-13.185751,0,slam,0.1230
1825,104.935592,-179.436388,-13.190617,0,slam,0.1224
1826,105.421051,-179.948360,-13.239343,0,slam,0.1304
1827,105.894994,-180.406304,-13.284974,0,slam,0.1292
1828,106.393099,-180.887845,-13.329855,0,slam,0.1301
1829,106.885547,-181.492460,-13.310669,0,slam,0.1249
1830,107.441242,-181.985562,-13.354772,0,slam,0.1240
1831,107.964700,-182.488513,-13.397801,0,slam,0.1346
1832,108.542027,-183.041424,-13.442081,0,slam,0.1243
1833,109.126383,-183.598858,-13.490434,0,slam,0.1308
1834,109.784574,-184.160941,-13.522190,0,slam,0.1274
1835,110.457523,-184.732354,-13.568312,0,slam,0.1283
1836,111.172012,-185.182388,-13.627084,0,slam,0.1296
1837,111.911297,-185.613900,-13.670877,0,slam,0.1275
1838,112.673977,-186.012020,-13.712136,0,slam,0.1238
1839,113.464781,-186.436316,-13.738819,0,slam,0.1261
1840,114.273888,-186.833906,-13.769106,0,slam,0.1311
1841,115.075690,-187.099355,-13.796677,0,slam,0.1234
1842,115.875326,-187.361883,-13.826264,0,slam,0.1268
1843,116.734260,-187.573674,-13.841623,0,slam,0.1206
1844,117.540845,-187.745267,-13.850776,0,slam,0.1207
1845,118.271777,-187.848664,-13.872189,0,slam,0.1227
1846,119.131765,-187.912503,-13.890307,0,slam,0.1304
1847,119.984841,-187.948852,-13.901866,0,slam,0.1266
1848,120.824182,-187.952314,-13.910218,0,slam,0.1326
1849,121.650963,-187.897660,-13.918801,0,slam,0.1263
1850,122.452647,-187.820427,-13.922938,0,slam,0.1272
1851,123.216781,-187.671751,-13.928558,0,slam,0.1294
1852,124.106211,-187.502773,-13.943805,0,slam,0.1290
1853,124.927181,-187.271369,-13.944431,0,slam,0.1279
1854,125.742182,-187.036736,-13.937613,0,slam,0.1269
1855,126.492457,-186.757578,-13.932765,0,slam,0.1630
1856,127.269762,-186.457304,-13.927202,0,slam,0.1552
1857,128.050819,-186.098702,-13.917872,0,slam,0.1594
1858,128.790108,-185.717310,-13.902583,0,slam,0.1516
1859,129.453937,-185.286716,-13.888777,0,slam,0.1494
1860,130.150469,-184.834962,-13.870751,0,slam,0.1523
1861,130.790874,-184.364243,-13.844013,0,slam,0.1708
1862,131.430212,-183.840455,-13.827980,0,slam,0.1568
1863,132.064846,-183.311199,-13.802742,0,slam,0.1672
1864,132.621641,-182.715812,-13.782226,0,slam,0.1552
1865,133.179236,-182.122894,-13.751880,0,slam,0.2249
1866,133.804932,-181.424904,-13.728303,0,slam,0.1543
1867,134.271816,-180.800821,-13.692155,0,slam,0.1612
1868,134.722861,-180.089304,-13.664488,0,slam,0.1497
1869,135.115330,-179.403768,-13.617779,0,slam,0.1600
1870,135.485632,-178.665756,-13.572652,0,slam,0.1548
1871,135.827129,-177.884848,-13.531285,0,slam,0.1632
1872,136.111774,-177.114501,-13.485599,0,slam,0.1522
1873,136.366236,-176.346155,-13.433988,0,slam,0.1515
1874,136.490458,-175.603991,-13.381861,0,slam,0.1504
1875,136.658352,-174.775377,-13.325230,0,slam,0.1641
1876,136.752402,-173.961570,-13.290105,0,slam,0.1607
1877,136.815518,-173.220983,-13.220398,0,slam,0.1486
1878,136.791946,-172.468149,-13.175945,0,slam,0.1531
1879,136.772817,-171.726494,-13.125727,0,slam,0.1586
1880,136.701939,-170.981783,-13.075599,0,slam,0.2505
1881,136.586433,-170.182541,-13.018366,0,slam,0.1489
1882,136.474705,-169.410527,-12.963656,0,slam,0.2070
1883,136.321379,-168.689069,-12.919721,0,slam,0.1493
1884,136.034955,-167.989759,-12.864799,0,slam,0.1904
1885,135.824182,-167.279937,-12.808868,0,slam,0.1537
1886,135.635005,-166.417245,-12.754709,0,slam,0.2260
1887,135.418933,-165.695368,-12.691841,0,slam,0.1546
1888,135.037480,-164.912407,-12.681516,0,slam,0.1577
1889,134.805700,-164.089377,-12.632163,0,slam,0.1761
1890,134.491033,-163.160146,-12.585692,0,slam,0.1637
1891,134.272984,-162.304625,-12.534163,0,slam,0.1701
1892,134.016614,-161.372692,-12.463470,0,slam,0.1648
1893,133.833135,-160.494019,-12.402609,0,slam,0.1708
1894,133.587385,-159.538180,-12.346135,0,slam,0.1687
1895,133.405008,-158.669268,-12.285411,0,slam,0.1677
1896,133.217089,-157.754283,-12.241522,0,slam,0.1670
1897,133.080650,-156.916036,-12.186575,0,slam,0.1637
1898,132.933443,-156.056073,-12.127417,0,slam,0.1773
1899,132.754744,-155.117745,-12.055785,0,slam,0.1666
1900,132.622490,-154.341640,-12.008543,0,slam,0.1859
1901,132.513960,-153.531177,-11.954558,0,slam,0.1698
1902,132.414413,-152.674152,-11.894731,0,slam,0.1651
1903,132.341738,-151.866395,-11.851865,0,slam,0.1641
1904,132.299614,-151.091481,-11.798265,0,slam,0.1662
1905,132.228061,-150.246446,-11.743091,0,slam,0.1686
1906,132.230595,-149.485538,-11.691379,0,slam,0.1698
1907,132.225336,-148.662118,-11.642262,0,slam,0.1802
1908,132.212778,-147.923726,-11.593485,0,slam,0.1732
1909,132.249539,-147.129882,-11.535830,0,slam,0.1735
1910,132.289738,-146.432697,-11.495135,0,slam,0.1884
1911,132.278677,-145.703176,-11.439851,0,slam,0.1746
1912,132.305344,-144.890708,-11.375351,0,slam,0.1663
1913,132.307474,-144.086264,-11.316277,0,slam,0.1711
1914,132.308669,-143.296908,-11.273821,0,slam,0.1780
1915,132.330335,-142.405387,-11.215945,0,slam,0.1934
1916,132.328746,-141.536948,-11.158969,0,slam,0.1686
1917,132.318738,-140.670497,-11.108980,0,slam,0.1771
1918,132.318010,-139.751339,-11.056453,0,slam,0.1802
1919,132.292859,-138.924739,-11.008018,0,slam,0.1816
1920,132.261348,-137.923463,-10.955693,0,slam,0.1647
1921,132.201932,-136.878589,-10.886499,0,slam,0.1892
1922,132.175222,-135.952484,-10.840705,0,slam,0.1854
1923,132.084244,-134.954372,-10.788467,0,slam,0.1746
1924,131.995034,-133.964177,-10.734476,0,slam,0.1689
1925,131.916831,-133.012390,-10.691203,0,slam,0.1694
1926,131.814672,-131.991811,-10.636169,0,slam,0.1882
1927,131.695630,-130.919907,-10.561089,0,slam,0.1703
1928,131.596844,-129.896390,-10.510696,0,slam,0.1796
1929,131.457540,-128.798131,-10.426349,0,slam,0.1656
1930,131.324071,-127.757355,-10.366368,0,slam,0.1844
1931,131.169967,-126.682136,-10.301720,0,slam,0.1597
1932,131.018211,-125.660698,-10.240107,0,slam,0.1777
1933,130.848539,-124.666979,-10.180267,0,slam,0.1722
1934,130.657507,-123.693025,-10.120889,0,slam,0.1757
1935,130.490205,-122.725137,-10.053655,0,slam,0.1754
1936,130.285501,-121.764803,-9.990856,0,slam,0.1800
1937,130.128170,-120.841073,-9.907118,0,slam,0.1767
1938,129.934677,-119.956203,-9.854354,0,slam,0.1853
1939,129.718234,-119.126402,-9.791391,0,slam,0.1705
1940,129.524685,-118.301864,-9.728057,0,slam,0.1781
1941,129.292499,-117.465744,-9.672496,0,slam,0.1778
1942,129.068583,-116.679677,-9.609127,0,slam,0.1761
1943,128.947612,-115.840951,-9.506060,0,slam,0.1805
1944,128.731567,-115.142529,-9.432521,0,slam,0.1750
1945,128.531568,-114.520132,-9.355108,0,slam,0.1704
1946,128.273741,-113.883451,-9.312218,0,slam,0.1797
1947,128.007551,-113.235015,-9.280185,0,slam,0.1773
1948,127.743497,-112.463869,-9.246570,0,slam,0.1752
1949,127.489336,-111.865124,-9.200509,0,slam,0.1751
1950,127.204598,-111.180827,-9.170350,0,slam,0.1854
1951,126.912820,-110.549058,-9.116892,0,slam,0.1818
1952,126.640250,-109.867015,-9.085221,0,slam,0.1753
1953,126.366188,-109.334297,-9.037216,0,slam,0.1781
1954,126.100286,-108.734851,-9.000440,0,slam,0.1790
1955,125.815503,-108.200819,-8.964734,0,slam,0.1832
1956,125.543557,-107.643412,-8.923440,0,slam,0.1870
1957,125.248535,-107.102264,-8.884220,0,slam,0.1746
1958,124.944643,-106.555367,-8.843342,0,slam,0.1774
1959,124.634567,-106.029945,-8.803698,0,slam,0.1873
1960,124.321734,-105.510294,-8.762096,0,slam,0.1782
1961,123.997996,-104.984000,-8.724492,0,slam,0.1869
1962,123.679361,-104.492434,-8.684281,0,slam,0.1904
1963,123.323373,-103.933894,-8.639210,0,slam,0.1846
1964,123.042019,-103.498857,-8.599947,0,slam,0.1825
1965,122.656051,-102.908518,-8.553350,0,slam,0.1748
1966,122.327578,-102.360302,-8.511953,0,slam,0.1758
1967,121.982516,-101.914053,-8.472075,0,slam,0.1751
1968,121.605169,-101.347977,-8.426879,0,slam,0.1799
1969,121.279078,-100.880114,-8.387519,0,slam,0.1829
1970,120.854612,-100.339444,-8.342728,0,slam,0.1899
1971,120.492575,-99.810638,-8.297245,0,slam,0.1829
1972,120.109462,-99.243273,-8.238995,0,slam,0.1796
1973,119.702682,-98.689093,-8.200908,0,slam,0.1808
1974,119.314034,-98.162956,-8.148567,0,slam,0.1817
1975,118.899085,-97.622382,-8.097887,0,slam,0.1748
1976,118.485021,-97.078762,-8.051807,0,slam,0.1786
1977,118.044547,-96.540906,-8.014338,0,slam,0.1736
1978,117.560835,-95.960181,-7.957506,0,slam,0.1757
1979,117.105131,-95.419662,-7.913446,0,slam,0.1793
1980,116.610860,-94.871193,-7.851514,0,slam,0.2002
1981,116.119215,-94.327900,-7.811187,0,slam,0.1798
1982,115.578328,-93.775107,-7.763427,0,slam,0.1794
1983,115.107835,-93.316162,-7.735809,0,slam,0.1811
1984,114.517415,-92.764562,-7.683034,0,slam,0.1798
1985,113.967998,-92.249048,-7.627151,0,slam,0.3153
1986,113.346094,-91.676914,-7.571946,0,slam,0.1753
1987,112.737724,-91.194130,-7.513875,0,slam,0.1728
1988,112.160426,-90.749617,-7.484729,0,slam,0.1836
1989,111.533308,-90.265900,-7.433975,0,slam,0.1718
1990,110.809983,-89.807185,-7.371289,0,slam,0.1657
1991,110.173953,-89.398299,-7.322785,0,slam,0.1754
1992,109.455522,-88.936596,-7.252237,0,slam,0.1667
1993,108.702923,-88.545392,-7.199827,0,slam,0.1645
1994,107.907132,-88.176704,-7.125557,0,slam,0.1849
1995,107.144515,-87.867671,-7.080516,0,slam,0.1682
1996,106.361101,-87.558513,-7.030677,0,slam,0.1789
1997,105.520287,-87.249832,-6.968249,0,slam,0.1770
1998,104.744783,-87.025945,-6.940101,0,slam,0.1737
1999,103.915032,-86.783900,-6.877908,0,slam,0.1696
2000,103.055141,-86.526020,-6.816450,0,slam,0.1762
2001,102.234930,-86.362207,-6.790249,0,slam,0.1696
2002,101.351173,-86.146263,-6.729512,0,slam,0.1373
2003,100.432379,-85.920857,-6.653061,0,slam,0.1393
2004,99.561657,-85.765266,-6.613135,0,slam,0.1347
2005,98.716943,-85.596737,-6.566785,0,slam,0.1381
2006,97.818474,-85.466100,-6.488795,0,slam,0.1374
2007,96.910135,-85.278754,-6.422619,0,slam,0.1354
2008,96.033335,-85.252962,-6.390646,0,slam,0.1446
2009,95.094658,-85.207267,-6.389575,0,slam,0.1391
2010,94.253283,-85.200568,-6.355568,0,slam,0.1392
2011,93.309877,-85.216950,-6.345931,0,slam,0.1396
2012,92.485440,-85.176975,-6.273491,0,slam,0.1430
2013,91.592149,-85.151732,-6.187849,0,slam,0.1342
2014,90.695900,-85.218558,-6.137398,0,slam,0.1326
2015,89.885609,-85.265884,-6.122883,0,slam,0.1383
2016,89.025138,-85.348464,-6.074481,0,slam,0.1338
2017,88.316575,-85.507127,-6.081510,0,slam,0.1419
2018,87.483238,-85.610832,-6.062196,0,slam,0.1410
2019,86.651106,-85.739198,-6.015188,0,slam,0.1344
2020,85.873056,-85.912051,-5.991996,0,slam,0.1404
2021,85.188233,-86.049274,-6.017423,0,slam,0.1327
2022,84.495199,-86.220339,-5.995404,0,slam,0.1333
2023,83.759034,-86.392761,-6.027454,0,slam,0.1459
2024,83.070426,-86.568773,-6.084035,0,slam,0.1360
2025,82.252238,-86.705857,-6.135850,0,slam,0.1351
2026,81.698361,-86.848537,-6.173550,0,slam,0.1312
2027,81.015980,-87.057716,-6.211929,0,slam,0.1347
2028,80.373915,-87.173633,-6.216723,0,slam,0.1432
2029,79.768648,-87.254942,-6.187290,0,slam,0.1317
2030,79.176944,-87.361530,-6.188821,0,slam,0.1340
2031,78.573050,-87.439160,-6.199028,0,slam,0.1349
2032,77.981399,-87.519206,-6.240800,0,slam,0.1503
2033,77.563401,-87.643048,-6.286523,0,slam,0.1333
2034,77.211026,-87.614428,-6.299878,0,slam,0.1420
2035,76.961628,-87.696334,-6.369464,0,slam,0.1380
2036,76.855690,-87.651014,-6.392944,0,slam,0.1367
2037,76.720647,-87.656118,-6.427282,0,slam,0.1307
2038,76.737827,-87.683790,-6.483967,0,slam,0.1348
2039,76.670061,-87.711875,-6.556336,0,slam,0.1344
2040,76.607936,-87.737999,-6.653008,0,slam,0.1476
2041,76.636284,-87.773477,-6.786851,0,slam,0.1359
2042,76.657350,-87.747621,-6.911726,0,slam,0.1360
2043,76.624488,-87.741168,-7.023513,0,slam,0.1352
2044,76.569461,-87.732553,-7.126397,0,slam,0.1397
2045,76.471657,-87.755486,-7.238852,0,slam,0.1324
2046,76.315314,-87.743134,-7.336133,0,slam,0.1371
2047,76.189292,-87.801090,-7.443658,0,slam,0.1330
2048,75.993659,-87.828522,-7.528028,0,slam,0.1318
2049,75.676735,-87.842217,-7.575338,0,slam,0.1356
2050,75.414628,-87.840807,-7.627682,0,slam,0.1421
2051,75.061268,-87.860281,-7.658557,0,slam,0.1235
2052,74.591557,-87.887558,-7.666982,0,slam,0.1323
2053,74.022606,-87.974079,-7.688580,0,slam,0.1342
2054,73.504353,-87.945967,-7.664591,0,slam,0.1304
2055,72.938408,-87.958025,-7.659810,0,slam,0.1313
2056,72.211946,-88.035702,-7.643870,0,slam,0.1349
2057,71.517008,-88.057930,-7.636813,0,slam,0.1330
2058,70.775658,-88.147068,-7.643765,0,slam,0.1286
2059,69.977877,-88.117893,-7.637364,0,slam,0.1336
2060,69.126138,-88.210572,-7.612790,0,slam,0.1305
2061,68.299594,-88.228220,-7.609545,0,slam,0.1405
2062,67.326418,-88.275509,-7.598831,0,slam,0.1306
2063,66.479664,-88.308889,-7.595292,0,slam,0.1292
2064,65.586730,-88.338415,-7.612553,0,slam,0.1251
2065,64.662083,-88.429032,-7.633888,0,slam,0.1201
2066,63.757442,-88.411622,-7.638015,0,slam,0.1210
2067,62.956686,-88.443565,-7.662244,0,slam,0.1182
2068,62.262317,-88.499983,-7.657432,0,slam,0.1205
2069,61.560490,-88.574126,-7.672713,0,slam,0.1256
2070,61.021630,-88.555876,-7.655721,0,slam,0.1264
2071,60.587847,-88.548858,-7.624428,0,slam,0.1346
2072,60.219734,-88.636063,-7.620343,0,slam,0.1382
2073,59.850581,-88.610686,-7.615305,0,slam,0.1280
2074,59.715342,-88.624937,-7.581688,0,slam,0.1304
2075,59.542343,-88.650481,-7.566027,0,slam,0.1296
2076,59.468441,-88.637942,-7.551798,0,slam,0.1214
2077,59.551790,-88.659300,-7.537046,0,slam,0.1303
2078,59.578818,-88.598892,-7.524435,0,slam,0.1343
2079,59.725883,-88.595536,-7.514367,0,slam,0.1214
2080,59.996755,-88.597039,-7.509024,0,slam,0.1209
2081,60.324628,-88.563002,-7.505263,0,slam,0.1217
2082,60.648022,-88.567795,-7.490032,0,slam,0.1213
2083,61.068695,-88.530869,-7.483319,0,slam,0.1229
2084,61.565626,-88.507884,-7.476346,0,slam,0.1268
2085,62.097478,-88.507593,-7.459385,0,slam,0.1311
2086,62.769537,-88.479949,-7.410227,0,slam,0.1569
2087,63.325271,-88.449818,-7.319809,0,slam,0.1472
2088,64.013765,-88.410886,-7.139141,0,slam,0.1534
2089,64.735269,-88.458855,-6.926280,0,slam,0.1515
2090,65.572855,-88.484300,-6.629990,0,slam,0.1499
2091,66.384094,-88.398286,-6.296472,0,slam,0.1695
2092,67.286249,-88.413945,-6.000119,0,slam,0.1545
2093,68.304661,-88.363020,-5.675276,0,slam,0.1524
2094,69.166604,-88.388590,-5.374669,0,slam,0.1483
2095,70.255931,-88.346402,-5.079858,0,slam,0.1562
2096,71.290971,-88.388460,-4.775019,0,slam,0.1293
2097,72.352541,-88.336261,-4.450305,0,slam,0.1379
2098,73.431585,-88.300221,-4.152392,0,slam,0.1269
2099,74.592421,-88.288621,-3.837962,0,slam,0.1346
2100,75.706560,-88.217517,-3.504541,0,slam,0.1339
2101,76.926850,-88.206775,-3.212513,0,slam,0.1336
2102,78.041582,-88.173720,-2.891241,0,slam,0.1298
2103,79.239112,-88.130470,-2.583495,0,slam,0.1394
2104,80.477694,-88.120394,-2.283378,0,slam,0.1335
2105,81.756261,-88.102383,-1.979029,0,slam,0.1438
2106,82.919722,-88.077905,-1.677541,0,slam,0.1511
2107,84.099920,-88.082048,-1.407266,0,slam,0.1338
2108,85.038007,-88.095063,-1.111832,0,slam,0.1392
2109,86.009601,-88.036523,-0.836050,0,slam,0.1434
2110,86.886562,-88.029975,-0.556923,0,slam,0.1383
2111,87.671967,-88.020587,-0.255832,0,slam,0.1380
2112,88.331573,-88.007254,0.046673,0,slam,0.1387
2113,88.806629,-87.992502,0.372138,0,slam,0.1386
2114,89.277522,-88.031655,0.693144,0,slam,0.1414
2115,89.691037,-88.069386,1.046307,0,slam,0.1453
2116,90.033816,-88.093040,1.473228,0,slam,0.1401
2117,90.411685,-88.170958,1.950382,0,slam,0.1435
2118,90.770298,-88.221573,2.489638,0,slam,0.1376
2119,91.018071,-88.355181,3.101746,0,slam,0.1508
2120,91.237452,-88.522928,3.756030,0,slam,0.1425
2121,91.520195,-88.664633,4.424493,0,slam,0.1412
2122,91.638474,-88.932595,5.088654,0,slam,0.1372
2123,91.803885,-89.204193,5.734945,0,slam,0.1337
2124,92.049938,-89.500358,6.365830,0,slam,0.1562
2125,92.152575,-89.841956,6.991320,0,slam,0.1422
2126,92.376824,-90.223925,7.593646,0,slam,0.1332
2127,92.501072,-90.608259,8.143097,0,slam,0.1382
2128,92.646147,-91.068462,8.663405,0,slam,0.1342
2129,92.773660,-91.562014,9.124370,0,slam,0.1348
2130,92.962732,-92.041834,9.574102,0,slam,0.1462
2131,93.027275,-92.552336,9.959601,0,slam,0.1429
2132,93.127112,-93.050572,10.275745,0,slam,0.1424
2133,93.241221,-93.549544,10.513570,0,slam,0.1411
2134,93.405839,-93.972023,10.676074,0,slam,0.1613
2135,93.549985,-94.387667,10.757386,0,slam,0.1697
2136,93.774059,-94.770474,10.823021,0,slam,0.1848
2137,93.970277,-95.167777,10.845133,0,slam,0.1720
2138,94.195537,-95.503691,10.902066,0,slam,0.1695
2139,94.464637,-95.816931,10.995403,0,slam,0.1609
2140,94.769721,-96.140143,11.105537,0,slam,0.1731
2141,95.038944,-96.394394,11.273127,0,slam,0.1732
2142,95.409825,-96.656699,11.452076,0,slam,0.1701
2143,95.802758,-96.878681,11.667127,0,slam,0.1383
2144,96.235350,-97.087049,11.868551,0,slam,0.1450
2145,96.752952,-97.253889,12.104947,0,slam,0.1475
2146,97.311698,-97.396772,12.354492,0,slam,0.1423
2147,97.902895,-97.519622,12.581134,0,slam,0.2099
2148,98.557330,-97.635123,12.788948,0,slam,0.1432
2149,99.277694,-97.672632,13.013336,0,slam,0.1414
2150,100.013893,-97.710449,13.225859,0,slam,0.1842
2151,100.790967,-97.784566,13.393907,0,slam,0.1712
2152,101.501423,-97.786438,13.548644,0,slam,0.1835
2153,102.204883,-97.758539,13.704367,0,slam,0.1733
2154,102.881891,-97.764832,13.833457,0,slam,0.1752
2155,103.464182,-97.712089,13.959722,0,slam,0.1763
2156,104.117204,-97.677823,14.052626,0,slam,0.1777
2157,104.649614,-97.623020,14.110031,0,slam,0.1745
2158,105.171352,-97.523718,14.160245,0,slam,0.1837
2159,105.693298,-97.401222,14.200768,0,slam,0.1671
2160,106.115206,-97.264701,14.216807,0,slam,0.1792
2161,106.507688,-97.101418,14.236439,0,slam,0.1823
2162,106.856601,-96.929958,14.259129,0,slam,0.1709
2163,107.146210,-96.724650,14.276858,0,slam,0.1690
2164,107.379885,-96.516341,14.296816,0,slam,0.1724
2165,107.567980,-96.325395,14.306478,0,slam,0.1444
2166,107.748041,-96.108438,14.372482,0,slam,0.1461
2167,107.873922,-95.903139,14.515424,0,slam,0.1378
2168,107.973956,-95.723967,14.746670,0,slam,0.1473
2169,108.047816,-95.530734,15.093180,0,slam,0.1443
2170,108.092034,-95.381560,15.525514,0,slam,0.1434
2171,108.091463,-95.235541,16.060856,0,slam,0.1478
2172,108.038499,-95.110695,16.637428,0,slam,0.1498
2173,107.897759,-95.027645,17.235114,0,slam,0.1876
2174,107.652466,-94.919363,17.820762,0,slam,0.1689
2175,107.283891,-94.813166,18.370797,0,slam,0.1721
2176,106.852399,-94.750412,18.826810,0,slam,0.1664
2177,106.307928,-94.680661,19.252063,0,slam,0.1686
2178,105.728381,-94.635359,19.669106,0,slam,0.1687
2179,105.102547,-94.576740,20.097997,0,slam,0.1665
2180,104.435897,-94.477215,20.536342,0,slam,0.1685
2181,103.722283,-94.449021,20.911264,0,slam,0.1711
2182,103.058213,-94.343728,21.334045,0,slam,0.1428
2183,102.355674,-94.318589,21.667708,0,slam,0.1332
2184,101.721867,-94.220948,22.024686,0,slam,0.1446
2185,101.124773,-94.155240,22.338540,0,slam,0.1380
2186,100.596054,-94.093692,22.599377,0,slam,0.1359
2187,100.068480,-94.039021,22.775565,0,slam,0.1332
2188,99.648365,-93.971157,22.904747,0,slam,0.1311
2189,99.251325,-93.914080,22.981054,0,slam,0.1260
2190,98.893340,-93.869952,23.042632,0,slam,0.1342
2191,98.483851,-93.819911,23.118276,0,slam,0.1621
2192,98.167614,-93.766901,23.218694,0,slam,0.1647
2193,97.885719,-93.723826,23.322534,0,slam,0.1656
2194,97.653360,-93.657864,23.476337,0,slam,0.1609
2195,97.431325,-93.622150,23.649551,0,slam,0.1635
2196,97.264742,-93.596214,23.835809,0,slam,0.1590
2197,97.165476,-93.566755,24.038532,0,slam,0.1637
2198,97.139261,-93.571464,24.275802,0,slam,0.1618
2199,97.135745,-93.542491,24.528394,0,slam,0.1334
2200,97.208650,-93.556729,24.792424,0,slam,0.1299
2201,97.350105,-93.546483,25.071274,0,slam,0.1311
2202,97.491848,-93.544114,25.366885,0,slam,0.1352
2203,97.721008,-93.593635,25.665563,0,slam,0.1327
2204,97.987479,-93.598017,25.969826,0,slam,0.1377
2205,98.301411,-93.645323,26.271281,0,slam,0.1402
2206,98.631121,-93.707269,26.566671,0,slam,0.1576
2207,98.992332,-93.769994,26.830205,0,slam,0.1570
2208,99.368727,-93.836862,27.037269,0,slam,0.1512
2209,99.698893,-93.908142,27.177317,0,slam,0.1228
2210,100.043179,-94.009773,27.256633,0,slam,0.1270
2211,100.254950,-94.043873,27.267066,0,slam,0.1639
2212,100.417363,-94.068595,27.236669,0,slam,0.1368
2213,100.582959,-94.085255,27.216997,0,slam,0.1339
2214,100.720431,-94.093912,27.204567,0,slam,0.1253
2215,100.864452,-94.122194,27.198695,0,slam,0.1292
2216,100.963309,-94.128916,27.201432,0,slam,0.1310
2217,101.062503,-94.164521,27.196477,0,slam,0.1363
2218,101.148488,-94.170624,27.205607,0,slam,0.1292
2219,101.223685,-94.190619,27.269598,0,slam,0.1322
2220,101.295611,-94.192641,27.421582,0,slam,0.1242
2221,101.362466,-94.213595,27.662063,0,slam,0.1317
2222,101.429511,-94.253254,27.992635,0,slam,0.1282
2223,101.450797,-94.266935,28.351348,0,slam,0.1234
2224,101.451921,-94.300353,28.726729,0,slam,0.1279
2225,101.432200,-94.337709,29.106161,0,slam,0.1333
2226,101.418754,-94.382458,29.476419,0,slam,0.1287
2227,101.394100,-94.440865,29.849398,0,slam,0.1316
2228,101.341463,-94.512751,30.224335,0,slam,0.1296
2229,101.285184,-94.614264,30.588789,0,slam,0.1251
2230,101.215695,-94.698099,30.955005,0,slam,0.1275
2231,101.147427,-94.829559,31.319898,0,slam,0.1244
2232,101.066856,-94.978332,31.676905,0,slam,0.1276
2233,101.008424,-95.140728,32.035512,0,slam,0.1277
2234,100.920631,-95.339379,32.390730,0,slam,0.1232
2235,100.853773,-95.554755,32.739539,0,slam,0.1215
2236,100.801315,-95.802546,33.091687,0,slam,0.1256
2237,100.736139,-96.021019,33.437864,0,slam,0.1270
2238,100.685272,-96.240128,33.785135,0,slam,0.1290
2239,100.615632,-96.436018,34.123688,0,slam,0.1217
2240,100.573811,-96.597856,34.454971,0,slam,0.1307
2241,100.547533,-96.711366,34.799822,0,slam,0.1287
2242,100.537989,-96.788058,35.153194,0,slam,0.1224
2243,100.531703,-96.831211,35.515980,0,slam,0.1310
2244,100.519848,-96.857908,35.875138,0,slam,0.1397
2245,100.542935,-96.895452,36.234814,0,slam,0.1337
2246,100.563215,-96.926436,36.593657,0,slam,0.1294
2247,100.576573,-96.955092,36.951323,0,slam,0.1275
2248,100.597145,-96.991760,37.304789,0,slam,0.1315
2249,100.618272,-97.026094,37.658522,0,slam,0.1381
